--
-- PostgreSQL database dump
--

-- Dumped from database version 16.3
-- Dumped by pg_dump version 16.3

-- Started on 2026-04-23 20:46:22

SET statement_timeout = 0;
SET lock_timeout = 0;
SET idle_in_transaction_session_timeout = 0;
SET client_encoding = 'UTF8';
SET standard_conforming_strings = on;
SELECT pg_catalog.set_config('search_path', '', false);
SET check_function_bodies = false;
SET xmloption = content;
SET client_min_messages = warning;
SET row_security = off;

SET default_tablespace = '';

SET default_table_access_method = heap;

--
-- TOC entry 226 (class 1259 OID 225075)
-- Name: answer_type; Type: TABLE; Schema: public; Owner: postgres
--

CREATE TABLE public.answer_type (
    id bigint NOT NULL,
    answer_type_name character varying(50) NOT NULL,
    answer_type_description text
);


ALTER TABLE public.answer_type OWNER TO postgres;

--
-- TOC entry 225 (class 1259 OID 225074)
-- Name: answer_type_id_seq; Type: SEQUENCE; Schema: public; Owner: postgres
--

ALTER TABLE public.answer_type ALTER COLUMN id ADD GENERATED BY DEFAULT AS IDENTITY (
    SEQUENCE NAME public.answer_type_id_seq
    START WITH 1
    INCREMENT BY 1
    NO MINVALUE
    NO MAXVALUE
    CACHE 1
);


--
-- TOC entry 236 (class 1259 OID 225119)
-- Name: assignment_status; Type: TABLE; Schema: public; Owner: postgres
--

CREATE TABLE public.assignment_status (
    id bigint NOT NULL,
    assignment_status_name character varying(50) NOT NULL,
    CONSTRAINT assignment_status_valid_chars CHECK (((assignment_status_name)::text ~ '^[а-яА-Яa-zA-Z_\- ]+$'::text))
);


ALTER TABLE public.assignment_status OWNER TO postgres;

--
-- TOC entry 235 (class 1259 OID 225118)
-- Name: assignment_status_id_seq; Type: SEQUENCE; Schema: public; Owner: postgres
--

ALTER TABLE public.assignment_status ALTER COLUMN id ADD GENERATED BY DEFAULT AS IDENTITY (
    SEQUENCE NAME public.assignment_status_id_seq
    START WITH 1
    INCREMENT BY 1
    NO MINVALUE
    NO MAXVALUE
    CACHE 1
);


--
-- TOC entry 276 (class 1259 OID 225295)
-- Name: assignment_submission_file; Type: TABLE; Schema: public; Owner: postgres
--

CREATE TABLE public.assignment_submission_file (
    id bigint NOT NULL,
    file character varying(100) NOT NULL,
    uploaded_at timestamp with time zone NOT NULL,
    file_name character varying(255) NOT NULL,
    file_size bigint NOT NULL,
    description character varying(500),
    user_assignment_id bigint NOT NULL,
    CONSTRAINT assignment_file_size_check CHECK ((file_size >= 0))
);


ALTER TABLE public.assignment_submission_file OWNER TO postgres;

--
-- TOC entry 275 (class 1259 OID 225294)
-- Name: assignment_submission_file_id_seq; Type: SEQUENCE; Schema: public; Owner: postgres
--

ALTER TABLE public.assignment_submission_file ALTER COLUMN id ADD GENERATED BY DEFAULT AS IDENTITY (
    SEQUENCE NAME public.assignment_submission_file_id_seq
    START WITH 1
    INCREMENT BY 1
    NO MINVALUE
    NO MAXVALUE
    CACHE 1
);


--
-- TOC entry 222 (class 1259 OID 225035)
-- Name: auth_group; Type: TABLE; Schema: public; Owner: postgres
--

CREATE TABLE public.auth_group (
    id integer NOT NULL,
    name character varying(150) NOT NULL
);


ALTER TABLE public.auth_group OWNER TO postgres;

--
-- TOC entry 221 (class 1259 OID 225034)
-- Name: auth_group_id_seq; Type: SEQUENCE; Schema: public; Owner: postgres
--

ALTER TABLE public.auth_group ALTER COLUMN id ADD GENERATED BY DEFAULT AS IDENTITY (
    SEQUENCE NAME public.auth_group_id_seq
    START WITH 1
    INCREMENT BY 1
    NO MINVALUE
    NO MAXVALUE
    CACHE 1
);


--
-- TOC entry 224 (class 1259 OID 225043)
-- Name: auth_group_permissions; Type: TABLE; Schema: public; Owner: postgres
--

CREATE TABLE public.auth_group_permissions (
    id integer NOT NULL,
    group_id integer NOT NULL,
    permission_id integer NOT NULL
);


ALTER TABLE public.auth_group_permissions OWNER TO postgres;

--
-- TOC entry 223 (class 1259 OID 225042)
-- Name: auth_group_permissions_id_seq; Type: SEQUENCE; Schema: public; Owner: postgres
--

ALTER TABLE public.auth_group_permissions ALTER COLUMN id ADD GENERATED BY DEFAULT AS IDENTITY (
    SEQUENCE NAME public.auth_group_permissions_id_seq
    START WITH 1
    INCREMENT BY 1
    NO MINVALUE
    NO MAXVALUE
    CACHE 1
);


--
-- TOC entry 220 (class 1259 OID 225029)
-- Name: auth_permission; Type: TABLE; Schema: public; Owner: postgres
--

CREATE TABLE public.auth_permission (
    id integer NOT NULL,
    name character varying(255) NOT NULL,
    content_type_id integer NOT NULL,
    codename character varying(100) NOT NULL
);


ALTER TABLE public.auth_permission OWNER TO postgres;

--
-- TOC entry 219 (class 1259 OID 225028)
-- Name: auth_permission_id_seq; Type: SEQUENCE; Schema: public; Owner: postgres
--

ALTER TABLE public.auth_permission ALTER COLUMN id ADD GENERATED BY DEFAULT AS IDENTITY (
    SEQUENCE NAME public.auth_permission_id_seq
    START WITH 1
    INCREMENT BY 1
    NO MINVALUE
    NO MAXVALUE
    CACHE 1
);


--
-- TOC entry 268 (class 1259 OID 225257)
-- Name: certificate; Type: TABLE; Schema: public; Owner: postgres
--

CREATE TABLE public.certificate (
    id bigint NOT NULL,
    certificate_number character varying(50) NOT NULL,
    issue_date date NOT NULL,
    certificate_file_path character varying(500),
    user_course_id bigint NOT NULL,
    CONSTRAINT certificate_number_format CHECK (((certificate_number)::text ~ '^[A-Z0-9\-_]+$'::text))
);


ALTER TABLE public.certificate OWNER TO postgres;

--
-- TOC entry 267 (class 1259 OID 225256)
-- Name: certificate_id_seq; Type: SEQUENCE; Schema: public; Owner: postgres
--

ALTER TABLE public.certificate ALTER COLUMN id ADD GENERATED BY DEFAULT AS IDENTITY (
    SEQUENCE NAME public.certificate_id_seq
    START WITH 1
    INCREMENT BY 1
    NO MINVALUE
    NO MAXVALUE
    CACHE 1
);


--
-- TOC entry 252 (class 1259 OID 225184)
-- Name: choice_option; Type: TABLE; Schema: public; Owner: postgres
--

CREATE TABLE public.choice_option (
    id bigint NOT NULL,
    option_text text NOT NULL,
    is_correct boolean NOT NULL,
    question_id bigint NOT NULL
);


ALTER TABLE public.choice_option OWNER TO postgres;

--
-- TOC entry 251 (class 1259 OID 225183)
-- Name: choice_option_id_seq; Type: SEQUENCE; Schema: public; Owner: postgres
--

ALTER TABLE public.choice_option ALTER COLUMN id ADD GENERATED BY DEFAULT AS IDENTITY (
    SEQUENCE NAME public.choice_option_id_seq
    START WITH 1
    INCREMENT BY 1
    NO MINVALUE
    NO MAXVALUE
    CACHE 1
);


--
-- TOC entry 240 (class 1259 OID 225138)
-- Name: course; Type: TABLE; Schema: public; Owner: postgres
--

CREATE TABLE public.course (
    id bigint NOT NULL,
    course_name character varying(200) NOT NULL,
    course_description text,
    course_price numeric(10,2),
    course_photo_path character varying(100),
    has_certificate boolean NOT NULL,
    course_max_places integer,
    course_hours integer NOT NULL,
    is_completed boolean NOT NULL,
    code_link character varying(200),
    is_active boolean NOT NULL,
    created_at timestamp with time zone NOT NULL,
    created_by_id bigint,
    course_category_id bigint,
    course_type_id bigint NOT NULL,
    is_find_teacher boolean,
    CONSTRAINT course_hours_positive_check CHECK ((course_hours > 0)),
    CONSTRAINT course_max_places_positive_check CHECK (((course_max_places IS NULL) OR (course_max_places > 0))),
    CONSTRAINT course_price_non_negative_check CHECK (((course_price IS NULL) OR (course_price >= (0)::numeric)))
);


ALTER TABLE public.course OWNER TO postgres;

--
-- TOC entry 238 (class 1259 OID 225128)
-- Name: course_category; Type: TABLE; Schema: public; Owner: postgres
--

CREATE TABLE public.course_category (
    id bigint NOT NULL,
    course_category_name character varying(100) NOT NULL,
    CONSTRAINT course_category_name_valid_chars CHECK (((course_category_name)::text ~ '^[а-яА-Яa-zA-Z0-9_\- ]+$'::text)),
    CONSTRAINT course_category_not_only_spaces CHECK ((NOT ((course_category_name)::text ~ '^\s*$'::text)))
);


ALTER TABLE public.course_category OWNER TO postgres;

--
-- TOC entry 237 (class 1259 OID 225127)
-- Name: course_category_id_seq; Type: SEQUENCE; Schema: public; Owner: postgres
--

ALTER TABLE public.course_category ALTER COLUMN id ADD GENERATED BY DEFAULT AS IDENTITY (
    SEQUENCE NAME public.course_category_id_seq
    START WITH 1
    INCREMENT BY 1
    NO MINVALUE
    NO MAXVALUE
    CACHE 1
);


--
-- TOC entry 239 (class 1259 OID 225137)
-- Name: course_id_seq; Type: SEQUENCE; Schema: public; Owner: postgres
--

ALTER TABLE public.course ALTER COLUMN id ADD GENERATED BY DEFAULT AS IDENTITY (
    SEQUENCE NAME public.course_id_seq
    START WITH 1
    INCREMENT BY 1
    NO MINVALUE
    NO MAXVALUE
    CACHE 1
);


--
-- TOC entry 280 (class 1259 OID 225309)
-- Name: course_teacher; Type: TABLE; Schema: public; Owner: postgres
--

CREATE TABLE public.course_teacher (
    id bigint NOT NULL,
    start_date date,
    is_active boolean NOT NULL,
    course_id bigint NOT NULL,
    teacher_id bigint NOT NULL
);


ALTER TABLE public.course_teacher OWNER TO postgres;

--
-- TOC entry 279 (class 1259 OID 225308)
-- Name: course_teacher_id_seq; Type: SEQUENCE; Schema: public; Owner: postgres
--

ALTER TABLE public.course_teacher ALTER COLUMN id ADD GENERATED BY DEFAULT AS IDENTITY (
    SEQUENCE NAME public.course_teacher_id_seq
    START WITH 1
    INCREMENT BY 1
    NO MINVALUE
    NO MAXVALUE
    CACHE 1
);


--
-- TOC entry 228 (class 1259 OID 225085)
-- Name: course_type; Type: TABLE; Schema: public; Owner: postgres
--

CREATE TABLE public.course_type (
    id bigint NOT NULL,
    course_type_name character varying(100) NOT NULL,
    course_type_description text
);


ALTER TABLE public.course_type OWNER TO postgres;

--
-- TOC entry 227 (class 1259 OID 225084)
-- Name: course_type_id_seq; Type: SEQUENCE; Schema: public; Owner: postgres
--

ALTER TABLE public.course_type ALTER COLUMN id ADD GENERATED BY DEFAULT AS IDENTITY (
    SEQUENCE NAME public.course_type_id_seq
    START WITH 1
    INCREMENT BY 1
    NO MINVALUE
    NO MAXVALUE
    CACHE 1
);


--
-- TOC entry 282 (class 1259 OID 225597)
-- Name: django_admin_log; Type: TABLE; Schema: public; Owner: postgres
--

CREATE TABLE public.django_admin_log (
    id integer NOT NULL,
    action_time timestamp with time zone NOT NULL,
    object_id text,
    object_repr character varying(200) NOT NULL,
    action_flag smallint NOT NULL,
    change_message text NOT NULL,
    content_type_id integer,
    user_id bigint NOT NULL,
    CONSTRAINT django_admin_log_action_flag_check CHECK ((action_flag >= 0))
);


ALTER TABLE public.django_admin_log OWNER TO postgres;

--
-- TOC entry 281 (class 1259 OID 225596)
-- Name: django_admin_log_id_seq; Type: SEQUENCE; Schema: public; Owner: postgres
--

ALTER TABLE public.django_admin_log ALTER COLUMN id ADD GENERATED BY DEFAULT AS IDENTITY (
    SEQUENCE NAME public.django_admin_log_id_seq
    START WITH 1
    INCREMENT BY 1
    NO MINVALUE
    NO MAXVALUE
    CACHE 1
);


--
-- TOC entry 218 (class 1259 OID 225021)
-- Name: django_content_type; Type: TABLE; Schema: public; Owner: postgres
--

CREATE TABLE public.django_content_type (
    id integer NOT NULL,
    app_label character varying(100) NOT NULL,
    model character varying(100) NOT NULL
);


ALTER TABLE public.django_content_type OWNER TO postgres;

--
-- TOC entry 217 (class 1259 OID 225020)
-- Name: django_content_type_id_seq; Type: SEQUENCE; Schema: public; Owner: postgres
--

ALTER TABLE public.django_content_type ALTER COLUMN id ADD GENERATED BY DEFAULT AS IDENTITY (
    SEQUENCE NAME public.django_content_type_id_seq
    START WITH 1
    INCREMENT BY 1
    NO MINVALUE
    NO MAXVALUE
    CACHE 1
);


--
-- TOC entry 216 (class 1259 OID 225013)
-- Name: django_migrations; Type: TABLE; Schema: public; Owner: postgres
--

CREATE TABLE public.django_migrations (
    id integer NOT NULL,
    app character varying(255) NOT NULL,
    name character varying(255) NOT NULL,
    applied timestamp with time zone NOT NULL
);


ALTER TABLE public.django_migrations OWNER TO postgres;

--
-- TOC entry 215 (class 1259 OID 225012)
-- Name: django_migrations_id_seq; Type: SEQUENCE; Schema: public; Owner: postgres
--

ALTER TABLE public.django_migrations ALTER COLUMN id ADD GENERATED BY DEFAULT AS IDENTITY (
    SEQUENCE NAME public.django_migrations_id_seq
    START WITH 1
    INCREMENT BY 1
    NO MINVALUE
    NO MAXVALUE
    CACHE 1
);


--
-- TOC entry 283 (class 1259 OID 225617)
-- Name: django_session; Type: TABLE; Schema: public; Owner: postgres
--

CREATE TABLE public.django_session (
    session_key character varying(40) NOT NULL,
    session_data text NOT NULL,
    expire_date timestamp with time zone NOT NULL
);


ALTER TABLE public.django_session OWNER TO postgres;

--
-- TOC entry 287 (class 1259 OID 294244)
-- Name: favorite_course; Type: TABLE; Schema: public; Owner: postgres
--

CREATE TABLE public.favorite_course (
    id bigint NOT NULL,
    added_at timestamp with time zone NOT NULL,
    course_id bigint NOT NULL,
    user_id bigint NOT NULL
);


ALTER TABLE public.favorite_course OWNER TO postgres;

--
-- TOC entry 286 (class 1259 OID 294243)
-- Name: favorite_course_id_seq; Type: SEQUENCE; Schema: public; Owner: postgres
--

ALTER TABLE public.favorite_course ALTER COLUMN id ADD GENERATED BY DEFAULT AS IDENTITY (
    SEQUENCE NAME public.favorite_course_id_seq
    START WITH 1
    INCREMENT BY 1
    NO MINVALUE
    NO MAXVALUE
    CACHE 1
);


--
-- TOC entry 274 (class 1259 OID 225285)
-- Name: feedback; Type: TABLE; Schema: public; Owner: postgres
--

CREATE TABLE public.feedback (
    id bigint NOT NULL,
    score integer,
    is_passed boolean,
    comment_feedback text,
    given_at timestamp with time zone NOT NULL,
    given_by_id bigint,
    user_practical_assignment_id bigint NOT NULL
);


ALTER TABLE public.feedback OWNER TO postgres;

--
-- TOC entry 273 (class 1259 OID 225284)
-- Name: feedback_id_seq; Type: SEQUENCE; Schema: public; Owner: postgres
--

ALTER TABLE public.feedback ALTER COLUMN id ADD GENERATED BY DEFAULT AS IDENTITY (
    SEQUENCE NAME public.feedback_id_seq
    START WITH 1
    INCREMENT BY 1
    NO MINVALUE
    NO MAXVALUE
    CACHE 1
);


--
-- TOC entry 242 (class 1259 OID 225146)
-- Name: lecture; Type: TABLE; Schema: public; Owner: postgres
--

CREATE TABLE public.lecture (
    id bigint NOT NULL,
    lecture_name character varying(200) NOT NULL,
    lecture_content text NOT NULL,
    lecture_document_path character varying(100),
    lecture_order integer NOT NULL,
    is_active boolean NOT NULL,
    created_at timestamp with time zone NOT NULL,
    updated_at timestamp with time zone NOT NULL,
    course_id bigint NOT NULL,
    CONSTRAINT lecture_order_positive_check CHECK ((lecture_order > 0))
);


ALTER TABLE public.lecture OWNER TO postgres;

--
-- TOC entry 241 (class 1259 OID 225145)
-- Name: lecture_id_seq; Type: SEQUENCE; Schema: public; Owner: postgres
--

ALTER TABLE public.lecture ALTER COLUMN id ADD GENERATED BY DEFAULT AS IDENTITY (
    SEQUENCE NAME public.lecture_id_seq
    START WITH 1
    INCREMENT BY 1
    NO MINVALUE
    NO MAXVALUE
    CACHE 1
);


--
-- TOC entry 285 (class 1259 OID 286036)
-- Name: login_attempts; Type: TABLE; Schema: public; Owner: postgres
--

CREATE TABLE public.login_attempts (
    id bigint NOT NULL,
    username character varying(150) NOT NULL,
    ip_address inet NOT NULL,
    attempt_time timestamp with time zone NOT NULL,
    success boolean NOT NULL,
    user_id bigint
);


ALTER TABLE public.login_attempts OWNER TO postgres;

--
-- TOC entry 284 (class 1259 OID 286035)
-- Name: login_attempts_id_seq; Type: SEQUENCE; Schema: public; Owner: postgres
--

ALTER TABLE public.login_attempts ALTER COLUMN id ADD GENERATED BY DEFAULT AS IDENTITY (
    SEQUENCE NAME public.login_attempts_id_seq
    START WITH 1
    INCREMENT BY 1
    NO MINVALUE
    NO MAXVALUE
    CACHE 1
);


--
-- TOC entry 250 (class 1259 OID 225176)
-- Name: matching_pair; Type: TABLE; Schema: public; Owner: postgres
--

CREATE TABLE public.matching_pair (
    id bigint NOT NULL,
    left_text text NOT NULL,
    right_text text NOT NULL,
    question_id bigint NOT NULL
);


ALTER TABLE public.matching_pair OWNER TO postgres;

--
-- TOC entry 249 (class 1259 OID 225175)
-- Name: matching_pair_id_seq; Type: SEQUENCE; Schema: public; Owner: postgres
--

ALTER TABLE public.matching_pair ALTER COLUMN id ADD GENERATED BY DEFAULT AS IDENTITY (
    SEQUENCE NAME public.matching_pair_id_seq
    START WITH 1
    INCREMENT BY 1
    NO MINVALUE
    NO MAXVALUE
    CACHE 1
);


--
-- TOC entry 244 (class 1259 OID 225154)
-- Name: password_reset_code; Type: TABLE; Schema: public; Owner: postgres
--

CREATE TABLE public.password_reset_code (
    id bigint NOT NULL,
    code character varying(6) NOT NULL,
    created_at timestamp with time zone NOT NULL,
    is_used boolean NOT NULL,
    user_id bigint NOT NULL,
    expires_at timestamp with time zone,
    CONSTRAINT password_reset_code_format_check CHECK (((code)::text ~ '^[0-9]{6}$'::text))
);


ALTER TABLE public.password_reset_code OWNER TO postgres;

--
-- TOC entry 243 (class 1259 OID 225153)
-- Name: password_reset_code_id_seq; Type: SEQUENCE; Schema: public; Owner: postgres
--

ALTER TABLE public.password_reset_code ALTER COLUMN id ADD GENERATED BY DEFAULT AS IDENTITY (
    SEQUENCE NAME public.password_reset_code_id_seq
    START WITH 1
    INCREMENT BY 1
    NO MINVALUE
    NO MAXVALUE
    CACHE 1
);


--
-- TOC entry 246 (class 1259 OID 225160)
-- Name: practical_assignment; Type: TABLE; Schema: public; Owner: postgres
--

CREATE TABLE public.practical_assignment (
    id bigint NOT NULL,
    practical_assignment_name character varying(200) NOT NULL,
    practical_assignment_description text NOT NULL,
    assignment_document_path character varying(100),
    assignment_criteria text,
    assignment_deadline timestamp with time zone,
    grading_type character varying(20) NOT NULL,
    max_score integer,
    is_active boolean NOT NULL,
    created_at timestamp with time zone NOT NULL,
    updated_at timestamp with time zone NOT NULL,
    is_can_pin_after_deadline boolean NOT NULL,
    lecture_id bigint NOT NULL,
    passing_score integer,
    CONSTRAINT grading_type_check CHECK (((grading_type)::text = ANY ((ARRAY['points'::character varying, 'pass_fail'::character varying])::text[]))),
    CONSTRAINT max_score_required_for_points_check CHECK (((NOT ((grading_type)::text = 'points'::text)) OR ((max_score IS NOT NULL) AND (max_score > 0)))),
    CONSTRAINT passing_score_non_negative_check CHECK (((passing_score IS NULL) OR (passing_score >= 0)))
);


ALTER TABLE public.practical_assignment OWNER TO postgres;

--
-- TOC entry 245 (class 1259 OID 225159)
-- Name: practical_assignment_id_seq; Type: SEQUENCE; Schema: public; Owner: postgres
--

ALTER TABLE public.practical_assignment ALTER COLUMN id ADD GENERATED BY DEFAULT AS IDENTITY (
    SEQUENCE NAME public.practical_assignment_id_seq
    START WITH 1
    INCREMENT BY 1
    NO MINVALUE
    NO MAXVALUE
    CACHE 1
);


--
-- TOC entry 248 (class 1259 OID 225168)
-- Name: question; Type: TABLE; Schema: public; Owner: postgres
--

CREATE TABLE public.question (
    id bigint NOT NULL,
    question_text text NOT NULL,
    question_score integer NOT NULL,
    correct_text text,
    question_order integer NOT NULL,
    answer_type_id bigint NOT NULL,
    test_id bigint NOT NULL,
    CONSTRAINT question_order_check CHECK ((question_order > 0)),
    CONSTRAINT question_score_check CHECK ((question_score >= 0))
);


ALTER TABLE public.question OWNER TO postgres;

--
-- TOC entry 247 (class 1259 OID 225167)
-- Name: question_id_seq; Type: SEQUENCE; Schema: public; Owner: postgres
--

ALTER TABLE public.question ALTER COLUMN id ADD GENERATED BY DEFAULT AS IDENTITY (
    SEQUENCE NAME public.question_id_seq
    START WITH 1
    INCREMENT BY 1
    NO MINVALUE
    NO MAXVALUE
    CACHE 1
);


--
-- TOC entry 254 (class 1259 OID 225192)
-- Name: review; Type: TABLE; Schema: public; Owner: postgres
--

CREATE TABLE public.review (
    id bigint NOT NULL,
    rating integer NOT NULL,
    publish_date timestamp with time zone NOT NULL,
    comment_review text,
    is_approved boolean NOT NULL,
    course_id bigint NOT NULL,
    user_id bigint NOT NULL,
    CONSTRAINT review_rating_range_check CHECK (((rating >= 1) AND (rating <= 5)))
);


ALTER TABLE public.review OWNER TO postgres;

--
-- TOC entry 253 (class 1259 OID 225191)
-- Name: review_id_seq; Type: SEQUENCE; Schema: public; Owner: postgres
--

ALTER TABLE public.review ALTER COLUMN id ADD GENERATED BY DEFAULT AS IDENTITY (
    SEQUENCE NAME public.review_id_seq
    START WITH 1
    INCREMENT BY 1
    NO MINVALUE
    NO MAXVALUE
    CACHE 1
);


--
-- TOC entry 256 (class 1259 OID 225200)
-- Name: role; Type: TABLE; Schema: public; Owner: postgres
--

CREATE TABLE public.role (
    id bigint NOT NULL,
    role_name character varying(40) NOT NULL,
    CONSTRAINT role_length_check CHECK (((role_name)::text ~ '^.{3,40}$'::text)),
    CONSTRAINT role_not_only_spaces CHECK ((NOT ((role_name)::text ~ '^\s*$'::text))),
    CONSTRAINT role_valid_chars CHECK (((role_name)::text ~ '^[а-яА-Яa-zA-Z_\- ]+$'::text))
);


ALTER TABLE public.role OWNER TO postgres;

--
-- TOC entry 255 (class 1259 OID 225199)
-- Name: role_id_seq; Type: SEQUENCE; Schema: public; Owner: postgres
--

ALTER TABLE public.role ALTER COLUMN id ADD GENERATED BY DEFAULT AS IDENTITY (
    SEQUENCE NAME public.role_id_seq
    START WITH 1
    INCREMENT BY 1
    NO MINVALUE
    NO MAXVALUE
    CACHE 1
);


--
-- TOC entry 289 (class 1259 OID 302459)
-- Name: teacher_application; Type: TABLE; Schema: public; Owner: postgres
--

CREATE TABLE public.teacher_application (
    id bigint NOT NULL,
    status character varying(20) NOT NULL,
    comment text,
    created_at timestamp with time zone NOT NULL,
    updated_at timestamp with time zone NOT NULL,
    course_id bigint NOT NULL,
    teacher_id bigint NOT NULL
);


ALTER TABLE public.teacher_application OWNER TO postgres;

--
-- TOC entry 288 (class 1259 OID 302458)
-- Name: teacher_application_id_seq; Type: SEQUENCE; Schema: public; Owner: postgres
--

ALTER TABLE public.teacher_application ALTER COLUMN id ADD GENERATED BY DEFAULT AS IDENTITY (
    SEQUENCE NAME public.teacher_application_id_seq
    START WITH 1
    INCREMENT BY 1
    NO MINVALUE
    NO MAXVALUE
    CACHE 1
);


--
-- TOC entry 258 (class 1259 OID 225216)
-- Name: teacher_assignment_file; Type: TABLE; Schema: public; Owner: postgres
--

CREATE TABLE public.teacher_assignment_file (
    id bigint NOT NULL,
    file_path character varying(500) NOT NULL,
    original_filename character varying(255) NOT NULL,
    file_type character varying(20) NOT NULL,
    uploaded_at timestamp with time zone NOT NULL,
    file_size bigint NOT NULL,
    is_active boolean NOT NULL,
    practical_assignment_id bigint NOT NULL,
    uploaded_by_id bigint,
    CONSTRAINT teacher_file_type_check CHECK (((file_type)::text = ANY ((ARRAY['example'::character varying, 'material'::character varying, 'correction'::character varying, 'template'::character varying, 'other'::character varying])::text[])))
);


ALTER TABLE public.teacher_assignment_file OWNER TO postgres;

--
-- TOC entry 257 (class 1259 OID 225215)
-- Name: teacher_assignment_file_id_seq; Type: SEQUENCE; Schema: public; Owner: postgres
--

ALTER TABLE public.teacher_assignment_file ALTER COLUMN id ADD GENERATED BY DEFAULT AS IDENTITY (
    SEQUENCE NAME public.teacher_assignment_file_id_seq
    START WITH 1
    INCREMENT BY 1
    NO MINVALUE
    NO MAXVALUE
    CACHE 1
);


--
-- TOC entry 260 (class 1259 OID 225224)
-- Name: test; Type: TABLE; Schema: public; Owner: postgres
--

CREATE TABLE public.test (
    id bigint NOT NULL,
    test_name character varying(200) NOT NULL,
    test_description text,
    is_final boolean NOT NULL,
    max_attempts integer,
    grading_form character varying(20) NOT NULL,
    passing_score integer,
    is_active boolean NOT NULL,
    created_at timestamp with time zone NOT NULL,
    updated_at timestamp with time zone NOT NULL,
    lecture_id bigint NOT NULL,
    CONSTRAINT test_grading_form_check CHECK (((grading_form)::text = ANY ((ARRAY['points'::character varying, 'pass_fail'::character varying])::text[]))),
    CONSTRAINT test_max_attempts_check CHECK (((max_attempts IS NULL) OR (max_attempts > 0)))
);


ALTER TABLE public.test OWNER TO postgres;

--
-- TOC entry 259 (class 1259 OID 225223)
-- Name: test_id_seq; Type: SEQUENCE; Schema: public; Owner: postgres
--

ALTER TABLE public.test ALTER COLUMN id ADD GENERATED BY DEFAULT AS IDENTITY (
    SEQUENCE NAME public.test_id_seq
    START WITH 1
    INCREMENT BY 1
    NO MINVALUE
    NO MAXVALUE
    CACHE 1
);


--
-- TOC entry 262 (class 1259 OID 225237)
-- Name: test_result; Type: TABLE; Schema: public; Owner: postgres
--

CREATE TABLE public.test_result (
    id bigint NOT NULL,
    completion_date timestamp with time zone NOT NULL,
    final_score integer,
    is_passed boolean,
    attempt_number integer NOT NULL,
    time_spent integer,
    test_id bigint NOT NULL,
    user_id bigint NOT NULL,
    CONSTRAINT test_result_attempt_number_check CHECK ((attempt_number > 0)),
    CONSTRAINT test_result_time_spent_check CHECK (((time_spent IS NULL) OR ((time_spent >= 0) AND (time_spent <= 86400))))
);


ALTER TABLE public.test_result OWNER TO postgres;

--
-- TOC entry 261 (class 1259 OID 225236)
-- Name: test_result_id_seq; Type: SEQUENCE; Schema: public; Owner: postgres
--

ALTER TABLE public.test_result ALTER COLUMN id ADD GENERATED BY DEFAULT AS IDENTITY (
    SEQUENCE NAME public.test_result_id_seq
    START WITH 1
    INCREMENT BY 1
    NO MINVALUE
    NO MAXVALUE
    CACHE 1
);


--
-- TOC entry 230 (class 1259 OID 225095)
-- Name: user; Type: TABLE; Schema: public; Owner: postgres
--

CREATE TABLE public."user" (
    id bigint NOT NULL,
    password character varying(128) NOT NULL,
    last_login timestamp with time zone,
    is_superuser boolean NOT NULL,
    is_staff boolean NOT NULL,
    is_active boolean NOT NULL,
    date_joined timestamp with time zone NOT NULL,
    first_name character varying(50) NOT NULL,
    last_name character varying(50) NOT NULL,
    email character varying(254) NOT NULL,
    username character varying(150) NOT NULL,
    patronymic character varying(50),
    is_verified boolean NOT NULL,
    "position" character varying(100),
    educational_institution character varying(100),
    certificate_file character varying(100),
    role_id bigint,
    is_light_theme boolean NOT NULL,
    CONSTRAINT user_email_format CHECK (((email)::text ~ '^[a-zA-Z0-9._%+-]+@[a-zA-Z0-9.-]+\.[a-zA-Z]{2,}$'::text)),
    CONSTRAINT user_first_name_format CHECK (((first_name)::text ~ '^[а-яА-Яa-zA-Z\- ]+$'::text)),
    CONSTRAINT user_last_name_format CHECK (((last_name)::text ~ '^[а-яА-Яa-zA-Z\- ]+$'::text)),
    CONSTRAINT user_username_format CHECK (((username)::text ~ '^[\w.@-]+$'::text))
);


ALTER TABLE public."user" OWNER TO postgres;

--
-- TOC entry 264 (class 1259 OID 225243)
-- Name: user_answer; Type: TABLE; Schema: public; Owner: postgres
--

CREATE TABLE public.user_answer (
    id bigint NOT NULL,
    answer_text text,
    answer_date timestamp with time zone NOT NULL,
    attempt_number integer NOT NULL,
    score integer,
    question_id bigint NOT NULL,
    user_id bigint NOT NULL,
    CONSTRAINT user_answer_attempt_number_check CHECK ((attempt_number > 0)),
    CONSTRAINT user_answer_score_check CHECK (((score IS NULL) OR (score >= 0)))
);


ALTER TABLE public.user_answer OWNER TO postgres;

--
-- TOC entry 263 (class 1259 OID 225242)
-- Name: user_answer_id_seq; Type: SEQUENCE; Schema: public; Owner: postgres
--

ALTER TABLE public.user_answer ALTER COLUMN id ADD GENERATED BY DEFAULT AS IDENTITY (
    SEQUENCE NAME public.user_answer_id_seq
    START WITH 1
    INCREMENT BY 1
    NO MINVALUE
    NO MAXVALUE
    CACHE 1
);


--
-- TOC entry 266 (class 1259 OID 225251)
-- Name: user_course; Type: TABLE; Schema: public; Owner: postgres
--

CREATE TABLE public.user_course (
    id bigint NOT NULL,
    registration_date date NOT NULL,
    status_course boolean NOT NULL,
    payment_date timestamp with time zone,
    completion_date date,
    course_price numeric(10,2),
    is_active boolean NOT NULL,
    enrolled_at timestamp with time zone NOT NULL,
    course_id bigint NOT NULL,
    user_id bigint NOT NULL,
    payment_id character varying(255),
    CONSTRAINT user_course_completion_date_check CHECK (((completion_date IS NULL) OR (completion_date >= registration_date))),
    CONSTRAINT user_course_completion_date_required_check CHECK (((NOT status_course) OR (completion_date IS NOT NULL))),
    CONSTRAINT user_course_price_non_negative_check CHECK (((course_price IS NULL) OR (course_price >= (0)::numeric)))
);


ALTER TABLE public.user_course OWNER TO postgres;

--
-- TOC entry 265 (class 1259 OID 225250)
-- Name: user_course_id_seq; Type: SEQUENCE; Schema: public; Owner: postgres
--

ALTER TABLE public.user_course ALTER COLUMN id ADD GENERATED BY DEFAULT AS IDENTITY (
    SEQUENCE NAME public.user_course_id_seq
    START WITH 1
    INCREMENT BY 1
    NO MINVALUE
    NO MAXVALUE
    CACHE 1
);


--
-- TOC entry 232 (class 1259 OID 225107)
-- Name: user_groups; Type: TABLE; Schema: public; Owner: postgres
--

CREATE TABLE public.user_groups (
    id integer NOT NULL,
    user_id bigint NOT NULL,
    group_id integer NOT NULL
);


ALTER TABLE public.user_groups OWNER TO postgres;

--
-- TOC entry 231 (class 1259 OID 225106)
-- Name: user_groups_id_seq; Type: SEQUENCE; Schema: public; Owner: postgres
--

ALTER TABLE public.user_groups ALTER COLUMN id ADD GENERATED BY DEFAULT AS IDENTITY (
    SEQUENCE NAME public.user_groups_id_seq
    START WITH 1
    INCREMENT BY 1
    NO MINVALUE
    NO MAXVALUE
    CACHE 1
);


--
-- TOC entry 229 (class 1259 OID 225094)
-- Name: user_id_seq; Type: SEQUENCE; Schema: public; Owner: postgres
--

ALTER TABLE public."user" ALTER COLUMN id ADD GENERATED BY DEFAULT AS IDENTITY (
    SEQUENCE NAME public.user_id_seq
    START WITH 1
    INCREMENT BY 1
    NO MINVALUE
    NO MAXVALUE
    CACHE 1
);


--
-- TOC entry 270 (class 1259 OID 225269)
-- Name: user_matching_answer; Type: TABLE; Schema: public; Owner: postgres
--

CREATE TABLE public.user_matching_answer (
    id bigint NOT NULL,
    user_selected_right_text text NOT NULL,
    selected_at timestamp with time zone NOT NULL,
    matching_pair_id bigint NOT NULL,
    user_answer_id bigint NOT NULL
);


ALTER TABLE public.user_matching_answer OWNER TO postgres;

--
-- TOC entry 269 (class 1259 OID 225268)
-- Name: user_matching_answer_id_seq; Type: SEQUENCE; Schema: public; Owner: postgres
--

ALTER TABLE public.user_matching_answer ALTER COLUMN id ADD GENERATED BY DEFAULT AS IDENTITY (
    SEQUENCE NAME public.user_matching_answer_id_seq
    START WITH 1
    INCREMENT BY 1
    NO MINVALUE
    NO MAXVALUE
    CACHE 1
);


--
-- TOC entry 272 (class 1259 OID 225277)
-- Name: user_practical_assignment; Type: TABLE; Schema: public; Owner: postgres
--

CREATE TABLE public.user_practical_assignment (
    id bigint NOT NULL,
    submission_date timestamp with time zone,
    attempt_number integer NOT NULL,
    comment text,
    submitted_at timestamp with time zone NOT NULL,
    practical_assignment_id bigint NOT NULL,
    submission_status_id bigint NOT NULL,
    user_id bigint NOT NULL,
    CONSTRAINT user_practical_assignment_attempt_number_check CHECK ((attempt_number > 0))
);


ALTER TABLE public.user_practical_assignment OWNER TO postgres;

--
-- TOC entry 271 (class 1259 OID 225276)
-- Name: user_practical_assignment_id_seq; Type: SEQUENCE; Schema: public; Owner: postgres
--

ALTER TABLE public.user_practical_assignment ALTER COLUMN id ADD GENERATED BY DEFAULT AS IDENTITY (
    SEQUENCE NAME public.user_practical_assignment_id_seq
    START WITH 1
    INCREMENT BY 1
    NO MINVALUE
    NO MAXVALUE
    CACHE 1
);


--
-- TOC entry 278 (class 1259 OID 225303)
-- Name: user_selected_choice; Type: TABLE; Schema: public; Owner: postgres
--

CREATE TABLE public.user_selected_choice (
    id bigint NOT NULL,
    selected_at timestamp with time zone NOT NULL,
    choice_option_id bigint NOT NULL,
    user_answer_id bigint NOT NULL
);


ALTER TABLE public.user_selected_choice OWNER TO postgres;

--
-- TOC entry 277 (class 1259 OID 225302)
-- Name: user_selected_choice_id_seq; Type: SEQUENCE; Schema: public; Owner: postgres
--

ALTER TABLE public.user_selected_choice ALTER COLUMN id ADD GENERATED BY DEFAULT AS IDENTITY (
    SEQUENCE NAME public.user_selected_choice_id_seq
    START WITH 1
    INCREMENT BY 1
    NO MINVALUE
    NO MAXVALUE
    CACHE 1
);


--
-- TOC entry 234 (class 1259 OID 225113)
-- Name: user_user_permissions; Type: TABLE; Schema: public; Owner: postgres
--

CREATE TABLE public.user_user_permissions (
    id integer NOT NULL,
    user_id bigint NOT NULL,
    permission_id integer NOT NULL
);


ALTER TABLE public.user_user_permissions OWNER TO postgres;

--
-- TOC entry 233 (class 1259 OID 225112)
-- Name: user_user_permissions_id_seq; Type: SEQUENCE; Schema: public; Owner: postgres
--

ALTER TABLE public.user_user_permissions ALTER COLUMN id ADD GENERATED BY DEFAULT AS IDENTITY (
    SEQUENCE NAME public.user_user_permissions_id_seq
    START WITH 1
    INCREMENT BY 1
    NO MINVALUE
    NO MAXVALUE
    CACHE 1
);


--
-- TOC entry 5257 (class 0 OID 225075)
-- Dependencies: 226
-- Data for Name: answer_type; Type: TABLE DATA; Schema: public; Owner: postgres
--

COPY public.answer_type (id, answer_type_name, answer_type_description) FROM stdin;
1	один ответ	Вопрос с одним правильным ответом
2	несколько ответов	Вопрос с несколькими правильными ответами
3	текст	Текстовый ответ
4	сопоставление	Вопрос на сопоставление элементов
\.


--
-- TOC entry 5267 (class 0 OID 225119)
-- Dependencies: 236
-- Data for Name: assignment_status; Type: TABLE DATA; Schema: public; Owner: postgres
--

COPY public.assignment_status (id, assignment_status_name) FROM stdin;
1	завершено
2	на доработке
3	отклонено
4	просрочено
5	на проверке
\.


--
-- TOC entry 5307 (class 0 OID 225295)
-- Dependencies: 276
-- Data for Name: assignment_submission_file; Type: TABLE DATA; Schema: public; Owner: postgres
--

COPY public.assignment_submission_file (id, file, uploaded_at, file_name, file_size, description, user_assignment_id) FROM stdin;
1	assignment_submissions/2026/02/02/Практическая_работа_8.docx	2026-02-02 23:41:25.090757+03	практос	3	практическая работа	1
2	assignment_submissions/2026/02/03/0855a58b-b165-4c6a-bc4e-dc3f27f9683e.jpg	2026-02-03 01:51:33.883582+03	0855a58b-b165-4c6a-bc4e-dc3f27f9683e.jpg	322058	\N	2
3	assignment_submissions/2026/02/09/Сетевые_графы.docx	2026-02-09 01:43:34.41008+03	Сетевые графы.docx	254938	\N	3
4	assignment_submissions/2026/02/09/статистика_слушателей_2025-09-04_по_2025-11-20.pdf	2026-02-09 01:43:34.441204+03	статистика_слушателей_2025-09-04_по_2025-11-20.pdf	23390	\N	3
5	assignment_submissions/2026/02/09/Сетевые_графы_EdXhGH6.docx	2026-02-09 02:03:17.329965+03	Сетевые графы.docx	254938	\N	4
7	assignment_submissions/2026/02/10/ПР5_Расчет_больничного_листа.docx	2026-02-10 00:16:58.269746+03	ПР5 Расчет больничного листа.docx	203269	\N	5
8	assignment_submissions/2026/02/10/Графы.docx	2026-02-10 00:17:12.647862+03	Графы.docx	18255412	\N	5
9	assignment_submissions/2026/02/10/Графы_TL4qbiN.docx	2026-02-10 01:16:33.161907+03	Графы.docx	18255412	\N	6
10	assignment_submissions/2026/02/10/Модель_межотраслевого_баланса.docx	2026-02-10 01:16:33.17029+03	Модель межотраслевого баланса.docx	24923	\N	6
12	assignment_submissions/2026/02/11/Транспортные_задачи_1_HaZwyPE_1.pdf	2026-02-11 21:59:27.120123+03	Транспортные_задачи_1_HaZwyPE (1).pdf	1184510	\N	7
14	assignment_submissions/2026/02/15/мм_лекции_1.docx	2026-02-15 03:11:45.076889+03	мм_лекции (1).docx	159227	\N	8
16	assignment_submissions/2026/02/15/мм_лекции_2_0n7URP4.docx	2026-02-15 14:04:56.410995+03	мм_лекции (2).docx	159227	\N	10
17	assignment_submissions/2026/02/15/мм_лекции_2_ngUi7aH.docx	2026-02-15 23:22:27.617417+03	мм_лекции (2).docx	159227	\N	11
18	assignment_submissions/2026/02/16/Транспортные_задачи_1_HaZwyPE_1.pdf	2026-02-16 18:51:09.318295+03	Транспортные_задачи_1_HaZwyPE (1).pdf	1184510	\N	12
19	assignment_submissions/2026/02/16/мм_лекции_2.docx	2026-02-16 19:20:21.974964+03	мм_лекции (2).docx	159227	\N	13
20	assignment_submissions/2026/02/16/Сетевые_графы.docx	2026-02-16 19:26:22.572611+03	Сетевые графы.docx	254938	\N	14
21	assignment_submissions/2026/02/16/Сетевые_графы_4StoNcH.docx	2026-02-16 20:01:36.860596+03	Сетевые графы.docx	254938	\N	15
22	assignment_submissions/2026/02/24/receipt_ЧК_20260216_0E0ADE5A_1771880563929.pdf	2026-02-24 01:13:55.988698+03	receipt_ЧК_20260216_0E0ADE5A_1771880563929.pdf	35324	\N	16
24	assignment_submissions/2026/04/05/популярные_курсы_2026-02-21_по_2026-03-23.pdf	2026-04-05 18:06:47.779698+03	популярные_курсы_2026-02-21_по_2026-03-23.pdf	24101	\N	18
25	assignment_submissions/2026/04/05/популярные_курсы_2026-02-21_по_2026-03-23_fbSxGGo.pdf	2026-04-05 18:07:11.288044+03	популярные_курсы_2026-02-21_по_2026-03-23.pdf	24101	\N	19
31	assignment_submissions/2026/04/20/популярные_курсы_2026-03-15_по_2026-04-14.pdf	2026-04-20 02:16:19.711346+03	популярные_курсы_2026-03-15_по_2026-04-14.pdf	24736	\N	24
32	assignment_submissions/2026/04/22/students_12_2026-04-22_2.csv	2026-04-22 19:39:05.004839+03	students_12_2026-04-22 (2).csv	264	\N	25
33	assignment_submissions/2026/04/22/students_12_2026-04-22_1.csv	2026-04-22 19:39:05.015826+03	students_12_2026-04-22 (1).csv	264	\N	25
34	assignment_submissions/2026/04/22/students_12_2026-04-22.csv	2026-04-22 19:39:05.022172+03	students_12_2026-04-22.csv	183	\N	25
35	assignment_submissions/2026/04/22/популярные_курсы_2026-03-15_по_2026-04-14.pdf	2026-04-22 19:59:05.571654+03	популярные_курсы_2026-03-15_по_2026-04-14.pdf	24736	\N	26
\.


--
-- TOC entry 5253 (class 0 OID 225035)
-- Dependencies: 222
-- Data for Name: auth_group; Type: TABLE DATA; Schema: public; Owner: postgres
--

COPY public.auth_group (id, name) FROM stdin;
\.


--
-- TOC entry 5255 (class 0 OID 225043)
-- Dependencies: 224
-- Data for Name: auth_group_permissions; Type: TABLE DATA; Schema: public; Owner: postgres
--

COPY public.auth_group_permissions (id, group_id, permission_id) FROM stdin;
\.


--
-- TOC entry 5251 (class 0 OID 225029)
-- Dependencies: 220
-- Data for Name: auth_permission; Type: TABLE DATA; Schema: public; Owner: postgres
--

COPY public.auth_permission (id, name, content_type_id, codename) FROM stdin;
1	Can add log entry	1	add_logentry
2	Can change log entry	1	change_logentry
3	Can delete log entry	1	delete_logentry
4	Can view log entry	1	view_logentry
5	Can add permission	2	add_permission
6	Can change permission	2	change_permission
7	Can delete permission	2	delete_permission
8	Can view permission	2	view_permission
9	Can add group	3	add_group
10	Can change group	3	change_group
11	Can delete group	3	delete_group
12	Can view group	3	view_group
13	Can add content type	4	add_contenttype
14	Can change content type	4	change_contenttype
15	Can delete content type	4	delete_contenttype
16	Can view content type	4	view_contenttype
17	Can add session	5	add_session
18	Can change session	5	change_session
19	Can delete session	5	delete_session
20	Can view session	5	view_session
21	Can add Сданная практическая работа	6	add_viewassignmentsubmissions
22	Can change Сданная практическая работа	6	change_viewassignmentsubmissions
23	Can delete Сданная практическая работа	6	delete_viewassignmentsubmissions
24	Can view Сданная практическая работа	6	view_viewassignmentsubmissions
25	Can add Лекция курса	7	add_viewcourselectures
26	Can change Лекция курса	7	change_viewcourselectures
27	Can delete Лекция курса	7	delete_viewcourselectures
28	Can view Лекция курса	7	view_viewcourselectures
29	Can add Практическая работа курса	8	add_viewcoursepracticalassignments
30	Can change Практическая работа курса	8	change_viewcoursepracticalassignments
31	Can delete Практическая работа курса	8	delete_viewcoursepracticalassignments
32	Can view Практическая работа курса	8	view_viewcoursepracticalassignments
33	Can add Тест курса	9	add_viewcoursetests
34	Can change Тест курса	9	change_viewcoursetests
35	Can delete Тест курса	9	delete_viewcoursetests
36	Can view Тест курса	9	view_viewcoursetests
37	Can add Тип ответа	10	add_answertype
38	Can change Тип ответа	10	change_answertype
39	Can delete Тип ответа	10	delete_answertype
40	Can view Тип ответа	10	view_answertype
41	Can add Тип курса	11	add_coursetype
42	Can change Тип курса	11	change_coursetype
43	Can delete Тип курса	11	delete_coursetype
44	Can view Тип курса	11	view_coursetype
45	Can add Пользователь	12	add_user
46	Can change Пользователь	12	change_user
47	Can delete Пользователь	12	delete_user
48	Can view Пользователь	12	view_user
49	Can add Статус задания	13	add_assignmentstatus
50	Can change Статус задания	13	change_assignmentstatus
51	Can delete Статус задания	13	delete_assignmentstatus
52	Can view Статус задания	13	view_assignmentstatus
53	Can add Категория курса	14	add_coursecategory
54	Can change Категория курса	14	change_coursecategory
55	Can delete Категория курса	14	delete_coursecategory
56	Can view Категория курса	14	view_coursecategory
57	Can add Курс	15	add_course
58	Can change Курс	15	change_course
59	Can delete Курс	15	delete_course
60	Can view Курс	15	view_course
61	Can add Лекция	16	add_lecture
62	Can change Лекция	16	change_lecture
63	Can delete Лекция	16	delete_lecture
64	Can view Лекция	16	view_lecture
65	Can add Код восстановления пароля	17	add_passwordresetcode
66	Can change Код восстановления пароля	17	change_passwordresetcode
67	Can delete Код восстановления пароля	17	delete_passwordresetcode
68	Can view Код восстановления пароля	17	view_passwordresetcode
69	Can add Практическое задание	18	add_practicalassignment
70	Can change Практическое задание	18	change_practicalassignment
71	Can delete Практическое задание	18	delete_practicalassignment
72	Can view Практическое задание	18	view_practicalassignment
73	Can add Вопрос	19	add_question
74	Can change Вопрос	19	change_question
75	Can delete Вопрос	19	delete_question
76	Can view Вопрос	19	view_question
77	Can add Пара соответствия	20	add_matchingpair
78	Can change Пара соответствия	20	change_matchingpair
79	Can delete Пара соответствия	20	delete_matchingpair
80	Can view Пара соответствия	20	view_matchingpair
81	Can add Вариант ответа	21	add_choiceoption
82	Can change Вариант ответа	21	change_choiceoption
83	Can delete Вариант ответа	21	delete_choiceoption
84	Can view Вариант ответа	21	view_choiceoption
85	Can add Отзыв	22	add_review
86	Can change Отзыв	22	change_review
87	Can delete Отзыв	22	delete_review
88	Can view Отзыв	22	view_review
89	Can add Роль	23	add_role
90	Can change Роль	23	change_role
91	Can delete Роль	23	delete_role
92	Can view Роль	23	view_role
93	Can add Файл преподавателя к заданию	24	add_teacherassignmentfile
94	Can change Файл преподавателя к заданию	24	change_teacherassignmentfile
95	Can delete Файл преподавателя к заданию	24	delete_teacherassignmentfile
96	Can view Файл преподавателя к заданию	24	view_teacherassignmentfile
97	Can add Тест	25	add_test
98	Can change Тест	25	change_test
99	Can delete Тест	25	delete_test
100	Can view Тест	25	view_test
101	Can add Результат теста	26	add_testresult
102	Can change Результат теста	26	change_testresult
103	Can delete Результат теста	26	delete_testresult
104	Can view Результат теста	26	view_testresult
105	Can add Ответ пользователя	27	add_useranswer
106	Can change Ответ пользователя	27	change_useranswer
107	Can delete Ответ пользователя	27	delete_useranswer
108	Can view Ответ пользователя	27	view_useranswer
109	Can add Пользователь на курсе	28	add_usercourse
110	Can change Пользователь на курсе	28	change_usercourse
111	Can delete Пользователь на курсе	28	delete_usercourse
112	Can view Пользователь на курсе	28	view_usercourse
113	Can add Сертификат	29	add_certificate
114	Can change Сертификат	29	change_certificate
115	Can delete Сертификат	29	delete_certificate
116	Can view Сертификат	29	view_certificate
117	Can add Ответ на сопоставление	30	add_usermatchinganswer
118	Can change Ответ на сопоставление	30	change_usermatchinganswer
119	Can delete Ответ на сопоставление	30	delete_usermatchinganswer
120	Can view Ответ на сопоставление	30	view_usermatchinganswer
121	Can add Сдача практического задания	31	add_userpracticalassignment
122	Can change Сдача практического задания	31	change_userpracticalassignment
123	Can delete Сдача практического задания	31	delete_userpracticalassignment
124	Can view Сдача практического задания	31	view_userpracticalassignment
125	Can add Обратная связь	32	add_feedback
126	Can change Обратная связь	32	change_feedback
127	Can delete Обратная связь	32	delete_feedback
128	Can view Обратная связь	32	view_feedback
129	Can add Файл сдачи задания	33	add_assignmentsubmissionfile
130	Can change Файл сдачи задания	33	change_assignmentsubmissionfile
131	Can delete Файл сдачи задания	33	delete_assignmentsubmissionfile
132	Can view Файл сдачи задания	33	view_assignmentsubmissionfile
133	Can add Выбранный вариант	34	add_userselectedchoice
134	Can change Выбранный вариант	34	change_userselectedchoice
135	Can delete Выбранный вариант	34	delete_userselectedchoice
136	Can view Выбранный вариант	34	view_userselectedchoice
137	Can add Персонал курса	35	add_courseteacher
138	Can change Персонал курса	35	change_courseteacher
139	Can delete Персонал курса	35	delete_courseteacher
140	Can view Персонал курса	35	view_courseteacher
141	Can add Попытка входа	36	add_loginattempt
142	Can change Попытка входа	36	change_loginattempt
143	Can delete Попытка входа	36	delete_loginattempt
144	Can view Попытка входа	36	view_loginattempt
145	Can add Избранный курс	37	add_favoritecourse
146	Can change Избранный курс	37	change_favoritecourse
147	Can delete Избранный курс	37	delete_favoritecourse
148	Can view Избранный курс	37	view_favoritecourse
149	Can add Заявка преподавателя	38	add_teacherapplication
150	Can change Заявка преподавателя	38	change_teacherapplication
151	Can delete Заявка преподавателя	38	delete_teacherapplication
152	Can view Заявка преподавателя	38	view_teacherapplication
\.


--
-- TOC entry 5299 (class 0 OID 225257)
-- Dependencies: 268
-- Data for Name: certificate; Type: TABLE DATA; Schema: public; Owner: postgres
--

COPY public.certificate (id, certificate_number, issue_date, certificate_file_path, user_course_id) FROM stdin;
1	CERT-20260211202953-FW6UXI	2026-02-11	certificates/certificate_CERT-20260211202953-FW6UXI.pdf	16
4	CERT-20260215142233-PVVF9V	2026-02-15	certificates/certificate_CERT-20260215142233-PVVF9V.pdf	17
6	CERT-20260216163914-CZ3YMP	2026-02-16	certificates/certificate_CERT-20260216163914-CZ3YMP.pdf	30
7	CERT-20260216170315-BZEAGH	2026-02-16	certificates/certificate_CERT-20260216170315-BZEAGH.pdf	31
5	CERT-20260215202553-VQS4CQ	2026-02-15	certificates/certificate_CERT-20260215202553-VQS4CQ.pdf	21
9	CERT-20260423134958-IOEE6A	2026-04-23	certificates/certificate_CERT-20260423134958-IOEE6A.pdf	60
\.


--
-- TOC entry 5283 (class 0 OID 225184)
-- Dependencies: 252
-- Data for Name: choice_option; Type: TABLE DATA; Schema: public; Owner: postgres
--

COPY public.choice_option (id, option_text, is_correct, question_id) FROM stdin;
1	Целочисленный тип данных	t	1
2	Тип данных с плавающей точкой	t	2
3	не знаю	f	2
4	не тип данных	f	2
5	кто здесь	f	1
6	компьютер	f	1
7	целочисленный тип данных	t	5
8	компьютер	f	5
9	чего	f	5
10	хорошо	t	9
11	не оч	f	9
12	кто это?	f	9
13	А) Падение яблока с дерева	f	12
14	Б) Ультрафиолетовая катастрофа	t	12
15	В) Ускорение Луны на орбите	f	12
16	Г) Плавление льда	f	12
17	А) Скорость света	f	13
18	Б) Гравитационную постоянную	f	13
19	В) Постоянную Планка	t	13
21	хорошо	t	17
22	не оч	f	17
23	кто это	f	17
\.


--
-- TOC entry 5271 (class 0 OID 225138)
-- Dependencies: 240
-- Data for Name: course; Type: TABLE DATA; Schema: public; Owner: postgres
--

COPY public.course (id, course_name, course_description, course_price, course_photo_path, has_certificate, course_max_places, course_hours, is_completed, code_link, is_active, created_at, created_by_id, course_category_id, course_type_id, is_find_teacher) FROM stdin;
2	тест	выавызалвыавыаывавыавыа	2345.00	course_photos/2026/01/25/suspiciouscat.jpg	f	30	5	t	\N	t	2026-01-25 23:34:21.863798+03	\N	2	1	\N
3	еще один	ваоыдвлаодлвыоалдывоадлываодвыоалвыоа	567.00	course_photos/2026/01/25/funnycat.jpg	f	\N	20	t	\N	t	2026-01-25 23:37:41.42721+03	\N	12	1	\N
4	ну еще	выавыавыавыавыаываываываывавыа	234.00	course_photos/2026/01/25/sobanya.png	f	23	12	t	\N	t	2026-01-25 23:38:20.129822+03	\N	15	1	\N
6	Основы программирования на Java	Это очень крутой курс прям очень честно	123.00		f	\N	43	t	\N	t	2026-02-02 14:10:55.706886+03	\N	12	1	\N
1	новый	тестооооооооооооовыыыыыыый	234.00		t	10	52	t	\N	t	2026-01-24 01:40:14.191818+03	\N	3	1	\N
5	тест бесплатный	выаовылаовыдлаолдаодвылоавдлыоадлвыоа	\N	course_photos/2026/01/25/django.png	t	\N	30	t	\N	t	2026-01-25 23:47:21.696318+03	\N	12	4	\N
8	проверка123	Данный курс направлен на освоение слушателями материала по астрономии за 10-11 классы школы	123.00		t	12	12	t	https://github.com/	t	2026-02-11 21:52:16.593811+03	\N	2	1	\N
7	Аналитика данных	Данный курс направлен на изучение слушателями основных понятий по разделу аналитики данных. Результатом курса станет собственный проект с использованием датасета и Python-библиотек.	123.00	course_photos/2026/02/24/reu.jpg	f	\N	50	t	\N	t	2026-02-03 16:11:24.086339+03	\N	3	1	\N
13	проверка курса для препода	новый курс очень крутой классный честное слово блин	30.00		f	\N	10	f	\N	t	2026-04-22 13:59:39.851266+03	24	3	1	t
9	тестовый курс!	тут какое-то описание тестового курса	\N	course_photos/2026/03/23/sobanya.png	f	\N	15	t	\N	t	2026-03-23 12:59:00.415704+03	\N	5	1	\N
12	классная комната которая не должна отображаться	авыджаывджалжывдлаждывладвжылажыдвлаыждвладжвыалжывдлажвыдла	\N	course_photos/2026/04/13/uiia.png	f	30	10	t	https://github.com/	t	2026-04-13 22:26:04.391534+03	4	4	3	\N
10	Тест классной комнаты	данный курс предназначен для тестирования классной комнаты	\N	course_photos/2026/03/24/other.png	f	30	15	t	\N	t	2026-03-24 17:48:41.482931+03	4	13	3	\N
11	Квантовая физика в теории и задачах	Курс позволит подтянуть знания по одному из интереснейших разделов физики. Включает в себя практические задачи.	120.00	course_photos/2026/04/06/photo_2026-03-20_16-13-01.jpg	t	\N	20	t	\N	t	2026-04-06 23:51:24.805958+03	\N	1	1	\N
\.


--
-- TOC entry 5269 (class 0 OID 225128)
-- Dependencies: 238
-- Data for Name: course_category; Type: TABLE DATA; Schema: public; Owner: postgres
--

COPY public.course_category (id, course_category_name) FROM stdin;
1	физика
2	астрономия
3	математика
4	программирование
5	информационные технологии
6	литература
7	история
8	география
9	психология
10	алгебра
11	геометрия
12	информатика
13	музыка
14	дизайн
15	химия
16	биология
\.


--
-- TOC entry 5311 (class 0 OID 225309)
-- Dependencies: 280
-- Data for Name: course_teacher; Type: TABLE DATA; Schema: public; Owner: postgres
--

COPY public.course_teacher (id, start_date, is_active, course_id, teacher_id) FROM stdin;
1	2026-03-24	t	10	4
2	2026-03-24	t	7	4
3	2026-03-24	t	7	24
4	2026-03-28	t	1	4
5	2026-04-06	t	8	4
6	2026-04-06	t	11	4
7	2026-04-13	t	12	4
9	2026-04-22	t	13	4
\.


--
-- TOC entry 5259 (class 0 OID 225085)
-- Dependencies: 228
-- Data for Name: course_type; Type: TABLE DATA; Schema: public; Owner: postgres
--

COPY public.course_type (id, course_type_name, course_type_description) FROM stdin;
1	образовательная программа	Полноценная образовательная программа с учебным планом
2	профессиональная переподготовка	Программа профессиональной переподготовки для получения новой квалификации
3	классная комната	Интерактивная классная комната для проведения занятий, преимущественн используется преподавателями для своих учебных целей
4	подготовка к экзаменам	Курс подготовки к экзаменам и тестированиям, например ОГЭ, ЕГЭ, ДВИ в ВУЗы или же иные виды проверки уровня знаний
\.


--
-- TOC entry 5313 (class 0 OID 225597)
-- Dependencies: 282
-- Data for Name: django_admin_log; Type: TABLE DATA; Schema: public; Owner: postgres
--

COPY public.django_admin_log (id, action_time, object_id, object_repr, action_flag, change_message, content_type_id, user_id) FROM stdin;
1	2026-01-22 11:32:46.664329+03	5	фывыфвфывфыв	1	[{"added": {}}]	23	1
2	2026-01-22 11:33:00.284512+03	5	фывыфвфывфыв	3		23	1
3	2026-01-24 01:40:14.209465+03	1	новый	1	[{"added": {}}]	15	1
4	2026-01-25 23:34:21.876793+03	2	тест	1	[{"added": {}}]	15	1
5	2026-01-25 23:37:41.436443+03	3	еще один	1	[{"added": {}}]	15	1
6	2026-01-25 23:38:20.132814+03	4	ну еще	1	[{"added": {}}]	15	1
7	2026-01-25 23:47:21.702315+03	5	тест бесплатный	1	[{"added": {}}]	15	1
8	2026-01-28 12:09:43.623408+03	2	Носова Анастасия	1	[{"added": {}}]	12	1
9	2026-01-31 21:37:42.805347+03	2	Носова Анастасия	2	[]	12	1
10	2026-01-31 21:38:19.033918+03	3	Купер Шелдон	1	[{"added": {}}]	12	1
11	2026-02-01 01:21:28.206328+03	3	Купер Шелдон	2	[]	12	1
12	2026-02-01 01:21:40.083282+03	3	Купер Шелдон	2	[{"changed": {"fields": ["\\u041f\\u0430\\u0440\\u043e\\u043b\\u044c"]}}]	12	1
13	2026-02-02 14:10:55.723991+03	6	Основы программирования на Java	1	[{"added": {}}]	15	1
14	2026-02-02 14:11:49.992053+03	1	Типы данных	1	[{"added": {}}]	16	1
15	2026-02-02 14:22:12.174124+03	1	новое задание!	1	[{"added": {}}]	18	1
16	2026-02-02 23:35:52.927715+03	10	Купер Шелдон - новый	2	[{"changed": {"fields": ["\\u041a\\u0443\\u0440\\u0441 \\u0437\\u0430\\u0432\\u0435\\u0440\\u0448\\u0451\\u043d", "\\u0414\\u0430\\u0442\\u0430 \\u0437\\u0430\\u0432\\u0435\\u0440\\u0448\\u0435\\u043d\\u0438\\u044f"]}}]	28	1
17	2026-02-02 23:37:07.945066+03	1	Купер Шелдон - новое задание! (попытка 1)	1	[{"added": {}}]	31	1
18	2026-02-02 23:39:35.438542+03	4	Преподов Препод	1	[{"added": {}}]	12	1
19	2026-02-02 23:40:18.380829+03	3	Купер Шелдон	2	[{"changed": {"fields": ["\\u041f\\u0430\\u0440\\u043e\\u043b\\u044c", "\\u041e\\u0442\\u0447\\u0435\\u0441\\u0442\\u0432\\u043e"]}}]	12	1
20	2026-02-02 23:41:25.110674+03	1	практос	1	[{"added": {}}]	33	1
21	2026-02-02 23:41:39.80891+03	1	Обратная связь для Купер Шелдон - новое задание! (попытка 1)	1	[{"added": {}}]	32	1
22	2026-02-02 23:42:03.35027+03	1	Типы данных	1	[{"added": {}}]	25	1
23	2026-02-02 23:43:35.412335+03	1	новый	2	[{"changed": {"fields": ["\\u0415\\u0441\\u0442\\u044c \\u0441\\u0435\\u0440\\u0442\\u0438\\u0444\\u0438\\u043a\\u0430\\u0442"]}}]	15	1
24	2026-02-02 23:52:05.289444+03	1	Типы данных	2	[{"changed": {"fields": ["\\u041a\\u0443\\u0440\\u0441"]}}]	16	1
25	2026-02-03 00:04:21.809716+03	1	Обратная связь для Купер Шелдон - новое задание! (попытка 1)	2	[]	32	1
26	2026-02-03 00:57:44.756743+03	2	новое задание 1	1	[{"added": {}}]	18	1
27	2026-02-03 02:18:00.325624+03	1	int это?	1	[{"added": {}}]	19	1
28	2026-02-03 02:18:21.04966+03	2	double - это?	1	[{"added": {}}]	19	1
29	2026-02-03 02:18:42.780416+03	1	Целочисленный тип данных	1	[{"added": {}}]	21	1
30	2026-02-03 02:19:03.283113+03	2	Тип данных с плавающей точкой	1	[{"added": {}}]	21	1
31	2026-02-03 02:19:15.352092+03	3	не знаю	1	[{"added": {}}]	21	1
32	2026-02-03 02:19:21.791414+03	4	не тип данных	1	[{"added": {}}]	21	1
33	2026-02-03 02:19:27.198559+03	5	кто здесь	1	[{"added": {}}]	21	1
34	2026-02-03 02:19:37.748203+03	6	компьютер	1	[{"added": {}}]	21	1
35	2026-02-03 16:11:24.091397+03	7	тест123	1	[{"added": {}}]	15	1
36	2026-02-04 23:00:58.499456+03	3	сопоставьте варианты ответов	1	[{"added": {}}]	19	1
37	2026-02-04 23:01:15.423262+03	1	int -> целочисленный	1	[{"added": {}}]	20	1
38	2026-02-04 23:01:38.862478+03	2	double -> с плавающей точкой	1	[{"added": {}}]	20	1
39	2026-02-04 23:02:35.192113+03	3	string -> строка	1	[{"added": {}}]	20	1
40	2026-02-08 03:01:46.056686+03	10	Тест Тесттт - Типы данных (попытка 10)	3		26	1
41	2026-02-08 03:04:49.077635+03	11	Тест Тесттт - Типы данных (попытка 10)	3		26	1
42	2026-02-08 03:05:37.133172+03	12	Тест Тесттт - сопоставьте варианты ответов - string -> строка	3		30	1
43	2026-02-08 03:05:37.133172+03	11	Тест Тесттт - сопоставьте варианты ответов - double -> с плавающей точкой	3		30	1
44	2026-02-08 03:05:37.133172+03	10	Тест Тесттт - сопоставьте варианты ответов - int -> целочисленный	3		30	1
45	2026-02-08 03:06:07.30152+03	12	Тест Тесттт - Типы данных (попытка 10)	3		26	1
46	2026-02-08 03:06:34.885693+03	8	Тест Тесттт - double - это? - Тип данных с плавающей точкой	3		34	1
47	2026-02-08 03:06:34.885693+03	7	Тест Тесттт - int это? - Целочисленный тип данных	3		34	1
48	2026-02-08 03:06:34.885693+03	6	Тест Тесттт - double - это? - Тип данных с плавающей точкой	3		34	1
49	2026-02-08 03:11:21.969983+03	14	newnew newnew - новый	1	[{"added": {}}]	28	1
50	2026-02-09 01:44:50.068809+03	2	Обратная связь для newnew newnew - новое задание! (попытка 1)	1	[{"added": {}}]	32	1
51	2026-02-09 01:45:16.730816+03	2	Обратная связь для newnew newnew - новое задание! (попытка 1)	2	[]	32	1
52	2026-02-09 02:15:40.82972+03	3	Обратная связь для newnew newnew - новое задание! (попытка 2)	1	[{"added": {}}]	32	1
53	2026-02-09 14:43:10.387747+03	1	Отзыв от Тест Тесттт на новый	1	[{"added": {}}]	22	1
54	2026-02-10 00:36:49.653675+03	4	Обратная связь для newnew newnew - новое задание 1 (попытка 1)	1	[{"added": {}}]	32	1
55	2026-02-10 00:37:23.754518+03	4	Обратная связь для newnew newnew - новое задание 1 (попытка 1)	2	[{"changed": {"fields": ["\\u0411\\u0430\\u043b\\u043b"]}}]	32	1
56	2026-02-10 00:37:58.391215+03	4	Обратная связь для newnew newnew - новое задание 1 (попытка 1)	2	[{"changed": {"fields": ["\\u0411\\u0430\\u043b\\u043b"]}}]	32	1
57	2026-02-10 01:04:34.755475+03	15	newnew newnew - тест бесплатный	1	[{"added": {}}]	28	1
58	2026-02-10 01:07:06.421732+03	2	лекция1	1	[{"added": {}}]	16	1
59	2026-02-10 01:09:03.578052+03	2	джанго начало	1	[{"added": {}}]	25	1
60	2026-02-10 01:09:43.498014+03	4	как называется команда для запуска сервера проекта	1	[{"added": {}}]	19	1
61	2026-02-10 01:10:25.712564+03	5	int - это?	1	[{"added": {}}]	19	1
62	2026-02-10 01:11:05.45982+03	7	целочисленный тип данных	1	[{"added": {}}]	21	1
63	2026-02-10 01:11:10.684747+03	8	компьютер	1	[{"added": {}}]	21	1
64	2026-02-10 01:11:19.914158+03	9	чего	1	[{"added": {}}]	21	1
65	2026-02-10 01:11:44.73311+03	6	сопоставьте джанго команды с их описанием	1	[{"added": {}}]	19	1
66	2026-02-10 01:12:03.966764+03	4	runserver -> запуск проекта	1	[{"added": {}}]	20	1
67	2026-02-10 01:12:15.32936+03	5	migrate -> выполнить миграции в бд	1	[{"added": {}}]	20	1
68	2026-02-10 01:12:37.884399+03	6	makemigrations -> создать миграции	1	[{"added": {}}]	20	1
69	2026-02-10 01:14:10.622586+03	3	практос джанго1	1	[{"added": {}}]	18	1
70	2026-02-10 01:17:28.490124+03	5	Обратная связь для newnew newnew - практос джанго1 (попытка 1)	1	[{"added": {}}]	32	1
71	2026-02-10 01:48:49.241299+03	5	Обратная связь для newnew newnew - практос джанго1 (попытка 1)	2	[{"changed": {"fields": ["\\u0411\\u0430\\u043b\\u043b"]}}]	32	1
72	2026-02-10 01:49:04.243328+03	5	Обратная связь для newnew newnew - практос джанго1 (попытка 1)	2	[{"changed": {"fields": ["\\u0411\\u0430\\u043b\\u043b"]}}]	32	1
73	2026-02-11 20:15:23.207191+03	15	newnew newnew - тест бесплатный	2	[{"changed": {"fields": ["\\u041a\\u0443\\u0440\\u0441 \\u0437\\u0430\\u0432\\u0435\\u0440\\u0448\\u0451\\u043d", "\\u0414\\u0430\\u0442\\u0430 \\u0437\\u0430\\u0432\\u0435\\u0440\\u0448\\u0435\\u043d\\u0438\\u044f"]}}]	28	1
74	2026-02-11 20:16:52.161812+03	5	тест бесплатный	2	[{"changed": {"fields": ["\\u0415\\u0441\\u0442\\u044c \\u0441\\u0435\\u0440\\u0442\\u0438\\u0444\\u0438\\u043a\\u0430\\u0442"]}}]	15	1
75	2026-02-11 21:49:06.956571+03	15	newnew newnew - тест бесплатный	2	[{"changed": {"fields": ["\\u041a\\u0443\\u0440\\u0441 \\u0437\\u0430\\u0432\\u0435\\u0440\\u0448\\u0451\\u043d", "\\u0414\\u0430\\u0442\\u0430 \\u0437\\u0430\\u0432\\u0435\\u0440\\u0448\\u0435\\u043d\\u0438\\u044f"]}}]	28	1
76	2026-02-11 21:52:16.606669+03	8	проверка1	1	[{"added": {}}]	15	1
77	2026-02-11 21:52:58.514977+03	3	проверка лекции	1	[{"added": {}}]	16	1
78	2026-02-11 21:53:22.309523+03	3	тест_проверка1	1	[{"added": {}}]	25	1
79	2026-02-11 21:53:51.837792+03	7	напишите привет	1	[{"added": {}}]	19	1
80	2026-02-11 21:54:15.84918+03	8	сопоставьте слова по смыслу	1	[{"added": {}}]	19	1
81	2026-02-11 21:54:34.175814+03	7	привет -> приветствие	1	[{"added": {}}]	20	1
82	2026-02-11 21:54:52.730762+03	8	пока-пока -> что надо сказать перед тем как	1	[{"added": {}}]	20	1
83	2026-02-11 21:55:05.330737+03	9	вежливое приветствие -> здравствуйте	1	[{"added": {}}]	20	1
84	2026-02-11 21:55:30.78604+03	9	как жизнь	1	[{"added": {}}]	19	1
85	2026-02-11 21:55:38.99766+03	10	хорошо	1	[{"added": {}}]	21	1
86	2026-02-11 21:55:43.441343+03	11	не оч	1	[{"added": {}}]	21	1
87	2026-02-11 21:55:50.762882+03	12	кто это	1	[{"added": {}}]	21	1
88	2026-02-11 21:56:16.02092+03	16	newnew newnew - проверка1	1	[{"added": {}}]	28	1
89	2026-02-11 21:57:50.332113+03	4	проверка задания1	1	[{"added": {}}]	18	1
90	2026-02-11 22:03:27.221428+03	6	Обратная связь для newnew newnew - проверка задания1 (попытка 1)	1	[{"added": {}}]	32	1
91	2026-02-11 22:16:42.518109+03	7	newnew newnew - проверка задания1 (попытка 1)	2	[{"changed": {"fields": ["\\u0421\\u0442\\u0430\\u0442\\u0443\\u0441 \\u0441\\u0434\\u0430\\u0447\\u0438"]}}]	31	1
92	2026-02-11 22:28:26.937927+03	16	newnew newnew - проверка1	2	[{"changed": {"fields": ["\\u041a\\u0443\\u0440\\u0441 \\u0437\\u0430\\u0432\\u0435\\u0440\\u0448\\u0451\\u043d", "\\u0414\\u0430\\u0442\\u0430 \\u0437\\u0430\\u0432\\u0435\\u0440\\u0448\\u0435\\u043d\\u0438\\u044f"]}}]	28	1
93	2026-02-11 22:28:50.344795+03	16	newnew newnew - проверка1	2	[{"changed": {"fields": ["\\u041a\\u0443\\u0440\\u0441 \\u0437\\u0430\\u0432\\u0435\\u0440\\u0448\\u0451\\u043d", "\\u0414\\u0430\\u0442\\u0430 \\u0437\\u0430\\u0432\\u0435\\u0440\\u0448\\u0435\\u043d\\u0438\\u044f"]}}]	28	1
94	2026-02-11 23:14:56.148293+03	16	newnew newnew - проверка1	2	[{"changed": {"fields": ["\\u041a\\u0443\\u0440\\u0441 \\u0437\\u0430\\u0432\\u0435\\u0440\\u0448\\u0451\\u043d", "\\u0414\\u0430\\u0442\\u0430 \\u0437\\u0430\\u0432\\u0435\\u0440\\u0448\\u0435\\u043d\\u0438\\u044f"]}}]	28	1
95	2026-02-15 13:56:31.455298+03	17	ы Тест - проверка1	1	[{"added": {}}]	28	1
96	2026-02-15 13:59:20.721918+03	7	Обратная связь для ы Тест - проверка задания1 (попытка 1)	1	[{"added": {}}]	32	1
97	2026-02-15 14:00:17.802145+03	1	Обратная связь для Тест Тест - новое задание! (попытка 1)	2	[]	32	1
98	2026-02-15 14:03:16.710966+03	9	ы Тест - проверка задания1 (попытка 1)	3		31	1
99	2026-02-15 14:05:25.273426+03	8	Обратная связь для ы Тест - проверка задания1 (попытка 1)	1	[{"added": {}}]	32	1
100	2026-02-15 14:10:55.933095+03	8	Обратная связь для ы Тест - проверка задания1 (попытка 1)	3		32	1
101	2026-02-15 15:53:02.04395+03	9	ы Тест	2	[{"changed": {"fields": ["\\u041f\\u0430\\u0440\\u043e\\u043b\\u044c", "\\u0420\\u043e\\u043b\\u044c", "\\u041f\\u043e\\u0434\\u0442\\u0432\\u0435\\u0440\\u0436\\u0434\\u0451\\u043d"]}}]	12	1
102	2026-02-15 15:54:10.765702+03	9	Обратная связь для ы Тест - проверка задания1 (попытка 1)	1	[{"added": {}}]	32	1
103	2026-02-15 16:05:10.40371+03	9	Обратная связь для ы Тест - проверка задания1 (попытка 1)	3		32	1
104	2026-02-15 16:05:34.475785+03	10	Обратная связь для ы Тест - проверка задания1 (попытка 1)	1	[{"added": {}}]	32	1
105	2026-02-15 16:08:15.348899+03	10	Обратная связь для ы Тест - проверка задания1 (попытка 1)	3		32	1
106	2026-02-15 16:10:07.513275+03	11	Обратная связь для ы Тест - проверка задания1 (попытка 1)	1	[{"added": {}}]	32	1
107	2026-02-15 16:11:24.393055+03	11	Обратная связь для ы Тест - проверка задания1 (попытка 1)	3		32	1
108	2026-02-15 16:21:11.040327+03	1	Системы Администратор	2	[{"changed": {"fields": ["\\u041f\\u0430\\u0440\\u043e\\u043b\\u044c", "\\u0420\\u043e\\u043b\\u044c"]}}]	12	1
109	2026-02-15 16:59:04.817217+03	21	ы Тест - тест_проверка1 (попытка 1)	3		26	1
110	2026-02-15 16:59:15.055893+03	17	ы Тест - как жизнь - хорошо	3		34	1
111	2026-02-15 16:59:27.17485+03	42	ы Тест - как жизнь	3		27	1
112	2026-02-15 16:59:27.17485+03	41	ы Тест - сопоставьте слова по смыслу	3		27	1
113	2026-02-15 16:59:27.17485+03	40	ы Тест - напишите привет	3		27	1
114	2026-02-15 17:17:05.760158+03	2	Сертификат CERT-20260215140955-ORI9T4 - ы Тест	3		29	1
115	2026-02-15 17:17:24.363642+03	3	Сертификат CERT-20260215141711-FN4I1D - ы Тест	3		29	1
116	2026-02-15 17:20:55.497897+03	18	ы Тест - как жизнь - кто это	3		34	1
117	2026-02-15 17:21:09.215839+03	45	ы Тест - как жизнь	3		27	1
118	2026-02-15 17:21:09.215839+03	44	ы Тест - сопоставьте слова по смыслу	3		27	1
119	2026-02-15 17:21:09.215839+03	43	ы Тест - напишите привет	3		27	1
120	2026-02-15 17:21:45.654394+03	22	ы Тест - тест_проверка1 (попытка 1)	3		26	1
121	2026-02-15 20:29:18.197801+03	2	Отзыв от ы Тест на проверка1	2	[{"changed": {"fields": ["\\u041e\\u0434\\u043e\\u0431\\u0440\\u0435\\u043d"]}}]	22	1
122	2026-02-15 23:28:09.616075+03	21	носова анастасия - как жизнь - хорошо	3		34	1
123	2026-02-15 23:28:19.786026+03	54	носова анастасия - как жизнь	3		27	1
124	2026-02-15 23:28:19.786026+03	53	носова анастасия - сопоставьте слова по смыслу	3		27	1
125	2026-02-15 23:28:19.786026+03	52	носова анастасия - напишите привет	3		27	1
126	2026-02-15 23:28:26.968166+03	25	носова анастасия - тест_проверка1 (попытка 1)	3		26	1
127	2026-02-16 18:59:35.095658+03	12	sdfdsf sfdsfsdf	2	[{"changed": {"fields": ["\\u041f\\u0430\\u0440\\u043e\\u043b\\u044c", "\\u0420\\u043e\\u043b\\u044c"]}}]	12	1
128	2026-02-16 19:13:22.245229+03	14	Обратная связь для sdfdsf sfdsfsdf - проверка задания1 (попытка 1)	3		32	1
129	2026-02-16 19:15:28.26341+03	12	sdfdsf sfdsfsdf - проверка задания1 (попытка 1)	2	[{"changed": {"fields": ["\\u0421\\u0442\\u0430\\u0442\\u0443\\u0441 \\u0441\\u0434\\u0430\\u0447\\u0438"]}}]	31	1
130	2026-02-16 19:38:18.787852+03	17	Обратная связь для dasd asdasd - проверка задания1 (попытка 1)	3		32	1
131	2026-02-16 19:38:56.221521+03	14	dasd asdasd - проверка задания1 (попытка 1)	2	[{"changed": {"fields": ["\\u0421\\u0442\\u0430\\u0442\\u0443\\u0441 \\u0441\\u0434\\u0430\\u0447\\u0438"]}}]	31	1
132	2026-02-17 15:03:17.119299+03	8	проверка1	2	[{"changed": {"fields": ["\\u041e\\u043f\\u0438\\u0441\\u0430\\u043d\\u0438\\u0435 \\u043a\\u0443\\u0440\\u0441\\u0430"]}}]	15	1
133	2026-02-17 15:04:17.365667+03	7	Аналитика данных	2	[{"changed": {"fields": ["\\u041d\\u0430\\u0437\\u0432\\u0430\\u043d\\u0438\\u0435 \\u043a\\u0443\\u0440\\u0441\\u0430", "\\u041e\\u043f\\u0438\\u0441\\u0430\\u043d\\u0438\\u0435 \\u043a\\u0443\\u0440\\u0441\\u0430"]}}]	15	1
134	2026-02-24 00:32:51.46448+03	7	Аналитика данных	2	[{"changed": {"fields": ["\\u0424\\u043e\\u0442\\u043e\\u0433\\u0440\\u0430\\u0444\\u0438\\u044f \\u043a\\u0443\\u0440\\u0441\\u0430"]}}]	15	1
135	2026-03-02 20:10:14.245158+03	12	кто это?	2	[{"changed": {"fields": ["\\u0422\\u0435\\u043a\\u0441\\u0442 \\u0432\\u0430\\u0440\\u0438\\u0430\\u043d\\u0442\\u0430"]}}]	21	1
136	2026-03-02 20:43:40.960105+03	9	ы Тест	2	[{"changed": {"fields": ["Password"]}}]	12	1
137	2026-03-02 20:47:50.968294+03	9	ы Тест	2	[]	12	1
138	2026-03-02 20:57:30.421675+03	9	ы Тест	2	[{"changed": {"fields": ["password"]}}]	12	1
139	2026-03-02 20:58:52.317392+03	8	проверка1123	2	[{"changed": {"fields": ["\\u041d\\u0430\\u0437\\u0432\\u0430\\u043d\\u0438\\u0435 \\u043a\\u0443\\u0440\\u0441\\u0430"]}}]	15	1
140	2026-03-02 20:59:02.305145+03	8	проверка123	2	[{"changed": {"fields": ["\\u041d\\u0430\\u0437\\u0432\\u0430\\u043d\\u0438\\u0435 \\u043a\\u0443\\u0440\\u0441\\u0430"]}}]	15	1
141	2026-03-11 02:24:47.327202+03	6	ррррр	1	[Админка] role_name: 'ррррр'	23	1
142	2026-03-11 02:24:47.346779+03	6	ррррр	1	[{"added": {}}]	23	1
143	2026-03-11 02:25:04.204883+03	6	новая роль	2	[Админка] role_name: 'ррррр' -> 'новая роль'	23	1
144	2026-03-11 02:25:04.207626+03	6	новая роль	2	[{"changed": {"fields": ["\\u041d\\u0430\\u0437\\u0432\\u0430\\u043d\\u0438\\u0435 \\u0440\\u043e\\u043b\\u0438"]}}]	23	1
145	2026-03-11 22:17:07.48669+03	6	новая роль	3		23	1
146	2026-03-11 22:17:07.511246+03	6	новая роль	3	[Админка] Объект удален: новая роль	23	1
163	2026-03-18 01:59:49.008093+03	10	Носова Анастасия	2	is_verified: 'False' -> 'True', role: 'None' -> 'слушатель курсов'	12	1
164	2026-03-18 02:05:59.919117+03	16	-биология	2	course_category_name: 'биология' -> '-биология'	14	1
165	2026-03-18 02:06:05.957391+03	16	биология	2	course_category_name: '-биология' -> 'биология'	14	1
166	2026-03-18 02:06:28.413643+03	17	новая	1	course_category_name: 'новая'	14	1
167	2026-03-18 02:06:36.442312+03	17	новая	3	Объект удален: новая	14	1
168	2026-03-18 02:06:57.63485+03	18	новая	1	course_category_name: 'новая'	14	1
169	2026-03-18 02:07:15.922045+03	18	новая	3	Объект удален: новая	14	1
170	2026-03-20 18:35:32.069996+03	23	чек.pdf	3	Объект удален: чек.pdf	33	1
171	2026-03-20 18:35:32.097817+03	36	аоалала алалала - проверка123	3	Объект удален: аоалала алалала - проверка123	28	1
172	2026-03-20 18:35:32.09979+03	37	аоалала алалала - тест бесплатный	3	Объект удален: аоалала алалала - тест бесплатный	28	1
173	2026-03-20 18:35:32.116709+03	35	аоалала алалала - как жизнь - не оч	3	Объект удален: аоалала алалала - как жизнь - не оч	34	1
174	2026-03-20 18:35:32.125705+03	85	аоалала алалала - сопоставьте слова по смыслу - привет -> приветствие	3	Объект удален: аоалала алалала - сопоставьте слова по смыслу - привет -> приветствие	30	1
175	2026-03-20 18:35:32.130704+03	86	аоалала алалала - сопоставьте слова по смыслу - пока-пока -> что надо сказать перед тем как	3	Объект удален: аоалала алалала - сопоставьте слова по смыслу - пока-пока -> что надо сказать перед тем как	30	1
176	2026-03-20 18:35:32.133488+03	87	аоалала алалала - сопоставьте слова по смыслу - вежливое приветствие -> здравствуйте	3	Объект удален: аоалала алалала - сопоставьте слова по смыслу - вежливое приветствие -> здравствуйте	30	1
177	2026-03-20 18:35:32.140966+03	38	аоалала алалала - тест_проверка1 (попытка 1)	3	Объект удален: аоалала алалала - тест_проверка1 (попытка 1)	26	1
178	2026-03-20 18:35:32.148161+03	17	аоалала алалала - проверка задания1 (попытка 1)	3	Объект удален: аоалала алалала - проверка задания1 (попытка 1)	31	1
179	2026-03-20 18:35:32.151092+03	91	аоалала алалала - напишите привет	3	Объект удален: аоалала алалала - напишите привет	27	1
180	2026-03-20 18:35:32.153096+03	92	аоалала алалала - сопоставьте слова по смыслу	3	Объект удален: аоалала алалала - сопоставьте слова по смыслу	27	1
181	2026-03-20 18:35:32.156217+03	93	аоалала алалала - как жизнь	3	Объект удален: аоалала алалала - как жизнь	27	1
182	2026-03-20 18:35:32.157154+03	19	аоалала алалала	3	Объект удален: аоалала алалала	12	1
183	2026-03-20 20:33:57.46272+03	20	ываыва wewqe	1	is_superuser: 'False', is_staff: 'False', is_active: 'True', date_joined: '2026-03-20 17:33:57.053748+00:00', first_name: 'wewqe', last_name: 'ываыва', email: 'fdsdsf@sdsd.tertertuerterterterertert', username: '123ываыа', patronymic: 'None', is_verified: 'True', role: 'слушатель курсов', position: 'None', educational_institution: 'None', certificate_file: '', is_light_theme: 'True'	12	1
184	2026-03-22 02:12:17.322791+03	38	Ннн Надежда - ну еще	1	user: 'Ннн Надежда', course: 'ну еще', registration_date: '2026-03-22', status_course: 'False', payment_date: 'None', completion_date: 'None', course_price: 'None', is_active: 'True', enrolled_at: '2026-03-21 23:12:17.298785+00:00', payment_id: 'None'	28	1
185	2026-03-23 01:33:21.727596+03	1	Системы Администратор	2	email: 'admin@example.com' -> '-admin@example.com'	12	1
186	2026-03-23 01:33:33.697529+03	1	-Системы Администратор	2	last_name: 'Системы' -> '-Системы', email: '-admin@example.com' -> 'admin@example.co'	12	1
187	2026-03-23 01:33:51.825689+03	1	Системы Администратор	2	last_name: '-Системы' -> 'Системы', email: 'admin@example.co' -> 'admin@example.com'	12	1
188	2026-03-23 02:36:09.935874+03	21	Методистов Методист	1	is_superuser: 'False', is_staff: 'False', is_active: 'True', date_joined: '2026-03-22 23:36:09.389841+00:00', first_name: 'Методист', last_name: 'Методистов', email: 'met@ex.ru', username: 'met', patronymic: 'Методистович', is_verified: 'True', role: 'методист', position: 'старший методист цикловой методической комиссии', educational_institution: 'Московский приборостроительный техникум РЭУ Им. Г....', certificate_file: 'certificates/2026/03/23/suspiciouscat.jpg', is_light_theme: 'True'	12	1
252	2026-04-02 22:42:04.67791+03	26	dfsfds fsdfsf	2	is_verified: 'False' -> 'True'	12	1
253	2026-04-02 23:04:50.848594+03	1	Системы Администратор	2	is_light_theme: 'False' -> 'True'	12	1
254	2026-04-02 23:53:25.868241+03	1	Системы Администратор	2	is_light_theme: 'True' -> 'False'	12	1
255	2026-04-03 02:18:08.857946+03	1	Системы Администратор	2	is_light_theme: 'False' -> 'True'	12	1
256	2026-04-03 02:18:09.407846+03	1	Системы Администратор	2	is_light_theme: 'True' -> 'False'	12	1
257	2026-04-03 02:30:15.890674+03	1	Системы Администратор	2	is_light_theme: 'False' -> 'True'	12	1
258	2026-04-03 02:30:18.14073+03	1	Системы Администратор	2	is_light_theme: 'True' -> 'False'	12	1
259	2026-04-03 04:19:57.072228+03	4	Преподов Препод	2	is_light_theme: 'True' -> 'False'	12	4
260	2026-04-03 04:19:57.978868+03	4	Преподов Препод	2	is_light_theme: 'False' -> 'True'	12	4
261	2026-04-03 13:46:57.607491+03	26	dfsfds fsdfsf	3	Объект удален: dfsfds fsdfsf	12	1
263	2026-04-03 13:48:43.979649+03	27	методист методист	3	Объект удален: методист методист	12	1
316	2026-04-04 18:03:25.898766+03	4	Преподов Препод	2	is_light_theme: 'True' -> 'False'	12	4
317	2026-04-04 19:09:59.110405+03	10	Тест классной комнаты	2	is_active: 'True' -> 'False'	15	4
198	2026-03-24 17:48:41.495832+03	10	Тест классной комнаты	1	course_name: 'Тест классной комнаты', course_description: 'данный курс предназначен для тестирования классной...', course_price: 'None', course_category: 'музыка', course_photo_path: 'course_photos/2026/03/24/other.png', has_certificate: 'False', course_max_places: '30', course_hours: '15', is_completed: 'True', code_link: 'None', course_type: 'классная комната', created_by: 'None', is_active: 'True', created_at: '2026-03-24 14:48:41.482931+00:00'	15	4
199	2026-03-24 17:48:41.532971+03	1	Преподов Препод - Тест классной комнаты	1	course: 'Тест классной комнаты', teacher: 'Преподов Препод', start_date: '2026-03-24', is_active: 'True'	35	4
200	2026-03-24 18:20:05.416622+03	10	Тест классной комнаты	2	created_by: 'None' -> 'Преподов Препод'	15	1
201	2026-03-24 20:51:15.983662+03	17	existenceque@mail.ru - 756032 (использован)	3	Объект удален: existenceque@mail.ru - 756032 (использован)	17	1
202	2026-03-24 20:51:15.990889+03	18	existenceque@mail.ru - 730127 (использован)	3	Объект удален: existenceque@mail.ru - 730127 (использован)	17	1
203	2026-03-24 20:51:15.99166+03	8	sdfsddf dsfsdf	3	Объект удален: sdfsddf dsfsdf	12	1
204	2026-03-24 21:53:42.491491+03	39	Ннн Надежда - Тест классной комнаты	1	user: 'Ннн Надежда', course: 'Тест классной комнаты', registration_date: '2026-03-24', status_course: 'False', payment_date: 'None', completion_date: 'None', course_price: '0', is_active: 'True', enrolled_at: '2026-03-24 18:53:42.482240+00:00', payment_id: 'None'	28	4
205	2026-03-24 22:13:15.682727+03	39	Ннн Надежда - Тест классной комнаты	3	Объект удален: Ннн Надежда - Тест классной комнаты	28	1
206	2026-03-24 22:15:52.47462+03	40	Ннн Надежда - Тест классной комнаты	1	user: 'Ннн Надежда', course: 'Тест классной комнаты', registration_date: '2026-03-24', status_course: 'False', payment_date: 'None', completion_date: 'None', course_price: '0', is_active: 'True', enrolled_at: '2026-03-24 19:15:52.473067+00:00', payment_id: 'None'	28	4
207	2026-03-24 22:19:42.320386+03	40	Ннн Надежда - Тест классной комнаты	3	Объект удален: Ннн Надежда - Тест классной комнаты	28	1
208	2026-03-24 22:21:00.078093+03	22	Шеметов Ярослав	1	is_superuser: 'False', is_staff: 'False', is_active: 'True', date_joined: '2026-03-24 19:20:59.687571+00:00', first_name: 'Ярослав', last_name: 'Шеметов', email: 'astraneptu@gmail.com', username: 'astraneptu', patronymic: 'Дмитриевич', is_verified: 'True', role: 'слушатель курсов', position: 'None', educational_institution: 'None', certificate_file: '', is_light_theme: 'True'	12	4
209	2026-03-24 22:21:00.105747+03	41	Шеметов Ярослав - Тест классной комнаты	1	user: 'Шеметов Ярослав', course: 'Тест классной комнаты', registration_date: '2026-03-24', status_course: 'False', payment_date: 'None', completion_date: 'None', course_price: '0', is_active: 'True', enrolled_at: '2026-03-24 19:21:00.104754+00:00', payment_id: 'None'	28	4
210	2026-03-24 22:21:00.506779+03	23	Школьникова Ксения	1	is_superuser: 'False', is_staff: 'False', is_active: 'True', date_joined: '2026-03-24 19:21:00.108493+00:00', first_name: 'Ксения', last_name: 'Школьникова', email: 'existenceque@mail.ru', username: 'existenceque', patronymic: 'Васильевна', is_verified: 'True', role: 'слушатель курсов', position: 'None', educational_institution: 'None', certificate_file: '', is_light_theme: 'True'	12	4
211	2026-03-24 22:21:00.5163+03	42	Школьникова Ксения - Тест классной комнаты	1	user: 'Школьникова Ксения', course: 'Тест классной комнаты', registration_date: '2026-03-24', status_course: 'False', payment_date: 'None', completion_date: 'None', course_price: '0', is_active: 'True', enrolled_at: '2026-03-24 19:21:00.515299+00:00', payment_id: 'None'	28	4
212	2026-03-24 22:21:00.526816+03	43	Ннн Надежда - Тест классной комнаты	1	user: 'Ннн Надежда', course: 'Тест классной комнаты', registration_date: '2026-03-24', status_course: 'False', payment_date: 'None', completion_date: 'None', course_price: '0', is_active: 'True', enrolled_at: '2026-03-24 19:21:00.525819+00:00', payment_id: 'None'	28	4
213	2026-03-24 22:38:01.480689+03	42	Школьникова Ксения - Тест классной комнаты	3	Объект удален: Школьникова Ксения - Тест классной комнаты	28	1
214	2026-03-24 22:38:01.486691+03	23	Школьникова Ксения	3	Объект удален: Школьникова Ксения	12	1
215	2026-03-24 22:38:04.981817+03	41	Шеметов Ярослав - Тест классной комнаты	3	Объект удален: Шеметов Ярослав - Тест классной комнаты	28	1
216	2026-03-24 22:38:04.9835+03	22	Шеметов Ярослав	3	Объект удален: Шеметов Ярослав	12	1
217	2026-03-24 22:38:08.777295+03	21	Методистов Методист	3	Объект удален: Методистов Методист	12	1
218	2026-03-24 22:39:20.727197+03	24	Методистов Методист	1	is_superuser: 'False', is_staff: 'False', is_active: 'True', date_joined: '2026-03-24 19:39:20.333628+00:00', first_name: 'Методист', last_name: 'Методистов', email: 'met@example.com', username: 'met', patronymic: 'None', is_verified: 'True', role: 'методист', position: 'методист', educational_institution: 'мпт', certificate_file: 'certificates/2026/03/24/photo_2026-03-20_16-13-33....', is_light_theme: 'True'	12	1
219	2026-03-24 23:47:24.556289+03	2	Преподов Препод - Аналитика данных	1	course: 'Аналитика данных', teacher: 'Преподов Препод', start_date: 'None', is_active: 'True'	35	1
220	2026-03-24 23:47:32.095937+03	2	Преподов Препод - Аналитика данных	2	start_date: 'None' -> '2026-03-24'	35	1
221	2026-03-24 23:48:18.857078+03	3	Методистов Методист - Аналитика данных	1	course: 'Аналитика данных', teacher: 'Методистов Методист', start_date: 'None', is_active: 'True'	35	1
222	2026-03-24 23:48:30.644567+03	3	Методистов Методист - Аналитика данных	2	start_date: 'None' -> '2026-03-24'	35	1
223	2026-03-25 00:48:45.622735+03	5	тест лекции	1	lecture_name: 'тест лекции', lecture_content: 'тут находится какое-то содержание лекции тут текст...', lecture_document_path: 'lectures/2026/03/25/certificate_CERT-2025112921530...', lecture_order: '1', course: 'Аналитика данных', is_active: 'True', created_at: '2026-03-24 21:48:45.600734+00:00', updated_at: '2026-03-24 21:48:45.600734+00:00'	16	24
224	2026-03-25 01:34:48.582205+03	5	тест лекции!	2	lecture_name: 'тест лекции' -> 'тест лекции!', updated_at: '2026-03-24 21:48:45.600734+00:00' -> '2026-03-24 22:34:48.576660+00:00'	16	24
225	2026-03-25 01:36:28.441232+03	6	новое задание	1	practical_assignment_name: 'новое задание', practical_assignment_description: 'тут описание нового практического задания', assignment_document_path: 'assignments/2026/03/25/статистика_оценок_2026-02-2...', assignment_criteria: 'тут критерии оценки', lecture: 'тест лекции!', assignment_deadline: 'None', grading_type: 'points', max_score: '10', passing_score: '5', is_active: 'True', created_at: '2026-03-24 22:36:28.432234+00:00', updated_at: '2026-03-24 22:36:28.432234+00:00', is_can_pin_after_deadline: 'False'	18	24
226	2026-03-25 01:37:07.953708+03	5	тест теста	1	test_name: 'тест теста', test_description: 'новый тест', is_final: 'False', lecture: 'тест лекции', max_attempts: 'None', grading_form: 'points', passing_score: '5', is_active: 'True', created_at: '2026-03-24 22:37:07.946188+00:00', updated_at: '2026-03-24 22:37:07.946188+00:00'	25	24
227	2026-03-25 01:43:45.780145+03	6	тест теста	1	test_name: 'тест теста', test_description: 'описание теста', is_final: 'False', lecture: 'тест лекции!', max_attempts: 'None', grading_form: 'points', passing_score: '10', is_active: 'True', created_at: '2026-03-24 22:43:45.774456+00:00', updated_at: '2026-03-24 22:43:45.774456+00:00'	25	24
228	2026-03-25 01:50:52.64021+03	6	тест теста	2	lecture: 'тест лекции!' -> 'тест лекции', updated_at: '2026-03-24 22:43:45.774456+00:00' -> '2026-03-24 22:50:52.638211+00:00'	25	24
229	2026-03-25 01:51:30.080429+03	7	dsfdsf	1	test_name: 'dsfdsf', test_description: 'sdfdsfsdfsdf', is_final: 'False', lecture: 'тест лекции!', max_attempts: 'None', grading_form: 'points', passing_score: '10', is_active: 'True', created_at: '2026-03-24 22:51:30.076429+00:00', updated_at: '2026-03-24 22:51:30.076429+00:00'	25	24
230	2026-03-28 00:06:05.963597+03	4	Преподов Препод - новый	1	course: 'новый', teacher: 'Преподов Препод', start_date: '2026-03-28', is_active: 'True'	35	1
231	2026-04-02 19:43:35.308821+03	18	Ннн Надежда	2	is_active: 'True' -> 'False'	12	1
232	2026-04-02 19:43:39.664909+03	18	Ннн Надежда	2	is_active: 'False' -> 'True'	12	1
233	2026-04-02 19:47:46.278671+03	25	sdfdsf dsfsdf	1	is_superuser: 'False', is_staff: 'False', is_active: 'True', date_joined: '2026-04-02 16:47:45.965046+00:00', first_name: 'dsfsdf', last_name: 'sdfdsf', email: 'sdfsdf@dsfdsfsdf.com', username: 'dsfdfdsf', patronymic: 'sfsdfdsf', is_verified: 'False', role: 'преподаватель', position: 'dsfdsf', educational_institution: 'dsdfdsf', certificate_file: 'certificates/2026/04/02/статистика_слушателей_2026...', is_light_theme: 'True'	12	1
234	2026-04-02 19:47:51.540422+03	25	sdfdsf dsfsdf	3	Объект удален: sdfdsf dsfsdf	12	1
235	2026-04-02 20:30:32.361684+03	20	ываыва wewqe	2	is_light_theme: 'True' -> 'False'	12	1
236	2026-04-02 20:31:02.737414+03	20	ываыва wewqe	2	is_light_theme: 'False' -> 'True'	12	1
237	2026-04-02 20:51:00.823666+03	24	Методистов Методист	2	is_light_theme: 'True' -> 'False'	12	1
238	2026-04-02 20:51:56.076687+03	24	Методистов Методист	2	educational_institution: 'мпт' -> 'мпт!', is_light_theme: 'False' -> 'True'	12	1
239	2026-04-02 20:52:03.838763+03	24	Методистов Методист	2	position: 'методист' -> 'методист!'	12	1
240	2026-04-02 20:53:20.23651+03	24	Методистов Методист	2	is_light_theme: 'True' -> 'False'	12	1
241	2026-04-02 21:56:35.915612+03	1	Системы Администратор	2	is_light_theme: 'True' -> 'False'	12	1
242	2026-04-02 22:09:22.132728+03	1	Системы Администратор	2	is_light_theme: 'False' -> 'True'	12	1
243	2026-04-02 22:09:22.626087+03	1	Системы Администратор	2	is_light_theme: 'True' -> 'False'	12	1
244	2026-04-02 22:09:23.118887+03	1	Системы Администратор	2	is_light_theme: 'False' -> 'True'	12	1
245	2026-04-02 22:09:23.55268+03	1	Системы Администратор	2	is_light_theme: 'True' -> 'False'	12	1
246	2026-04-02 22:26:59.639108+03	26	dfsfds fsdfsf	1	is_superuser: 'False', is_staff: 'False', is_active: 'True', date_joined: '2026-04-02 19:26:59.226781+00:00', first_name: 'fsdfsf', last_name: 'dfsfds', email: 'test_met@fdsfsdfsdf.ru', username: 'test_met', patronymic: 'dsfsdfs', is_verified: 'False', role: 'преподаватель', position: 'dfdsfdsf', educational_institution: 'dsfdsf', certificate_file: 'certificates/2026/04/02/статистика_слушателей_2026...', is_light_theme: 'False'	12	1
247	2026-04-02 22:27:14.035666+03	26	dfsfds fsdfsf	2	email: 'test_met@fdsfsdfsdf.ru' -> 'guiznotes@mail.ru'	12	1
248	2026-04-02 22:27:28.456361+03	1	Системы Администратор	2	is_light_theme: 'False' -> 'True'	12	1
249	2026-04-02 22:27:29.247331+03	1	Системы Администратор	2	is_light_theme: 'True' -> 'False'	12	1
250	2026-04-02 22:27:47.936145+03	26	dfsfds fsdfsf	2	is_verified: 'False' -> 'True'	12	1
251	2026-04-02 22:41:54.354449+03	26	dfsfds fsdfsf	2	is_verified: 'True' -> 'False'	12	1
264	2026-04-03 13:51:58.029917+03	28	методист методист	3	Объект удален: методист методист	12	1
266	2026-04-03 13:53:00.770334+03	29	методист методист	3	Объект удален: методист методист	12	1
267	2026-04-03 13:55:38.276741+03	30	методист методист	3	Объект удален: методист методист	12	1
268	2026-04-03 13:58:28.379777+03	31	asdasd sadasd	3	Объект удален: asdasd sadasd	12	1
269	2026-04-03 14:00:04.380684+03	32	gfdgfdg fdgdf	3	Объект удален: gfdgfdg fdgdf	12	1
270	2026-04-04 03:36:03.516099+03	4	Преподов Препод	2	is_light_theme: 'True' -> 'False'	12	4
271	2026-04-04 03:36:04.09804+03	4	Преподов Препод	2	is_light_theme: 'False' -> 'True'	12	4
272	2026-04-04 03:40:31.334762+03	1	Системы Администратор	2	is_light_theme: 'False' -> 'True'	12	1
273	2026-04-04 03:40:32.100991+03	1	Системы Администратор	2	is_light_theme: 'True' -> 'False'	12	1
274	2026-04-04 03:40:32.677863+03	1	Системы Администратор	2	is_light_theme: 'False' -> 'True'	12	1
275	2026-04-04 03:40:33.289331+03	1	Системы Администратор	2	is_light_theme: 'True' -> 'False'	12	1
276	2026-04-04 03:40:37.183988+03	1	Системы Администратор	2	is_light_theme: 'False' -> 'True'	12	1
277	2026-04-04 03:40:37.828282+03	1	Системы Администратор	2	is_light_theme: 'True' -> 'False'	12	1
278	2026-04-04 03:40:52.837654+03	1	Системы Администратор	2	is_light_theme: 'False' -> 'True'	12	1
279	2026-04-04 03:40:54.036888+03	1	Системы Администратор	2	is_light_theme: 'True' -> 'False'	12	1
280	2026-04-04 03:50:51.165631+03	1	Системы Администратор	2	is_light_theme: 'False' -> 'True'	12	1
281	2026-04-04 03:50:51.881644+03	1	Системы Администратор	2	is_light_theme: 'True' -> 'False'	12	1
282	2026-04-04 03:50:52.253294+03	1	Системы Администратор	2	is_light_theme: 'False' -> 'True'	12	1
283	2026-04-04 03:50:52.649768+03	1	Системы Администратор	2	is_light_theme: 'True' -> 'False'	12	1
284	2026-04-04 03:56:03.944503+03	4	Преподов Препод	2	is_light_theme: 'True' -> 'False'	12	4
285	2026-04-04 03:56:31.070135+03	4	Преподов Препод	2	is_light_theme: 'False' -> 'True'	12	4
286	2026-04-04 03:56:31.578047+03	4	Преподов Препод	2	is_light_theme: 'True' -> 'False'	12	4
287	2026-04-04 03:56:32.06455+03	4	Преподов Препод	2	is_light_theme: 'False' -> 'True'	12	4
288	2026-04-04 03:56:32.383883+03	4	Преподов Препод	2	is_light_theme: 'True' -> 'False'	12	4
289	2026-04-04 03:56:34.468961+03	4	Преподов Препод	2	is_light_theme: 'False' -> 'True'	12	4
290	2026-04-04 03:56:34.897351+03	4	Преподов Препод	2	is_light_theme: 'True' -> 'False'	12	4
291	2026-04-04 04:02:36.167035+03	24	Методистов Методист	2	is_light_theme: 'False' -> 'True'	12	24
292	2026-04-04 04:02:36.979842+03	24	Методистов Методист	2	is_light_theme: 'True' -> 'False'	12	24
293	2026-04-04 04:04:27.724057+03	24	Методистов Методист	2	is_light_theme: 'False' -> 'True'	12	24
294	2026-04-04 04:04:28.766007+03	24	Методистов Методист	2	is_light_theme: 'True' -> 'False'	12	24
295	2026-04-04 04:04:29.214222+03	24	Методистов Методист	2	is_light_theme: 'False' -> 'True'	12	24
296	2026-04-04 04:04:29.52153+03	24	Методистов Методист	2	is_light_theme: 'True' -> 'False'	12	24
297	2026-04-04 04:04:29.984304+03	24	Методистов Методист	2	is_light_theme: 'False' -> 'True'	12	24
298	2026-04-04 04:04:33.063757+03	24	Методистов Методист	2	is_light_theme: 'True' -> 'False'	12	24
299	2026-04-04 17:57:38.55606+03	4	Обратная связь для newnew newnew - новое задание 1 (попытка 1)	2	given_at: '2026-02-09 21:36:49.639150+00:00' -> '2026-04-04 14:57:38.541436+00:00'	32	4
300	2026-04-04 17:57:38.583029+03	5	newnew newnew - новое задание 1 (попытка 1)	2	submission_status: 'на проверке' -> 'завершено'	31	4
301	2026-04-04 17:57:46.365138+03	4	Обратная связь для newnew newnew - новое задание 1 (попытка 1)	2	score: '10' -> '9', given_at: '2026-04-04 14:57:38.541436+00:00' -> '2026-04-04 14:57:46.353138+00:00'	32	4
302	2026-04-04 17:57:53.794679+03	4	Обратная связь для newnew newnew - новое задание 1 (попытка 1)	2	comment_feedback: 'молодец ваще' -> 'молодец ваще!!!', given_at: '2026-04-04 14:57:46.353138+00:00' -> '2026-04-04 14:57:53.784647+00:00'	32	4
303	2026-04-04 17:58:43.413642+03	4	Преподов Препод	2	is_light_theme: 'False' -> 'True'	12	4
304	2026-04-04 17:58:43.973946+03	4	Преподов Препод	2	is_light_theme: 'True' -> 'False'	12	4
305	2026-04-04 17:58:44.430886+03	4	Преподов Препод	2	is_light_theme: 'False' -> 'True'	12	4
306	2026-04-04 17:58:45.563952+03	4	Преподов Препод	2	is_light_theme: 'True' -> 'False'	12	4
307	2026-04-04 17:58:59.240904+03	3	Обратная связь для newnew newnew - новое задание! (попытка 2)	2	score: '5' -> '2', given_at: '2026-02-08 23:15:40.827614+00:00' -> '2026-04-04 14:58:59.230451+00:00'	32	4
308	2026-04-04 17:58:59.254909+03	4	newnew newnew - новое задание! (попытка 2)	2	submission_status: 'на проверке' -> 'на доработке'	31	4
309	2026-04-04 17:59:23.814584+03	3	Обратная связь для newnew newnew - новое задание! (попытка 2)	2	score: '2' -> '4', given_at: '2026-04-04 14:58:59.230451+00:00' -> '2026-04-04 14:59:23.803289+00:00'	32	4
310	2026-04-04 17:59:23.832782+03	4	newnew newnew - новое задание! (попытка 2)	2	submission_status: 'на доработке' -> 'завершено'	31	4
311	2026-04-04 17:59:48.840617+03	3	Обратная связь для newnew newnew - новое задание! (попытка 2)	2	score: '4' -> '3', given_at: '2026-04-04 14:59:23.803289+00:00' -> '2026-04-04 14:59:48.828057+00:00'	32	4
312	2026-04-04 17:59:59.373378+03	3	Обратная связь для newnew newnew - новое задание! (попытка 2)	2	score: '3' -> '5', given_at: '2026-04-04 14:59:48.828057+00:00' -> '2026-04-04 14:59:59.358738+00:00'	32	4
313	2026-04-04 18:00:23.144953+03	4	Преподов Препод	2	is_light_theme: 'False' -> 'True'	12	4
314	2026-04-04 18:00:37.44582+03	4	Преподов Препод	2	is_light_theme: 'True' -> 'False'	12	4
315	2026-04-04 18:03:25.474675+03	4	Преподов Препод	2	is_light_theme: 'False' -> 'True'	12	4
318	2026-04-04 20:46:57.294793+03	10	Тест классной комнаты	2	is_active: 'False' -> 'True'	15	4
319	2026-04-04 21:29:07.294594+03	10	Тест классной комнаты	2	is_active: 'True' -> 'False'	15	4
320	2026-04-04 21:48:10.750305+03	6	тест лекции	1	lecture_name: 'тест лекции', lecture_content: 'sfsdfsdfsdfdsfsdfsdfdfsdfsdfsdfdsfsdfsdfdsfsdfdsfs...', lecture_document_path: '', lecture_order: '1', course: 'Тест классной комнаты', is_active: 'True', created_at: '2026-04-04 18:48:10.741758+00:00', updated_at: '2026-04-04 18:48:10.741758+00:00'	16	4
321	2026-04-05 01:10:01.675332+03	10	Тест классной комнаты	2	is_active: 'False' -> 'True'	15	4
322	2026-04-05 03:02:46.120129+03	4	Преподов Препод	2	is_light_theme: 'False' -> 'True'	12	4
323	2026-04-05 03:02:47.770897+03	4	Преподов Препод	2	is_light_theme: 'True' -> 'False'	12	4
324	2026-04-05 03:22:29.240715+03	4	Преподов Препод	2	is_light_theme: 'False' -> 'True'	12	4
325	2026-04-05 03:22:29.76671+03	4	Преподов Препод	2	is_light_theme: 'True' -> 'False'	12	4
326	2026-04-05 03:28:51.155707+03	4	Преподов Препод	2	is_light_theme: 'False' -> 'True'	12	4
327	2026-04-05 03:28:55.509803+03	4	Преподов Препод	2	is_light_theme: 'True' -> 'False'	12	4
328	2026-04-05 03:31:05.917563+03	4	Преподов Препод	2	is_light_theme: 'False' -> 'True'	12	4
329	2026-04-05 03:31:07.221626+03	4	Преподов Препод	2	is_light_theme: 'True' -> 'False'	12	4
330	2026-04-05 03:31:08.005685+03	4	Преподов Препод	2	is_light_theme: 'False' -> 'True'	12	4
331	2026-04-05 03:31:09.256547+03	4	Преподов Препод	2	is_light_theme: 'True' -> 'False'	12	4
332	2026-04-05 03:33:09.533553+03	4	Преподов Препод	2	is_light_theme: 'False' -> 'True'	12	4
333	2026-04-05 03:33:10.056382+03	4	Преподов Препод	2	is_light_theme: 'True' -> 'False'	12	4
334	2026-04-05 03:34:28.142524+03	4	Преподов Препод	2	is_light_theme: 'False' -> 'True'	12	4
335	2026-04-05 03:34:31.088311+03	4	Преподов Препод	2	is_light_theme: 'True' -> 'False'	12	4
336	2026-04-05 03:34:32.079577+03	4	Преподов Препод	2	is_light_theme: 'False' -> 'True'	12	4
337	2026-04-05 03:34:33.113211+03	4	Преподов Препод	2	is_light_theme: 'True' -> 'False'	12	4
338	2026-04-05 03:37:08.375643+03	4	Преподов Препод	2	is_light_theme: 'False' -> 'True'	12	4
339	2026-04-05 03:37:08.893458+03	4	Преподов Препод	2	is_light_theme: 'True' -> 'False'	12	4
340	2026-04-05 03:38:19.845708+03	4	Преподов Препод	2	is_light_theme: 'False' -> 'True'	12	4
341	2026-04-05 03:38:21.291532+03	4	Преподов Препод	2	is_light_theme: 'True' -> 'False'	12	4
342	2026-04-05 03:41:50.403581+03	10	Тест классной комнаты	2	is_active: 'True' -> 'False'	15	4
343	2026-04-05 03:47:02.133349+03	4	Преподов Препод	2	is_light_theme: 'False' -> 'True'	12	4
344	2026-04-05 03:47:12.232831+03	4	Преподов Препод	2	is_light_theme: 'True' -> 'False'	12	4
345	2026-04-05 03:47:12.797576+03	4	Преподов Препод	2	is_light_theme: 'False' -> 'True'	12	4
346	2026-04-05 03:47:18.716084+03	4	Преподов Препод	2	is_light_theme: 'True' -> 'False'	12	4
347	2026-04-05 03:47:31.967876+03	4	Обратная связь для newnew newnew - новое задание 1 (попытка 1)	2	score: '9' -> '2', given_at: '2026-04-04 14:57:53.784647+00:00' -> '2026-04-05 00:47:31.952836+00:00'	32	4
348	2026-04-05 03:47:31.981876+03	5	newnew newnew - новое задание 1 (попытка 1)	2	submission_status: 'завершено' -> 'на доработке'	31	4
349	2026-04-05 03:47:55.572476+03	4	Обратная связь для newnew newnew - новое задание 1 (попытка 1)	2	score: '2' -> '10', given_at: '2026-04-05 00:47:31.952836+00:00' -> '2026-04-05 00:47:55.560929+00:00'	32	4
350	2026-04-05 03:47:55.586509+03	5	newnew newnew - новое задание 1 (попытка 1)	2	submission_status: 'на доработке' -> 'завершено'	31	4
351	2026-04-05 03:48:05.59376+03	10	Тест классной комнаты	2	is_active: 'False' -> 'True'	15	4
352	2026-04-05 16:10:11.972592+03	10	Носова Анастасия	2	is_light_theme: 'True' -> 'False'	12	10
353	2026-04-05 16:10:12.899086+03	10	Носова Анастасия	2	is_light_theme: 'False' -> 'True'	12	10
354	2026-04-05 16:10:13.426607+03	10	Носова Анастасия	2	is_light_theme: 'True' -> 'False'	12	10
355	2026-04-05 16:10:14.117158+03	10	Носова Анастасия	2	is_light_theme: 'False' -> 'True'	12	10
356	2026-04-05 16:10:15.088686+03	10	Носова Анастасия	2	is_light_theme: 'True' -> 'False'	12	10
357	2026-04-05 17:38:26.585494+03	39	Носова Анастасия - тест_проверка1 (попытка 8)	1	user: 'Носова Анастасия', test: 'тест_проверка1', completion_date: '2026-04-05 14:38:26.564496+00:00', final_score: '0', is_passed: 'None', attempt_number: '8', time_spent: 'None'	26	10
358	2026-04-05 17:53:43.320075+03	10	Носова Анастасия	2	is_light_theme: 'False' -> 'True'	12	10
359	2026-04-05 17:53:43.987094+03	10	Носова Анастасия	2	is_light_theme: 'True' -> 'False'	12	10
360	2026-04-05 17:53:44.425475+03	10	Носова Анастасия	2	is_light_theme: 'False' -> 'True'	12	10
361	2026-04-05 17:53:45.293462+03	10	Носова Анастасия	2	is_light_theme: 'True' -> 'False'	12	10
362	2026-04-05 18:06:47.770695+03	18	Носова Анастасия - новое задание 1 (попытка 1)	1	user: 'Носова Анастасия', practical_assignment: 'новое задание 1', submission_date: '2026-04-05 15:06:47.757697+00:00', submission_status: 'на проверке', attempt_number: '1', comment: 'все сделал', submitted_at: '2026-04-05 15:06:47.762695+00:00'	31	10
363	2026-04-05 18:06:47.787701+03	24	популярные_курсы_2026-02-21_по_2026-03-23.pdf	1	user_assignment: 'Носова Анастасия - новое задание 1 (попытка 1)', file: 'assignment_submissions/2026/04/05/популярные_курсы...', uploaded_at: '2026-04-05 15:06:47.779698+00:00', file_name: 'популярные_курсы_2026-02-21_по_2026-03-23.pdf', file_size: '24101', description: 'None'	33	10
364	2026-04-05 18:07:11.278044+03	19	Носова Анастасия - новое задание 1 (попытка 2)	1	user: 'Носова Анастасия', practical_assignment: 'новое задание 1', submission_date: '2026-04-05 15:07:11.269041+00:00', submission_status: 'на проверке', attempt_number: '2', comment: 'поменял', submitted_at: '2026-04-05 15:07:11.275042+00:00'	31	10
439	2026-04-06 00:58:26.550386+03	49	брянцев сергей - Аналитика данных	3	Объект удален: брянцев сергей - Аналитика данных	28	1
365	2026-04-05 18:07:11.290043+03	25	популярные_курсы_2026-02-21_по_2026-03-23.pdf	1	user_assignment: 'Носова Анастасия - новое задание 1 (попытка 2)', file: 'assignment_submissions/2026/04/05/популярные_курсы...', uploaded_at: '2026-04-05 15:07:11.288044+00:00', file_name: 'популярные_курсы_2026-02-21_по_2026-03-23.pdf', file_size: '24101', description: 'None'	33	10
366	2026-04-05 18:11:42.837351+03	10	Носова Анастасия	2	is_light_theme: 'False' -> 'True'	12	10
367	2026-04-05 18:11:48.149821+03	10	Носова Анастасия	2	is_light_theme: 'True' -> 'False'	12	10
368	2026-04-05 18:19:21.960801+03	10	Носова Анастасия	2	is_light_theme: 'False' -> 'True'	12	10
369	2026-04-05 18:19:22.994846+03	10	Носова Анастасия	2	is_light_theme: 'True' -> 'False'	12	10
370	2026-04-05 18:20:34.100798+03	10	Носова Анастасия	2	is_light_theme: 'False' -> 'True'	12	10
371	2026-04-05 18:20:34.908101+03	10	Носова Анастасия	2	is_light_theme: 'True' -> 'False'	12	10
372	2026-04-05 18:38:14.026695+03	10	Носова Анастасия	2	is_light_theme: 'False' -> 'True'	12	10
373	2026-04-05 18:38:14.950929+03	10	Носова Анастасия	2	is_light_theme: 'True' -> 'False'	12	10
374	2026-04-05 18:38:15.430221+03	10	Носова Анастасия	2	is_light_theme: 'False' -> 'True'	12	10
375	2026-04-05 18:38:16.17783+03	10	Носова Анастасия	2	is_light_theme: 'True' -> 'False'	12	10
376	2026-04-05 18:38:16.634629+03	10	Носова Анастасия	2	is_light_theme: 'False' -> 'True'	12	10
377	2026-04-05 18:38:17.683785+03	10	Носова Анастасия	2	is_light_theme: 'True' -> 'False'	12	10
378	2026-04-05 18:38:18.286716+03	10	Носова Анастасия	2	is_light_theme: 'False' -> 'True'	12	10
379	2026-04-05 18:38:18.833234+03	10	Носова Анастасия	2	is_light_theme: 'True' -> 'False'	12	10
380	2026-04-05 18:38:19.132507+03	10	Носова Анастасия	2	is_light_theme: 'False' -> 'True'	12	10
381	2026-04-05 18:38:19.524398+03	10	Носова Анастасия	2	is_light_theme: 'True' -> 'False'	12	10
382	2026-04-05 18:38:19.879921+03	10	Носова Анастасия	2	is_light_theme: 'False' -> 'True'	12	10
383	2026-04-05 18:38:26.33826+03	10	Носова Анастасия	2	is_light_theme: 'True' -> 'False'	12	10
384	2026-04-05 18:39:23.874238+03	25	Носова Анастасия - Аналитика данных	2	is_active: 'True' -> 'False'	28	10
385	2026-04-05 18:39:40.724373+03	25	Носова Анастасия - Аналитика данных	2	is_active: 'False' -> 'True'	28	10
386	2026-04-05 18:56:56.672817+03	13	Обратная связь для Носова Анастасия - проверка задания1 (попытка 1)	2	[Админка] score: '7' -> '9'	32	1
387	2026-04-05 18:56:56.698725+03	13	Обратная связь для Носова Анастасия - проверка задания1 (попытка 1)	2	[{"changed": {"fields": ["\\u0411\\u0430\\u043b\\u043b"]}}]	32	1
388	2026-04-05 18:58:36.542958+03	10	Носова Анастасия	2	is_light_theme: 'False' -> 'True'	12	10
389	2026-04-05 18:58:37.640104+03	10	Носова Анастасия	2	is_light_theme: 'True' -> 'False'	12	10
390	2026-04-05 19:02:54.460976+03	10	Носова Анастасия	2	is_light_theme: 'False' -> 'True'	12	10
391	2026-04-05 19:02:55.023076+03	10	Носова Анастасия	2	is_light_theme: 'True' -> 'False'	12	10
392	2026-04-05 19:41:16.573741+03	10	Носова Анастасия	2	is_light_theme: 'False' -> 'True'	12	10
393	2026-04-05 19:41:17.359632+03	10	Носова Анастасия	2	is_light_theme: 'True' -> 'False'	12	10
394	2026-04-05 21:40:00.311219+03	94	Носова Анастасия - как жизнь	1	user: 'Носова Анастасия', question: 'как жизнь', answer_text: 'None', answer_date: '2026-04-05 18:40:00.285652+00:00', attempt_number: '9', score: 'None'	27	10
395	2026-04-05 21:40:00.334339+03	94	Носова Анастасия - как жизнь	2	score: 'None' -> '0'	27	10
396	2026-04-05 21:40:00.342561+03	95	Носова Анастасия - напишите привет	1	user: 'Носова Анастасия', question: 'напишите привет', answer_text: 'None', answer_date: '2026-04-05 18:40:00.337338+00:00', attempt_number: '9', score: 'None'	27	10
397	2026-04-05 21:40:00.350459+03	95	Носова Анастасия - напишите привет	2	score: 'None' -> '0'	27	10
398	2026-04-05 21:40:00.360742+03	96	Носова Анастасия - сопоставьте слова по смыслу	1	user: 'Носова Анастасия', question: 'сопоставьте слова по смыслу', answer_text: 'None', answer_date: '2026-04-05 18:40:00.353462+00:00', attempt_number: '9', score: 'None'	27	10
399	2026-04-05 21:40:00.370325+03	96	Носова Анастасия - сопоставьте слова по смыслу	2	score: 'None' -> '0'	27	10
400	2026-04-05 21:40:00.381688+03	40	Носова Анастасия - тест_проверка1 (попытка 9)	1	user: 'Носова Анастасия', test: 'тест_проверка1', completion_date: '2026-04-05 18:40:00.372864+00:00', final_score: '0', is_passed: 'None', attempt_number: '9', time_spent: 'None'	26	10
401	2026-04-05 22:05:00.933465+03	97	Носова Анастасия - как жизнь	1	user: 'Носова Анастасия', question: 'как жизнь', answer_text: 'None', answer_date: '2026-04-05 19:05:00.917460+00:00', attempt_number: '10', score: 'None'	27	10
402	2026-04-05 22:05:00.96049+03	36	Носова Анастасия - как жизнь - хорошо	1	user_answer: 'Носова Анастасия - как жизнь', choice_option: 'хорошо', selected_at: '2026-04-05 19:05:00.953621+00:00'	34	10
403	2026-04-05 22:05:00.974924+03	97	Носова Анастасия - как жизнь	2	score: 'None' -> '1'	27	10
404	2026-04-05 22:05:00.986663+03	98	Носова Анастасия - напишите привет	1	user: 'Носова Анастасия', question: 'напишите привет', answer_text: 'None', answer_date: '2026-04-05 19:05:00.978647+00:00', attempt_number: '10', score: 'None'	27	10
405	2026-04-05 22:05:01.004657+03	98	Носова Анастасия - напишите привет	2	answer_text: 'None' -> 'привет'	27	10
406	2026-04-05 22:05:01.021628+03	98	Носова Анастасия - напишите привет	2	score: 'None' -> '1'	27	10
407	2026-04-05 22:05:01.033266+03	99	Носова Анастасия - сопоставьте слова по смыслу	1	user: 'Носова Анастасия', question: 'сопоставьте слова по смыслу', answer_text: 'None', answer_date: '2026-04-05 19:05:01.026446+00:00', attempt_number: '10', score: 'None'	27	10
474	2026-04-06 01:22:26.455762+03	4	Преподов Препод	2	is_light_theme: 'False' -> 'True'	12	4
408	2026-04-05 22:05:01.058799+03	88	Носова Анастасия - сопоставьте слова по смыслу - привет -> приветствие	1	user_answer: 'Носова Анастасия - сопоставьте слова по смыслу', matching_pair: 'привет -> приветствие', user_selected_right_text: 'приветствие', selected_at: '2026-04-05 19:05:01.052270+00:00'	30	10
409	2026-04-05 22:05:01.069798+03	89	Носова Анастасия - сопоставьте слова по смыслу - пока-пока -> что надо сказать перед тем как	1	user_answer: 'Носова Анастасия - сопоставьте слова по смыслу', matching_pair: 'пока-пока -> что надо сказать перед тем как', user_selected_right_text: 'что надо сказать перед тем как уйти', selected_at: '2026-04-05 19:05:01.068795+00:00'	30	10
410	2026-04-05 22:05:01.078923+03	90	Носова Анастасия - сопоставьте слова по смыслу - вежливое приветствие -> здравствуйте	1	user_answer: 'Носова Анастасия - сопоставьте слова по смыслу', matching_pair: 'вежливое приветствие -> здравствуйте', user_selected_right_text: 'здравствуйте', selected_at: '2026-04-05 19:05:01.076821+00:00'	30	10
411	2026-04-05 22:05:01.09261+03	99	Носова Анастасия - сопоставьте слова по смыслу	2	score: 'None' -> '5'	27	10
412	2026-04-05 22:05:01.108615+03	41	Носова Анастасия - тест_проверка1 (попытка 10)	1	user: 'Носова Анастасия', test: 'тест_проверка1', completion_date: '2026-04-05 19:05:01.096614+00:00', final_score: '7', is_passed: 'None', attempt_number: '10', time_spent: 'None'	26	10
413	2026-04-05 22:25:16.325277+03	10	Носова Анастасия	2	is_light_theme: 'False' -> 'True'	12	10
414	2026-04-05 22:25:17.199237+03	10	Носова Анастасия	2	is_light_theme: 'True' -> 'False'	12	10
415	2026-04-05 22:25:18.080239+03	10	Носова Анастасия	2	is_light_theme: 'False' -> 'True'	12	10
416	2026-04-05 22:25:19.002479+03	10	Носова Анастасия	2	is_light_theme: 'True' -> 'False'	12	10
417	2026-04-05 22:56:35.97178+03	10	Носова Анастасия	2	is_light_theme: 'False' -> 'True'	12	10
418	2026-04-05 22:56:36.841061+03	10	Носова Анастасия	2	is_light_theme: 'True' -> 'False'	12	10
419	2026-04-05 22:56:37.660864+03	10	Носова Анастасия	2	is_light_theme: 'False' -> 'True'	12	10
420	2026-04-05 22:56:38.391907+03	10	Носова Анастасия	2	is_light_theme: 'True' -> 'False'	12	10
421	2026-04-05 23:09:26.976729+03	19	Носова Анастасия - тест	2	is_active: 'False' -> 'True'	28	10
422	2026-04-05 23:09:42.112979+03	22	Носова Анастасия - ну еще	2	is_active: 'False' -> 'True'	28	10
434	2026-04-06 00:58:26.536344+03	44	брянцев сергей - ну еще	3	Объект удален: брянцев сергей - ну еще	28	1
435	2026-04-06 00:58:26.540346+03	45	брянцев сергей - проверка123	3	Объект удален: брянцев сергей - проверка123	28	1
436	2026-04-06 00:58:26.542342+03	46	брянцев сергей - новый	3	Объект удален: брянцев сергей - новый	28	1
437	2026-04-06 00:58:26.545389+03	47	брянцев сергей - еще один	3	Объект удален: брянцев сергей - еще один	28	1
438	2026-04-06 00:58:26.54839+03	48	брянцев сергей - тест	3	Объект удален: брянцев сергей - тест	28	1
475	2026-04-06 01:24:21.068081+03	4	Преподов Препод	2	is_light_theme: 'True' -> 'False'	12	4
476	2026-04-06 01:24:21.467052+03	4	Преподов Препод	2	is_light_theme: 'False' -> 'True'	12	4
477	2026-04-06 01:24:22.055427+03	4	Преподов Препод	2	is_light_theme: 'True' -> 'False'	12	4
478	2026-04-06 01:24:23.303715+03	4	Преподов Препод	2	is_light_theme: 'False' -> 'True'	12	4
479	2026-04-06 01:24:24.348296+03	4	Преподов Препод	2	is_light_theme: 'True' -> 'False'	12	4
480	2026-04-06 01:24:24.863271+03	4	Преподов Препод	2	is_light_theme: 'False' -> 'True'	12	4
481	2026-04-06 01:24:30.468821+03	4	Преподов Препод	2	is_light_theme: 'True' -> 'False'	12	4
482	2026-04-06 01:24:31.380712+03	4	Преподов Препод	2	is_light_theme: 'False' -> 'True'	12	4
483	2026-04-06 01:24:34.264121+03	4	Преподов Препод	2	is_light_theme: 'True' -> 'False'	12	4
484	2026-04-06 01:24:36.167387+03	4	Преподов Препод	2	is_light_theme: 'False' -> 'True'	12	4
485	2026-04-06 01:25:45.869695+03	4	Преподов Препод	2	is_light_theme: 'True' -> 'False'	12	4
486	2026-04-06 01:25:46.320015+03	4	Преподов Препод	2	is_light_theme: 'False' -> 'True'	12	4
487	2026-04-06 01:25:50.684745+03	4	Преподов Препод	2	is_light_theme: 'True' -> 'False'	12	4
488	2026-04-06 01:25:51.706096+03	4	Преподов Препод	2	is_light_theme: 'False' -> 'True'	12	4
489	2026-04-06 01:25:52.921986+03	4	Преподов Препод	2	is_light_theme: 'True' -> 'False'	12	4
490	2026-04-06 01:25:53.407051+03	4	Преподов Препод	2	is_light_theme: 'False' -> 'True'	12	4
491	2026-04-06 01:25:54.13877+03	4	Преподов Препод	2	is_light_theme: 'True' -> 'False'	12	4
492	2026-04-06 01:25:54.580936+03	4	Преподов Препод	2	is_light_theme: 'False' -> 'True'	12	4
493	2026-04-06 01:26:11.605004+03	4	Преподов Препод	2	is_light_theme: 'True' -> 'False'	12	4
494	2026-04-06 01:26:12.040062+03	4	Преподов Препод	2	is_light_theme: 'False' -> 'True'	12	4
495	2026-04-06 01:26:38.224063+03	4	Преподов Препод	2	is_light_theme: 'True' -> 'False'	12	4
496	2026-04-06 01:26:39.565091+03	4	Преподов Препод	2	is_light_theme: 'False' -> 'True'	12	4
497	2026-04-06 01:29:07.561665+03	4	Преподов Препод	2	is_light_theme: 'True' -> 'False'	12	4
498	2026-04-06 01:29:08.823621+03	4	Преподов Препод	2	is_light_theme: 'False' -> 'True'	12	4
499	2026-04-06 01:29:43.084774+03	4	Преподов Препод	2	is_light_theme: 'True' -> 'False'	12	4
500	2026-04-06 01:29:43.94981+03	4	Преподов Препод	2	is_light_theme: 'False' -> 'True'	12	4
501	2026-04-06 01:29:44.367721+03	4	Преподов Препод	2	is_light_theme: 'True' -> 'False'	12	4
502	2026-04-06 01:29:47.692872+03	4	Преподов Препод	2	is_light_theme: 'False' -> 'True'	12	4
503	2026-04-06 01:29:49.472111+03	4	Преподов Препод	2	is_light_theme: 'True' -> 'False'	12	4
504	2026-04-06 01:29:51.401988+03	4	Преподов Препод	2	is_light_theme: 'False' -> 'True'	12	4
440	2026-04-06 00:58:26.554391+03	50	брянцев сергей - Основы программирования на Java	3	Объект удален: брянцев сергей - Основы программирования на Java	28	1
441	2026-04-06 00:58:26.557387+03	33	брянцев сергей	3	Объект удален: брянцев сергей	12	1
459	2026-04-06 01:17:19.273966+03	5	Преподов Препод - проверка123	1	course: 'проверка123', teacher: 'Преподов Препод', start_date: '2026-04-06', is_active: 'True'	35	1
460	2026-04-06 01:17:57.195419+03	4	Преподов Препод	2	is_light_theme: 'False' -> 'True'	12	4
461	2026-04-06 01:18:00.87295+03	4	Преподов Препод	2	is_light_theme: 'True' -> 'False'	12	4
462	2026-04-06 01:20:59.137609+03	4	Преподов Препод	2	is_light_theme: 'False' -> 'True'	12	4
463	2026-04-06 01:20:59.780937+03	4	Преподов Препод	2	is_light_theme: 'True' -> 'False'	12	4
464	2026-04-06 01:21:00.151996+03	4	Преподов Препод	2	is_light_theme: 'False' -> 'True'	12	4
465	2026-04-06 01:21:00.873841+03	4	Преподов Препод	2	is_light_theme: 'True' -> 'False'	12	4
466	2026-04-06 01:21:01.32689+03	4	Преподов Препод	2	is_light_theme: 'False' -> 'True'	12	4
467	2026-04-06 01:21:17.008046+03	4	Преподов Препод	2	is_light_theme: 'True' -> 'False'	12	4
468	2026-04-06 01:21:18.423821+03	4	Преподов Препод	2	is_light_theme: 'False' -> 'True'	12	4
469	2026-04-06 01:21:19.192066+03	4	Преподов Препод	2	is_light_theme: 'True' -> 'False'	12	4
470	2026-04-06 01:21:19.613353+03	4	Преподов Препод	2	is_light_theme: 'False' -> 'True'	12	4
471	2026-04-06 01:22:23.549864+03	20	Обратная связь для Брянцев Сергей - проверка задания1 (попытка 1)	1	user_practical_assignment: 'Брянцев Сергей - проверка задания1 (попытка 1)', score: '9', is_passed: 'None', comment_feedback: 'молодец', given_at: '2026-04-05 22:22:23.538862+00:00', given_by: 'Преподов Препод'	32	4
472	2026-04-06 01:22:23.567643+03	20	Брянцев Сергей - проверка задания1 (попытка 1)	2	submission_status: 'на проверке' -> 'завершено'	31	4
473	2026-04-06 01:22:25.796673+03	4	Преподов Препод	2	is_light_theme: 'True' -> 'False'	12	4
519	2026-04-06 02:06:08.127277+03	6	Отзыв от Брянцев Сергей на проверка123	2	[Админка] publish_date: '2026-04-05 23:05:34.237246+00:00' -> '2026-04-06 02:05:34+03:00', is_approved: 'False' -> 'True'	22	1
520	2026-04-06 02:06:08.130206+03	6	Отзыв от Брянцев Сергей на проверка123	2	[{"changed": {"fields": ["\\u041e\\u0434\\u043e\\u0431\\u0440\\u0435\\u043d"]}}]	22	1
536	2026-04-06 02:48:06.052839+03	20	Брянцев Сергей - проверка задания1 (попытка 1)	3		31	1
537	2026-04-06 02:48:06.060841+03	20	Обратная связь для Брянцев Сергей - проверка задания1 (попытка 1)	3	[Админка] Объект удален: Обратная связь для Брянцев Сергей - проверка задания1 (попытка 1)	32	1
538	2026-04-06 02:48:06.061839+03	26	receipt_3164f1a0-000f-5000-b000-10042a8599c4.pdf	3	[Админка] Объект удален: receipt_3164f1a0-000f-5000-b000-10042a8599c4.pdf	33	1
539	2026-04-06 02:48:06.064843+03	20	Брянцев Сергей - проверка задания1 (попытка 1)	3	[Админка] Объект удален: Брянцев Сергей - проверка задания1 (попытка 1)	31	1
543	2026-04-06 02:49:40.342508+03	21	Обратная связь для Брянцев Сергей - проверка задания1 (попытка 1)	1	user_practical_assignment: 'Брянцев Сергей - проверка задания1 (попытка 1)', score: '9', is_passed: 'None', comment_feedback: 'молодец', given_at: '2026-04-05 23:49:40.340070+00:00', given_by: 'Преподов Препод'	32	4
544	2026-04-06 02:49:40.355073+03	21	Брянцев Сергей - проверка задания1 (попытка 1)	2	submission_status: 'на проверке' -> 'завершено'	31	4
547	2026-04-06 03:26:30.811094+03	21	Брянцев Сергей - проверка задания1 (попытка 1)	3		31	1
548	2026-04-06 03:26:30.827951+03	21	Обратная связь для Брянцев Сергей - проверка задания1 (попытка 1)	3	[Админка] Объект удален: Обратная связь для Брянцев Сергей - проверка задания1 (попытка 1)	32	1
549	2026-04-06 03:26:30.829949+03	27	ВиПКС отчеты.docx	3	[Админка] Объект удален: ВиПКС отчеты.docx	33	1
550	2026-04-06 03:26:30.830944+03	28	receipt_3164f1a0-000f-5000-b000-10042a8599c4.pdf	3	[Админка] Объект удален: receipt_3164f1a0-000f-5000-b000-10042a8599c4.pdf	33	1
551	2026-04-06 03:26:30.832945+03	21	Брянцев Сергей - проверка задания1 (попытка 1)	3	[Админка] Объект удален: Брянцев Сергей - проверка задания1 (попытка 1)	31	1
554	2026-04-06 03:27:28.870065+03	22	Обратная связь для Брянцев Сергей - проверка задания1 (попытка 1)	1	user_practical_assignment: 'Брянцев Сергей - проверка задания1 (попытка 1)', score: '8', is_passed: 'None', comment_feedback: 'молодец', given_at: '2026-04-06 00:27:28.867064+00:00', given_by: 'Преподов Препод'	32	4
555	2026-04-06 03:27:28.883377+03	22	Брянцев Сергей - проверка задания1 (попытка 1)	2	submission_status: 'на проверке' -> 'завершено'	31	4
556	2026-04-06 03:27:28.925787+03	51	Брянцев Сергей - проверка123	2	status_course: 'False' -> 'True', completion_date: 'None' -> '2026-04-06'	28	4
560	2026-04-06 04:38:18.00087+03	35	asdasd sdsad	3	Объект удален: asdasd sdsad	12	1
561	2026-04-06 04:38:22.033803+03	22	Обратная связь для Брянцев Сергей - проверка задания1 (попытка 1)	3	Объект удален: Обратная связь для Брянцев Сергей - проверка задания1 (попытка 1)	32	1
562	2026-04-06 04:38:22.036803+03	29	мм_лекции (3).docx	3	Объект удален: мм_лекции (3).docx	33	1
563	2026-04-06 04:38:22.039801+03	8	Сертификат CERT-20260406002820-XGN7J2 - Брянцев Сергей	3	Объект удален: Сертификат CERT-20260406002820-XGN7J2 - Брянцев Сергей	29	1
564	2026-04-06 04:38:22.046875+03	7	Отзыв от Брянцев Сергей на проверка123	3	Объект удален: Отзыв от Брянцев Сергей на проверка123	22	1
565	2026-04-06 04:38:22.060172+03	37	Брянцев Сергей - как жизнь - хорошо	3	Объект удален: Брянцев Сергей - как жизнь - хорошо	34	1
566	2026-04-06 04:38:22.068858+03	91	Брянцев Сергей - сопоставьте слова по смыслу - привет -> приветствие	3	Объект удален: Брянцев Сергей - сопоставьте слова по смыслу - привет -> приветствие	30	1
567	2026-04-06 04:38:22.072933+03	92	Брянцев Сергей - сопоставьте слова по смыслу - пока-пока -> что надо сказать перед тем как	3	Объект удален: Брянцев Сергей - сопоставьте слова по смыслу - пока-пока -> что надо сказать перед тем как	30	1
568	2026-04-06 04:38:22.0767+03	93	Брянцев Сергей - сопоставьте слова по смыслу - вежливое приветствие -> здравствуйте	3	Объект удален: Брянцев Сергей - сопоставьте слова по смыслу - вежливое приветствие -> здравствуйте	30	1
569	2026-04-06 04:38:22.084713+03	42	Брянцев Сергей - тест_проверка1 (попытка 1)	3	Объект удален: Брянцев Сергей - тест_проверка1 (попытка 1)	26	1
570	2026-04-06 04:38:22.088716+03	25	guiznotes@mail.ru - 976557 (использован)	3	Объект удален: guiznotes@mail.ru - 976557 (использован)	17	1
571	2026-04-06 04:38:22.091713+03	26	guiznotes@mail.ru - 757703 (использован)	3	Объект удален: guiznotes@mail.ru - 757703 (использован)	17	1
572	2026-04-06 04:38:22.092715+03	27	guiznotes@mail.ru - 090049 (использован)	3	Объект удален: guiznotes@mail.ru - 090049 (использован)	17	1
573	2026-04-06 04:38:22.096714+03	22	Брянцев Сергей - проверка задания1 (попытка 1)	3	Объект удален: Брянцев Сергей - проверка задания1 (попытка 1)	31	1
574	2026-04-06 04:38:22.100758+03	51	Брянцев Сергей - проверка123	3	Объект удален: Брянцев Сергей - проверка123	28	1
575	2026-04-06 04:38:22.103714+03	52	Брянцев Сергей - новый	3	Объект удален: Брянцев Сергей - новый	28	1
576	2026-04-06 04:38:22.105714+03	53	Брянцев Сергей - еще один	3	Объект удален: Брянцев Сергей - еще один	28	1
577	2026-04-06 04:38:22.108716+03	54	Брянцев Сергей - ну еще	3	Объект удален: Брянцев Сергей - ну еще	28	1
578	2026-04-06 04:38:22.110714+03	55	Брянцев Сергей - тест	3	Объект удален: Брянцев Сергей - тест	28	1
579	2026-04-06 04:38:22.113714+03	56	Брянцев Сергей - тест бесплатный	3	Объект удален: Брянцев Сергей - тест бесплатный	28	1
580	2026-04-06 04:38:22.116037+03	57	Брянцев Сергей - Тест классной комнаты	3	Объект удален: Брянцев Сергей - Тест классной комнаты	28	1
581	2026-04-06 04:38:22.118715+03	58	Брянцев Сергей - Основы программирования на Java	3	Объект удален: Брянцев Сергей - Основы программирования на Java	28	1
582	2026-04-06 04:38:22.121993+03	100	Брянцев Сергей - как жизнь	3	Объект удален: Брянцев Сергей - как жизнь	27	1
583	2026-04-06 04:38:22.123713+03	101	Брянцев Сергей - напишите привет	3	Объект удален: Брянцев Сергей - напишите привет	27	1
584	2026-04-06 04:38:22.126714+03	102	Брянцев Сергей - сопоставьте слова по смыслу	3	Объект удален: Брянцев Сергей - сопоставьте слова по смыслу	27	1
585	2026-04-06 04:38:22.127712+03	34	Брянцев Сергей	3	Объект удален: Брянцев Сергей	12	1
612	2026-04-06 23:51:24.818957+03	11	Квантовая физика в теории и задачах	1	course_name: 'Квантовая физика в теории и задачах', course_description: 'Курс позволит подтянуть знания по одному из интере...', course_price: '120', course_category: 'физика', course_photo_path: 'course_photos/2026/04/06/photo_2026-03-20_16-13-01...', has_certificate: 'False', course_max_places: 'None', course_hours: '20', is_completed: 'True', code_link: 'None', course_type: 'образовательная программа', created_by: 'None', is_active: 'True', created_at: '2026-04-06 20:51:24.805958+00:00'	15	1
613	2026-04-06 23:51:29.917659+03	11	Квантовая физика в теории и задачах	2	has_certificate: 'False' -> 'True'	15	1
614	2026-04-06 23:51:51.218993+03	6	Преподов Препод - Квантовая физика в теории и задачах	1	course: 'Квантовая физика в теории и задачах', teacher: 'Преподов Препод', start_date: '2026-04-06', is_active: 'True'	35	1
615	2026-04-06 23:53:40.127656+03	7	Лекция №1	1	[Админка] lecture_name: 'Лекция №1', lecture_content: 'Квантовая физика — раздел теоретической физики, в ...', lecture_document_path: 'lectures/2026/04/06/лекция1.docx', lecture_order: '1', course: 'Квантовая физика в теории и задачах', is_active: 'True', created_at: '2026-04-06 20:53:40.124664+00:00', updated_at: '2026-04-06 20:53:40.124664+00:00'	16	1
616	2026-04-06 23:53:40.129658+03	7	Лекция №1	1	[{"added": {}}]	16	1
617	2026-04-06 23:55:16.119646+03	7	Практическая задача №1	1	[Админка] practical_assignment_name: 'Практическая задача №1', practical_assignment_description: 'Выполните и прикрепите выполненное задание.', assignment_document_path: '', assignment_criteria: 'Всё должно быть хорошо.', lecture: 'Лекция №1', assignment_deadline: '2026-04-10 23:54:50+03:00', grading_type: 'pass_fail', max_score: 'None', passing_score: 'None', is_active: 'True', created_at: '2026-04-06 20:55:16.113644+00:00', updated_at: '2026-04-06 20:55:16.113644+00:00', is_can_pin_after_deadline: 'True'	18	1
618	2026-04-06 23:55:16.123647+03	7	Практическая задача №1	1	[{"added": {}}]	18	1
619	2026-04-06 23:55:46.714041+03	7	Практическая задача №1	2	[Админка] assignment_document_path: '' -> 'assignments/2026/04/06/лекция1.docx', updated_at: '2026-04-06 20:55:16.113644+00:00' -> '2026-04-06 20:55:46.712039+00:00'	18	1
620	2026-04-06 23:55:46.717041+03	7	Практическая задача №1	2	[{"changed": {"fields": ["\\u0414\\u043e\\u043a\\u0443\\u043c\\u0435\\u043d\\u0442 \\u0437\\u0430\\u0434\\u0430\\u043d\\u0438\\u044f"]}}]	18	1
621	2026-04-06 23:56:42.227074+03	8	Тест №1	1	[Админка] test_name: 'Тест №1', test_description: 'Ответьте на все вопросы теста.', is_final: 'False', lecture: 'Лекция №1', max_attempts: '20', grading_form: 'points', passing_score: '4', is_active: 'True', created_at: '2026-04-06 20:56:42.223076+00:00', updated_at: '2026-04-06 20:56:42.223076+00:00'	25	1
622	2026-04-06 23:56:42.229075+03	8	Тест №1	1	[{"added": {}}]	25	1
623	2026-04-06 23:57:22.429903+03	12	1. Какое явление классическая физика конца XIX век...	1	[Админка] test: 'Тест №1', question_text: '1. Какое явление классическая физика конца XIX век...', answer_type: 'один ответ', question_score: '1', correct_text: '', question_order: '1'	19	1
624	2026-04-06 23:57:22.43322+03	12	1. Какое явление классическая физика конца XIX век...	1	[{"added": {}}]	19	1
625	2026-04-06 23:57:43.158227+03	13	2. Какую фундаментальную константу ввёл Макс Планк...	1	[Админка] test: 'Тест №1', question_text: '2. Какую фундаментальную константу ввёл Макс Планк...', answer_type: 'один ответ', question_score: '2', correct_text: '', question_order: '2'	19	1
626	2026-04-06 23:57:43.161194+03	13	2. Какую фундаментальную константу ввёл Макс Планк...	1	[{"added": {}}]	19	1
627	2026-04-06 23:59:06.107237+03	14	Квадрат модуля волновой функции описывает ________...	1	[Админка] test: 'Тест №1', question_text: 'Квадрат модуля волновой функции описывает ________...', answer_type: 'текст', question_score: '1', correct_text: 'вероятность', question_order: '3'	19	1
628	2026-04-06 23:59:06.111054+03	14	Квадрат модуля волновой функции описывает ________...	1	[{"added": {}}]	19	1
629	2026-04-07 00:00:03.472792+03	15	Соотнесите учёного и его вклад. Выберите соответст...	1	[Админка] test: 'Тест №1', question_text: 'Соотнесите учёного и его вклад. Выберите соответст...', answer_type: 'сопоставление', question_score: '2', correct_text: '', question_order: '4'	19	1
630	2026-04-07 00:00:03.474792+03	15	Соотнесите учёного и его вклад. Выберите соответст...	1	[{"added": {}}]	19	1
631	2026-04-07 00:00:32.569869+03	10	А) Макс Планк -> 3) Квант энергии и постоянная 	1	[Админка] question: 'Соотнесите учёного и его вклад. Выберите соответст...', left_text: 'А) Макс Планк', right_text: '3) Квант энергии и постоянная h'	20	1
632	2026-04-07 00:00:32.572871+03	10	А) Макс Планк -> 3) Квант энергии и постоянная 	1	[{"added": {}}]	20	1
633	2026-04-07 00:00:43.249042+03	11	Б) Нильс Бор -> 4) Модель атома с дискретными 	1	[Админка] question: 'Соотнесите учёного и его вклад. Выберите соответст...', left_text: 'Б) Нильс Бор', right_text: '4) Модель атома с дискретными орбитами'	20	1
634	2026-04-07 00:00:43.251042+03	11	Б) Нильс Бор -> 4) Модель атома с дискретными 	1	[{"added": {}}]	20	1
635	2026-04-07 00:00:51.423842+03	12	В) Альберт Эйнштейн -> 1) Объяснил фотоэффект (фотоны	1	[Админка] question: 'Соотнесите учёного и его вклад. Выберите соответст...', left_text: 'В) Альберт Эйнштейн', right_text: '1) Объяснил фотоэффект (фотоны)'	20	1
636	2026-04-07 00:00:51.425787+03	12	В) Альберт Эйнштейн -> 1) Объяснил фотоэффект (фотоны	1	[{"added": {}}]	20	1
637	2026-04-07 00:01:01.699482+03	13	Г) Эрвин Шрёдингер -> 2) Волновое уравнение и волнов	1	[Админка] question: 'Соотнесите учёного и его вклад. Выберите соответст...', left_text: 'Г) Эрвин Шрёдингер', right_text: '2) Волновое уравнение и волновая функция'	20	1
638	2026-04-07 00:01:01.701021+03	13	Г) Эрвин Шрёдингер -> 2) Волновое уравнение и волнов	1	[{"added": {}}]	20	1
639	2026-04-07 00:02:32.945493+03	60	Носова Анастасия - Квантовая физика в теории и задачах	1	user: 'Носова Анастасия', course: 'Квантовая физика в теории и задачах', registration_date: '2026-04-07', status_course: 'False', payment_date: '2026-04-06 21:02:32.928802+00:00', completion_date: 'None', course_price: '120.00', is_active: 'True', enrolled_at: '2026-04-06 21:02:32.944492+00:00', payment_id: '3166330a-000f-5000-b000-10055373a27c'	28	10
640	2026-04-07 00:07:27.16425+03	13	А) Падение яблока с дерева	1	[Админка] question: '1. Какое явление классическая физика конца XIX век...', option_text: 'А) Падение яблока с дерева', is_correct: 'False'	21	1
641	2026-04-07 00:07:27.175639+03	13	А) Падение яблока с дерева	1	[{"added": {}}]	21	1
642	2026-04-07 00:07:36.314471+03	14	Б) Ультрафиолетовая катастрофа	1	[Админка] question: '1. Какое явление классическая физика конца XIX век...', option_text: 'Б) Ультрафиолетовая катастрофа', is_correct: 'True'	21	1
643	2026-04-07 00:07:36.316228+03	14	Б) Ультрафиолетовая катастрофа	1	[{"added": {}}]	21	1
644	2026-04-07 00:07:44.634032+03	15	В) Ускорение Луны на орбите	1	[Админка] question: '1. Какое явление классическая физика конца XIX век...', option_text: 'В) Ускорение Луны на орбите', is_correct: 'False'	21	1
645	2026-04-07 00:07:44.636029+03	15	В) Ускорение Луны на орбите	1	[{"added": {}}]	21	1
646	2026-04-07 00:07:57.242143+03	16	Г) Плавление льда	1	[Админка] question: '1. Какое явление классическая физика конца XIX век...', option_text: 'Г) Плавление льда', is_correct: 'False'	21	1
647	2026-04-07 00:07:57.243752+03	16	Г) Плавление льда	1	[{"added": {}}]	21	1
648	2026-04-07 00:08:09.479083+03	17	А) Скорость света	1	[Админка] question: '2. Какую фундаментальную константу ввёл Макс Планк...', option_text: 'А) Скорость света', is_correct: 'False'	21	1
649	2026-04-07 00:08:09.480238+03	17	А) Скорость света	1	[{"added": {}}]	21	1
650	2026-04-07 00:08:14.419702+03	18	Б) Гравитационную постоянную	1	[Админка] question: '2. Какую фундаментальную константу ввёл Макс Планк...', option_text: 'Б) Гравитационную постоянную', is_correct: 'False'	21	1
651	2026-04-07 00:08:14.422361+03	18	Б) Гравитационную постоянную	1	[{"added": {}}]	21	1
652	2026-04-07 00:08:29.505017+03	19	В) Постоянную Планка	1	[Админка] question: '2. Какую фундаментальную константу ввёл Макс Планк...', option_text: 'В) Постоянную Планка', is_correct: 'True'	21	1
653	2026-04-07 00:08:29.507015+03	19	В) Постоянную Планка	1	[{"added": {}}]	21	1
654	2026-04-07 00:08:35.172106+03	20	Г) Постоянную Больцмана	1	[Админка] question: '1. Какое явление классическая физика конца XIX век...', option_text: 'Г) Постоянную Больцмана', is_correct: 'False'	21	1
655	2026-04-07 00:08:35.174106+03	20	Г) Постоянную Больцмана	1	[{"added": {}}]	21	1
656	2026-04-07 00:08:57.308089+03	14	3. Квадрат модуля волновой функции описывает _____...	2	[Админка] question_text: 'Квадрат модуля волновой функции описывает ________...' -> '3. Квадрат модуля волновой функции описывает _____...'	19	1
657	2026-04-07 00:08:57.31109+03	14	3. Квадрат модуля волновой функции описывает _____...	2	[{"changed": {"fields": ["\\u0422\\u0435\\u043a\\u0441\\u0442 \\u0432\\u043e\\u043f\\u0440\\u043e\\u0441\\u0430"]}}]	19	1
682	2026-04-07 00:22:17.744256+03	112	Носова Анастасия - 4. Соотнесите учёного и его вклад. Выберите соотве...	2	score: 'None' -> '2'	27	10
830	2026-04-13 23:37:13.323762+03	10	Носова Анастасия	2	is_light_theme: 'True' -> 'False'	12	10
658	2026-04-07 00:09:05.200053+03	15	4. Соотнесите учёного и его вклад. Выберите соотве...	2	[Админка] question_text: 'Соотнесите учёного и его вклад. Выберите соответст...' -> '4. Соотнесите учёного и его вклад. Выберите соотве...'	19	1
659	2026-04-07 00:09:05.203055+03	15	4. Соотнесите учёного и его вклад. Выберите соотве...	2	[{"changed": {"fields": ["\\u0422\\u0435\\u043a\\u0441\\u0442 \\u0432\\u043e\\u043f\\u0440\\u043e\\u0441\\u0430"]}}]	19	1
660	2026-04-07 00:09:58.604869+03	10	Носова Анастасия	2	is_light_theme: 'False' -> 'True'	12	10
661	2026-04-07 00:09:59.270613+03	10	Носова Анастасия	2	is_light_theme: 'True' -> 'False'	12	10
662	2026-04-07 00:09:59.74298+03	10	Носова Анастасия	2	is_light_theme: 'False' -> 'True'	12	10
663	2026-04-07 00:10:00.418905+03	10	Носова Анастасия	2	is_light_theme: 'True' -> 'False'	12	10
664	2026-04-07 00:11:22.266569+03	20	Г) Постоянную Больцмана	3		21	1
665	2026-04-07 00:11:22.272794+03	20	Г) Постоянную Больцмана	3	[Админка] Объект удален: Г) Постоянную Больцмана	21	1
666	2026-04-07 00:20:20.262168+03	10	Носова Анастасия	2	is_light_theme: 'False' -> 'True'	12	10
667	2026-04-07 00:20:20.869237+03	10	Носова Анастасия	2	is_light_theme: 'True' -> 'False'	12	10
668	2026-04-07 00:22:17.577575+03	109	Носова Анастасия - 2. Какую фундаментальную константу ввёл Макс Планк...	1	user: 'Носова Анастасия', question: '2. Какую фундаментальную константу ввёл Макс Планк...', answer_text: 'None', answer_date: '2026-04-06 21:22:17.565463+00:00', attempt_number: '1', score: 'None'	27	10
669	2026-04-07 00:22:17.595587+03	40	Носова Анастасия - 2. Какую фундаментальную константу ввёл Макс Планк... - В) Постоянную Планка	1	user_answer: 'Носова Анастасия - 2. Какую фундаментальную конста...', choice_option: 'В) Постоянную Планка', selected_at: '2026-04-06 21:22:17.591593+00:00'	34	10
670	2026-04-07 00:22:17.607668+03	109	Носова Анастасия - 2. Какую фундаментальную константу ввёл Макс Планк...	2	score: 'None' -> '2'	27	10
671	2026-04-07 00:22:17.616669+03	110	Носова Анастасия - 1. Какое явление классическая физика конца XIX век...	1	user: 'Носова Анастасия', question: '1. Какое явление классическая физика конца XIX век...', answer_text: 'None', answer_date: '2026-04-06 21:22:17.610667+00:00', attempt_number: '1', score: 'None'	27	10
672	2026-04-07 00:22:17.625668+03	41	Носова Анастасия - 1. Какое явление классическая физика конца XIX век... - Б) Ультрафиолетовая катастрофа	1	user_answer: 'Носова Анастасия - 1. Какое явление классическая ф...', choice_option: 'Б) Ультрафиолетовая катастрофа', selected_at: '2026-04-06 21:22:17.624667+00:00'	34	10
673	2026-04-07 00:22:17.637689+03	110	Носова Анастасия - 1. Какое явление классическая физика конца XIX век...	2	score: 'None' -> '1'	27	10
674	2026-04-07 00:22:17.651641+03	111	Носова Анастасия - 3. Квадрат модуля волновой функции описывает _____...	1	user: 'Носова Анастасия', question: '3. Квадрат модуля волновой функции описывает _____...', answer_text: 'None', answer_date: '2026-04-06 21:22:17.643690+00:00', attempt_number: '1', score: 'None'	27	10
675	2026-04-07 00:22:17.661946+03	111	Носова Анастасия - 3. Квадрат модуля волновой функции описывает _____...	2	answer_text: 'None' -> 'вероятность'	27	10
676	2026-04-07 00:22:17.675639+03	111	Носова Анастасия - 3. Квадрат модуля волновой функции описывает _____...	2	score: 'None' -> '1'	27	10
677	2026-04-07 00:22:17.686269+03	112	Носова Анастасия - 4. Соотнесите учёного и его вклад. Выберите соотве...	1	user: 'Носова Анастасия', question: '4. Соотнесите учёного и его вклад. Выберите соотве...', answer_text: 'None', answer_date: '2026-04-06 21:22:17.680610+00:00', attempt_number: '1', score: 'None'	27	10
678	2026-04-07 00:22:17.711767+03	100	Носова Анастасия - 4. Соотнесите учёного и его вклад. Выберите соотве... - А) Макс Планк -> 3) Квант энергии и постоянная 	1	user_answer: 'Носова Анастасия - 4. Соотнесите учёного и его вкл...', matching_pair: 'А) Макс Планк -> 3) Квант энергии и постоянная ', user_selected_right_text: '3) Квант энергии и постоянная h', selected_at: '2026-04-06 21:22:17.697757+00:00'	30	10
679	2026-04-07 00:22:17.719757+03	101	Носова Анастасия - 4. Соотнесите учёного и его вклад. Выберите соотве... - Б) Нильс Бор -> 4) Модель атома с дискретными 	1	user_answer: 'Носова Анастасия - 4. Соотнесите учёного и его вкл...', matching_pair: 'Б) Нильс Бор -> 4) Модель атома с дискретными ', user_selected_right_text: '4) Модель атома с дискретными орбитами', selected_at: '2026-04-06 21:22:17.717754+00:00'	30	10
680	2026-04-07 00:22:17.726758+03	102	Носова Анастасия - 4. Соотнесите учёного и его вклад. Выберите соотве... - В) Альберт Эйнштейн -> 1) Объяснил фотоэффект (фотоны	1	user_answer: 'Носова Анастасия - 4. Соотнесите учёного и его вкл...', matching_pair: 'В) Альберт Эйнштейн -> 1) Объяснил фотоэффект (фот...', user_selected_right_text: '1) Объяснил фотоэффект (фотоны)', selected_at: '2026-04-06 21:22:17.724909+00:00'	30	10
681	2026-04-07 00:22:17.73334+03	103	Носова Анастасия - 4. Соотнесите учёного и его вклад. Выберите соотве... - Г) Эрвин Шрёдингер -> 2) Волновое уравнение и волнов	1	user_answer: 'Носова Анастасия - 4. Соотнесите учёного и его вкл...', matching_pair: 'Г) Эрвин Шрёдингер -> 2) Волновое уравнение и волн...', user_selected_right_text: '2) Волновое уравнение и волновая функция', selected_at: '2026-04-06 21:22:17.732347+00:00'	30	10
683	2026-04-07 00:22:17.758252+03	45	Носова Анастасия - Тест №1 (попытка 1)	1	user: 'Носова Анастасия', test: 'Тест №1', completion_date: '2026-04-06 21:22:17.748254+00:00', final_score: '6', is_passed: 'None', attempt_number: '1', time_spent: 'None'	26	10
684	2026-04-07 00:26:10.979513+03	10	Носова Анастасия	2	is_light_theme: 'False' -> 'True'	12	10
685	2026-04-07 00:26:12.180825+03	10	Носова Анастасия	2	is_light_theme: 'True' -> 'False'	12	10
686	2026-04-07 00:35:02.155462+03	45	Носова Анастасия - Тест №1 (попытка 1)	3	Объект удален: Носова Анастасия - Тест №1 (попытка 1)	26	10
687	2026-04-07 00:35:02.197995+03	40	Носова Анастасия - 2. Какую фундаментальную константу ввёл Макс Планк... - В) Постоянную Планка	3	Объект удален: Носова Анастасия - 2. Какую фундаментальную константу ввёл Макс Планк... - В) Постоянную Планка	34	10
688	2026-04-07 00:35:02.20387+03	109	Носова Анастасия - 2. Какую фундаментальную константу ввёл Макс Планк...	3	Объект удален: Носова Анастасия - 2. Какую фундаментальную константу ввёл Макс Планк...	27	10
689	2026-04-07 00:35:02.219028+03	113	Носова Анастасия - 2. Какую фундаментальную константу ввёл Макс Планк...	1	user: 'Носова Анастасия', question: '2. Какую фундаментальную константу ввёл Макс Планк...', answer_text: 'None', answer_date: '2026-04-06 21:35:02.208407+00:00', attempt_number: '1', score: 'None'	27	10
690	2026-04-07 00:35:02.229569+03	42	Носова Анастасия - 2. Какую фундаментальную константу ввёл Макс Планк... - В) Постоянную Планка	1	user_answer: 'Носова Анастасия - 2. Какую фундаментальную конста...', choice_option: 'В) Постоянную Планка', selected_at: '2026-04-06 21:35:02.227024+00:00'	34	10
691	2026-04-07 00:35:02.243325+03	113	Носова Анастасия - 2. Какую фундаментальную константу ввёл Макс Планк...	2	score: 'None' -> '2'	27	10
692	2026-04-07 00:35:02.253379+03	41	Носова Анастасия - 1. Какое явление классическая физика конца XIX век... - Б) Ультрафиолетовая катастрофа	3	Объект удален: Носова Анастасия - 1. Какое явление классическая физика конца XIX век... - Б) Ультрафиолетовая катастрофа	34	10
693	2026-04-07 00:35:02.256376+03	110	Носова Анастасия - 1. Какое явление классическая физика конца XIX век...	3	Объект удален: Носова Анастасия - 1. Какое явление классическая физика конца XIX век...	27	10
694	2026-04-07 00:35:02.26873+03	114	Носова Анастасия - 1. Какое явление классическая физика конца XIX век...	1	user: 'Носова Анастасия', question: '1. Какое явление классическая физика конца XIX век...', answer_text: 'None', answer_date: '2026-04-06 21:35:02.260379+00:00', attempt_number: '1', score: 'None'	27	10
695	2026-04-07 00:35:02.276733+03	43	Носова Анастасия - 1. Какое явление классическая физика конца XIX век... - Б) Ультрафиолетовая катастрофа	1	user_answer: 'Носова Анастасия - 1. Какое явление классическая ф...', choice_option: 'Б) Ультрафиолетовая катастрофа', selected_at: '2026-04-06 21:35:02.275735+00:00'	34	10
696	2026-04-07 00:35:02.288367+03	114	Носова Анастасия - 1. Какое явление классическая физика конца XIX век...	2	score: 'None' -> '1'	27	10
697	2026-04-07 00:35:02.29637+03	111	Носова Анастасия - 3. Квадрат модуля волновой функции описывает _____...	3	Объект удален: Носова Анастасия - 3. Квадрат модуля волновой функции описывает _____...	27	10
698	2026-04-07 00:35:02.306365+03	115	Носова Анастасия - 3. Квадрат модуля волновой функции описывает _____...	1	user: 'Носова Анастасия', question: '3. Квадрат модуля волновой функции описывает _____...', answer_text: 'None', answer_date: '2026-04-06 21:35:02.299372+00:00', attempt_number: '1', score: 'None'	27	10
699	2026-04-07 00:35:02.319364+03	115	Носова Анастасия - 3. Квадрат модуля волновой функции описывает _____...	2	answer_text: 'None' -> 'вероятность'	27	10
700	2026-04-07 00:35:02.330364+03	115	Носова Анастасия - 3. Квадрат модуля волновой функции описывает _____...	2	score: 'None' -> '1'	27	10
701	2026-04-07 00:35:02.338491+03	100	Носова Анастасия - 4. Соотнесите учёного и его вклад. Выберите соотве... - А) Макс Планк -> 3) Квант энергии и постоянная 	3	Объект удален: Носова Анастасия - 4. Соотнесите учёного и его вклад. Выберите соотве... - А) Макс Планк -> 3) Квант энергии и постоянная 	30	10
702	2026-04-07 00:35:02.343491+03	101	Носова Анастасия - 4. Соотнесите учёного и его вклад. Выберите соотве... - Б) Нильс Бор -> 4) Модель атома с дискретными 	3	Объект удален: Носова Анастасия - 4. Соотнесите учёного и его вклад. Выберите соотве... - Б) Нильс Бор -> 4) Модель атома с дискретными 	30	10
703	2026-04-07 00:35:02.348015+03	102	Носова Анастасия - 4. Соотнесите учёного и его вклад. Выберите соотве... - В) Альберт Эйнштейн -> 1) Объяснил фотоэффект (фотоны	3	Объект удален: Носова Анастасия - 4. Соотнесите учёного и его вклад. Выберите соотве... - В) Альберт Эйнштейн -> 1) Объяснил фотоэффект (фотоны	30	10
704	2026-04-07 00:35:02.353024+03	103	Носова Анастасия - 4. Соотнесите учёного и его вклад. Выберите соотве... - Г) Эрвин Шрёдингер -> 2) Волновое уравнение и волнов	3	Объект удален: Носова Анастасия - 4. Соотнесите учёного и его вклад. Выберите соотве... - Г) Эрвин Шрёдингер -> 2) Волновое уравнение и волнов	30	10
705	2026-04-07 00:35:02.356711+03	112	Носова Анастасия - 4. Соотнесите учёного и его вклад. Выберите соотве...	3	Объект удален: Носова Анастасия - 4. Соотнесите учёного и его вклад. Выберите соотве...	27	10
706	2026-04-07 00:35:02.368331+03	116	Носова Анастасия - 4. Соотнесите учёного и его вклад. Выберите соотве...	1	user: 'Носова Анастасия', question: '4. Соотнесите учёного и его вклад. Выберите соотве...', answer_text: 'None', answer_date: '2026-04-06 21:35:02.360711+00:00', attempt_number: '1', score: 'None'	27	10
707	2026-04-07 00:35:02.37642+03	104	Носова Анастасия - 4. Соотнесите учёного и его вклад. Выберите соотве... - А) Макс Планк -> 3) Квант энергии и постоянная 	1	user_answer: 'Носова Анастасия - 4. Соотнесите учёного и его вкл...', matching_pair: 'А) Макс Планк -> 3) Квант энергии и постоянная ', user_selected_right_text: '3) Квант энергии и постоянная h', selected_at: '2026-04-06 21:35:02.374404+00:00'	30	10
708	2026-04-07 00:35:02.383415+03	105	Носова Анастасия - 4. Соотнесите учёного и его вклад. Выберите соотве... - Б) Нильс Бор -> 4) Модель атома с дискретными 	1	user_answer: 'Носова Анастасия - 4. Соотнесите учёного и его вкл...', matching_pair: 'Б) Нильс Бор -> 4) Модель атома с дискретными ', user_selected_right_text: '4) Модель атома с дискретными орбитами', selected_at: '2026-04-06 21:35:02.382419+00:00'	30	10
709	2026-04-07 00:35:02.389415+03	106	Носова Анастасия - 4. Соотнесите учёного и его вклад. Выберите соотве... - В) Альберт Эйнштейн -> 1) Объяснил фотоэффект (фотоны	1	user_answer: 'Носова Анастасия - 4. Соотнесите учёного и его вкл...', matching_pair: 'В) Альберт Эйнштейн -> 1) Объяснил фотоэффект (фот...', user_selected_right_text: '1) Объяснил фотоэффект (фотоны)', selected_at: '2026-04-06 21:35:02.388418+00:00'	30	10
710	2026-04-07 00:35:02.395415+03	107	Носова Анастасия - 4. Соотнесите учёного и его вклад. Выберите соотве... - Г) Эрвин Шрёдингер -> 2) Волновое уравнение и волнов	1	user_answer: 'Носова Анастасия - 4. Соотнесите учёного и его вкл...', matching_pair: 'Г) Эрвин Шрёдингер -> 2) Волновое уравнение и волн...', user_selected_right_text: '2) Волновое уравнение и волновая функция', selected_at: '2026-04-06 21:35:02.395415+00:00'	30	10
711	2026-04-07 00:35:02.407416+03	116	Носова Анастасия - 4. Соотнесите учёного и его вклад. Выберите соотве...	2	score: 'None' -> '2'	27	10
712	2026-04-07 00:35:02.418421+03	46	Носова Анастасия - Тест №1 (попытка 1)	1	user: 'Носова Анастасия', test: 'Тест №1', completion_date: '2026-04-06 21:35:02.410415+00:00', final_score: '6', is_passed: 'None', attempt_number: '1', time_spent: 'None'	26	10
713	2026-04-07 00:35:12.758305+03	10	Носова Анастасия	2	is_light_theme: 'False' -> 'True'	12	10
714	2026-04-07 00:35:32.145041+03	46	Носова Анастасия - Тест №1 (попытка 1)	3	Объект удален: Носова Анастасия - Тест №1 (попытка 1)	26	10
715	2026-04-07 00:35:32.18404+03	42	Носова Анастасия - 2. Какую фундаментальную константу ввёл Макс Планк... - В) Постоянную Планка	3	Объект удален: Носова Анастасия - 2. Какую фундаментальную константу ввёл Макс Планк... - В) Постоянную Планка	34	10
716	2026-04-07 00:35:32.187044+03	113	Носова Анастасия - 2. Какую фундаментальную константу ввёл Макс Планк...	3	Объект удален: Носова Анастасия - 2. Какую фундаментальную константу ввёл Макс Планк...	27	10
717	2026-04-07 00:35:32.198039+03	117	Носова Анастасия - 2. Какую фундаментальную константу ввёл Макс Планк...	1	user: 'Носова Анастасия', question: '2. Какую фундаментальную константу ввёл Макс Планк...', answer_text: 'None', answer_date: '2026-04-06 21:35:32.191038+00:00', attempt_number: '1', score: 'None'	27	10
718	2026-04-07 00:35:32.208082+03	44	Носова Анастасия - 2. Какую фундаментальную константу ввёл Макс Планк... - В) Постоянную Планка	1	user_answer: 'Носова Анастасия - 2. Какую фундаментальную конста...', choice_option: 'В) Постоянную Планка', selected_at: '2026-04-06 21:35:32.207042+00:00'	34	10
719	2026-04-07 00:35:32.221097+03	117	Носова Анастасия - 2. Какую фундаментальную константу ввёл Макс Планк...	2	score: 'None' -> '2'	27	10
720	2026-04-07 00:35:32.232055+03	43	Носова Анастасия - 1. Какое явление классическая физика конца XIX век... - Б) Ультрафиолетовая катастрофа	3	Объект удален: Носова Анастасия - 1. Какое явление классическая физика конца XIX век... - Б) Ультрафиолетовая катастрофа	34	10
721	2026-04-07 00:35:32.236338+03	114	Носова Анастасия - 1. Какое явление классическая физика конца XIX век...	3	Объект удален: Носова Анастасия - 1. Какое явление классическая физика конца XIX век...	27	10
722	2026-04-07 00:35:32.246896+03	118	Носова Анастасия - 1. Какое явление классическая физика конца XIX век...	1	user: 'Носова Анастасия', question: '1. Какое явление классическая физика конца XIX век...', answer_text: 'None', answer_date: '2026-04-06 21:35:32.238337+00:00', attempt_number: '1', score: 'None'	27	10
723	2026-04-07 00:35:32.255891+03	45	Носова Анастасия - 1. Какое явление классическая физика конца XIX век... - Б) Ультрафиолетовая катастрофа	1	user_answer: 'Носова Анастасия - 1. Какое явление классическая ф...', choice_option: 'Б) Ультрафиолетовая катастрофа', selected_at: '2026-04-06 21:35:32.254890+00:00'	34	10
745	2026-04-07 01:31:27.765921+03	1	Системы Администратор	2	is_light_theme: 'False' -> 'True'	12	1
724	2026-04-07 00:35:32.269953+03	118	Носова Анастасия - 1. Какое явление классическая физика конца XIX век...	2	score: 'None' -> '1'	27	10
725	2026-04-07 00:35:32.277951+03	115	Носова Анастасия - 3. Квадрат модуля волновой функции описывает _____...	3	Объект удален: Носова Анастасия - 3. Квадрат модуля волновой функции описывает _____...	27	10
726	2026-04-07 00:35:32.287611+03	119	Носова Анастасия - 3. Квадрат модуля волновой функции описывает _____...	1	user: 'Носова Анастасия', question: '3. Квадрат модуля волновой функции описывает _____...', answer_text: 'None', answer_date: '2026-04-06 21:35:32.280956+00:00', attempt_number: '1', score: 'None'	27	10
727	2026-04-07 00:35:32.302006+03	119	Носова Анастасия - 3. Квадрат модуля волновой функции описывает _____...	2	answer_text: 'None' -> 'вероятность'	27	10
728	2026-04-07 00:35:32.315005+03	119	Носова Анастасия - 3. Квадрат модуля волновой функции описывает _____...	2	score: 'None' -> '1'	27	10
729	2026-04-07 00:35:32.325246+03	104	Носова Анастасия - 4. Соотнесите учёного и его вклад. Выберите соотве... - А) Макс Планк -> 3) Квант энергии и постоянная 	3	Объект удален: Носова Анастасия - 4. Соотнесите учёного и его вклад. Выберите соотве... - А) Макс Планк -> 3) Квант энергии и постоянная 	30	10
730	2026-04-07 00:35:32.330006+03	105	Носова Анастасия - 4. Соотнесите учёного и его вклад. Выберите соотве... - Б) Нильс Бор -> 4) Модель атома с дискретными 	3	Объект удален: Носова Анастасия - 4. Соотнесите учёного и его вклад. Выберите соотве... - Б) Нильс Бор -> 4) Модель атома с дискретными 	30	10
731	2026-04-07 00:35:32.334008+03	106	Носова Анастасия - 4. Соотнесите учёного и его вклад. Выберите соотве... - В) Альберт Эйнштейн -> 1) Объяснил фотоэффект (фотоны	3	Объект удален: Носова Анастасия - 4. Соотнесите учёного и его вклад. Выберите соотве... - В) Альберт Эйнштейн -> 1) Объяснил фотоэффект (фотоны	30	10
732	2026-04-07 00:35:32.340013+03	107	Носова Анастасия - 4. Соотнесите учёного и его вклад. Выберите соотве... - Г) Эрвин Шрёдингер -> 2) Волновое уравнение и волнов	3	Объект удален: Носова Анастасия - 4. Соотнесите учёного и его вклад. Выберите соотве... - Г) Эрвин Шрёдингер -> 2) Волновое уравнение и волнов	30	10
733	2026-04-07 00:35:32.344011+03	116	Носова Анастасия - 4. Соотнесите учёного и его вклад. Выберите соотве...	3	Объект удален: Носова Анастасия - 4. Соотнесите учёного и его вклад. Выберите соотве...	27	10
734	2026-04-07 00:35:32.357007+03	120	Носова Анастасия - 4. Соотнесите учёного и его вклад. Выберите соотве...	1	user: 'Носова Анастасия', question: '4. Соотнесите учёного и его вклад. Выберите соотве...', answer_text: 'None', answer_date: '2026-04-06 21:35:32.349008+00:00', attempt_number: '1', score: 'None'	27	10
735	2026-04-07 00:35:32.364005+03	108	Носова Анастасия - 4. Соотнесите учёного и его вклад. Выберите соотве... - А) Макс Планк -> 3) Квант энергии и постоянная 	1	user_answer: 'Носова Анастасия - 4. Соотнесите учёного и его вкл...', matching_pair: 'А) Макс Планк -> 3) Квант энергии и постоянная ', user_selected_right_text: '3) Квант энергии и постоянная h', selected_at: '2026-04-06 21:35:32.363316+00:00'	30	10
736	2026-04-07 00:35:32.371007+03	109	Носова Анастасия - 4. Соотнесите учёного и его вклад. Выберите соотве... - Б) Нильс Бор -> 4) Модель атома с дискретными 	1	user_answer: 'Носова Анастасия - 4. Соотнесите учёного и его вкл...', matching_pair: 'Б) Нильс Бор -> 4) Модель атома с дискретными ', user_selected_right_text: '2) Волновое уравнение и волновая функция', selected_at: '2026-04-06 21:35:32.370003+00:00'	30	10
737	2026-04-07 00:35:32.377052+03	110	Носова Анастасия - 4. Соотнесите учёного и его вклад. Выберите соотве... - В) Альберт Эйнштейн -> 1) Объяснил фотоэффект (фотоны	1	user_answer: 'Носова Анастасия - 4. Соотнесите учёного и его вкл...', matching_pair: 'В) Альберт Эйнштейн -> 1) Объяснил фотоэффект (фот...', user_selected_right_text: '3) Квант энергии и постоянная h', selected_at: '2026-04-06 21:35:32.376045+00:00'	30	10
738	2026-04-07 00:35:32.383048+03	111	Носова Анастасия - 4. Соотнесите учёного и его вклад. Выберите соотве... - Г) Эрвин Шрёдингер -> 2) Волновое уравнение и волнов	1	user_answer: 'Носова Анастасия - 4. Соотнесите учёного и его вкл...', matching_pair: 'Г) Эрвин Шрёдингер -> 2) Волновое уравнение и волн...', user_selected_right_text: '1) Объяснил фотоэффект (фотоны)', selected_at: '2026-04-06 21:35:32.382204+00:00'	30	10
739	2026-04-07 00:35:32.393858+03	120	Носова Анастасия - 4. Соотнесите учёного и его вклад. Выберите соотве...	2	score: 'None' -> '0'	27	10
740	2026-04-07 00:35:32.402383+03	47	Носова Анастасия - Тест №1 (попытка 1)	1	user: 'Носова Анастасия', test: 'Тест №1', completion_date: '2026-04-06 21:35:32.396384+00:00', final_score: '4', is_passed: 'None', attempt_number: '1', time_spent: 'None'	26	10
746	2026-04-07 01:31:32.849978+03	1	Системы Администратор	2	is_light_theme: 'True' -> 'False'	12	1
747	2026-04-07 01:31:33.285672+03	1	Системы Администратор	2	is_light_theme: 'False' -> 'True'	12	1
748	2026-04-07 01:31:34.082715+03	1	Системы Администратор	2	is_light_theme: 'True' -> 'False'	12	1
749	2026-04-07 01:31:34.799818+03	1	Системы Администратор	2	is_light_theme: 'False' -> 'True'	12	1
750	2026-04-07 01:31:35.497973+03	1	Системы Администратор	2	is_light_theme: 'True' -> 'False'	12	1
751	2026-04-07 01:31:37.018618+03	1	Системы Администратор	2	is_light_theme: 'False' -> 'True'	12	1
752	2026-04-07 01:31:38.395598+03	1	Системы Администратор	2	is_light_theme: 'True' -> 'False'	12	1
753	2026-04-07 01:31:38.963026+03	1	Системы Администратор	2	is_light_theme: 'False' -> 'True'	12	1
754	2026-04-07 01:31:39.883955+03	1	Системы Администратор	2	is_light_theme: 'True' -> 'False'	12	1
755	2026-04-08 19:49:16.919078+03	10	Носова Анастасия	2	is_light_theme: 'True' -> 'False'	12	10
756	2026-04-08 21:27:16.416279+03	9	аналитика тест	1	[Админка] test_name: 'аналитика тест', test_description: 'выаывавыавыаываываываываываыва', is_final: 'False', lecture: 'тест лекции!', max_attempts: '10', grading_form: 'pass_fail', passing_score: 'None', is_active: 'True', created_at: '2026-04-08 18:27:16.407283+00:00', updated_at: '2026-04-08 18:27:16.407283+00:00'	25	1
757	2026-04-08 21:27:16.419283+03	9	аналитика тест	1	[{"added": {}}]	25	1
758	2026-04-08 21:28:00.902584+03	16	привет	1	[Админка] test: 'аналитика тест', question_text: 'привет', answer_type: 'текст', question_score: '1', correct_text: 'хай', question_order: '1'	19	1
759	2026-04-08 21:28:00.905028+03	16	привет	1	[{"added": {}}]	19	1
760	2026-04-08 21:28:28.957063+03	17	как дела?	1	[Админка] test: 'аналитика тест', question_text: 'как дела?', answer_type: 'один ответ', question_score: '1', correct_text: '', question_order: '2'	19	1
761	2026-04-08 21:28:28.960055+03	17	как дела?	1	[{"added": {}}]	19	1
762	2026-04-08 21:28:40.845487+03	21	хорошо	1	[Админка] question: 'как дела?', option_text: 'хорошо', is_correct: 'True'	21	1
763	2026-04-08 21:28:40.849487+03	21	хорошо	1	[{"added": {}}]	21	1
764	2026-04-08 21:28:46.553108+03	22	не оч	1	[Админка] question: 'как дела?', option_text: 'не оч', is_correct: 'False'	21	1
765	2026-04-08 21:28:46.555128+03	22	не оч	1	[{"added": {}}]	21	1
766	2026-04-08 21:28:51.642722+03	23	кто это	1	[Админка] question: 'как дела?', option_text: 'кто это', is_correct: 'False'	21	1
767	2026-04-08 21:28:51.64472+03	23	кто это	1	[{"added": {}}]	21	1
768	2026-04-08 21:29:16.770453+03	121	Носова Анастасия - как дела?	1	user: 'Носова Анастасия', question: 'как дела?', answer_text: 'None', answer_date: '2026-04-08 18:29:16.753455+00:00', attempt_number: '1', score: 'None'	27	10
769	2026-04-08 21:29:16.787679+03	121	Носова Анастасия - как дела?	2	score: 'None' -> '0'	27	10
770	2026-04-08 21:29:16.802681+03	122	Носова Анастасия - привет	1	user: 'Носова Анастасия', question: 'привет', answer_text: 'None', answer_date: '2026-04-08 18:29:16.791685+00:00', attempt_number: '1', score: 'None'	27	10
771	2026-04-08 21:29:16.817681+03	122	Носова Анастасия - привет	2	answer_text: 'None' -> 'привет'	27	10
772	2026-04-08 21:29:16.833678+03	122	Носова Анастасия - привет	2	score: 'None' -> '1'	27	10
773	2026-04-08 21:29:16.855502+03	48	Носова Анастасия - аналитика тест (попытка 1)	1	user: 'Носова Анастасия', test: 'аналитика тест', completion_date: '2026-04-08 18:29:16.840503+00:00', final_score: 'None', is_passed: 'False', attempt_number: '1', time_spent: 'None'	26	10
774	2026-04-08 21:29:35.546704+03	48	Носова Анастасия - аналитика тест (попытка 1)	3	Объект удален: Носова Анастасия - аналитика тест (попытка 1)	26	10
775	2026-04-08 21:29:35.602157+03	121	Носова Анастасия - как дела?	3	Объект удален: Носова Анастасия - как дела?	27	10
776	2026-04-08 21:29:35.61583+03	123	Носова Анастасия - как дела?	1	user: 'Носова Анастасия', question: 'как дела?', answer_text: 'None', answer_date: '2026-04-08 18:29:35.607133+00:00', attempt_number: '1', score: 'None'	27	10
777	2026-04-08 21:29:35.629833+03	123	Носова Анастасия - как дела?	2	score: 'None' -> '0'	27	10
778	2026-04-08 21:29:35.637829+03	122	Носова Анастасия - привет	3	Объект удален: Носова Анастасия - привет	27	10
779	2026-04-08 21:29:35.648491+03	124	Носова Анастасия - привет	1	user: 'Носова Анастасия', question: 'привет', answer_text: 'None', answer_date: '2026-04-08 18:29:35.640470+00:00', attempt_number: '1', score: 'None'	27	10
780	2026-04-08 21:29:35.660468+03	124	Носова Анастасия - привет	2	answer_text: 'None' -> 'хай'	27	10
781	2026-04-08 21:29:35.672467+03	124	Носова Анастасия - привет	2	score: 'None' -> '1'	27	10
782	2026-04-08 21:29:35.683125+03	49	Носова Анастасия - аналитика тест (попытка 1)	1	user: 'Носова Анастасия', test: 'аналитика тест', completion_date: '2026-04-08 18:29:35.675505+00:00', final_score: 'None', is_passed: 'False', attempt_number: '1', time_spent: 'None'	26	10
783	2026-04-08 21:29:45.431007+03	49	Носова Анастасия - аналитика тест (попытка 1)	3	Объект удален: Носова Анастасия - аналитика тест (попытка 1)	26	10
784	2026-04-08 21:29:45.479664+03	123	Носова Анастасия - как дела?	3	Объект удален: Носова Анастасия - как дела?	27	10
785	2026-04-08 21:29:45.492663+03	125	Носова Анастасия - как дела?	1	user: 'Носова Анастасия', question: 'как дела?', answer_text: 'None', answer_date: '2026-04-08 18:29:45.483665+00:00', attempt_number: '1', score: 'None'	27	10
786	2026-04-08 21:29:45.509664+03	46	Носова Анастасия - как дела? - хорошо	1	user_answer: 'Носова Анастасия - как дела?', choice_option: 'хорошо', selected_at: '2026-04-08 18:29:45.501663+00:00'	34	10
787	2026-04-08 21:29:45.523665+03	125	Носова Анастасия - как дела?	2	score: 'None' -> '1'	27	10
788	2026-04-08 21:29:45.531665+03	124	Носова Анастасия - привет	3	Объект удален: Носова Анастасия - привет	27	10
789	2026-04-08 21:29:45.542646+03	126	Носова Анастасия - привет	1	user: 'Носова Анастасия', question: 'привет', answer_text: 'None', answer_date: '2026-04-08 18:29:45.534664+00:00', attempt_number: '1', score: 'None'	27	10
790	2026-04-08 21:29:45.555643+03	126	Носова Анастасия - привет	2	answer_text: 'None' -> 'хай'	27	10
791	2026-04-08 21:29:45.566647+03	126	Носова Анастасия - привет	2	score: 'None' -> '1'	27	10
792	2026-04-08 21:29:45.576644+03	50	Носова Анастасия - аналитика тест (попытка 1)	1	user: 'Носова Анастасия', test: 'аналитика тест', completion_date: '2026-04-08 18:29:45.569651+00:00', final_score: 'None', is_passed: 'True', attempt_number: '1', time_spent: 'None'	26	10
793	2026-04-11 03:11:21.607063+03	1	Системы Администратор	2	is_light_theme: 'False' -> 'True'	12	1
794	2026-04-11 03:11:22.498507+03	1	Системы Администратор	2	is_light_theme: 'True' -> 'False'	12	1
795	2026-04-11 03:19:10.101849+03	1	Системы Администратор	2	is_light_theme: 'False' -> 'True'	12	1
796	2026-04-11 03:19:11.174723+03	1	Системы Администратор	2	is_light_theme: 'True' -> 'False'	12	1
797	2026-04-12 04:07:01.923019+03	10	Носова Анастасия	2	is_light_theme: 'False' -> 'True'	12	10
798	2026-04-12 04:07:03.088203+03	10	Носова Анастасия	2	is_light_theme: 'True' -> 'False'	12	10
799	2026-04-12 04:07:03.678297+03	10	Носова Анастасия	2	is_light_theme: 'False' -> 'True'	12	10
800	2026-04-12 04:07:04.226091+03	10	Носова Анастасия	2	is_light_theme: 'True' -> 'False'	12	10
801	2026-04-12 04:07:09.677716+03	10	Носова Анастасия	2	is_light_theme: 'False' -> 'True'	12	10
802	2026-04-12 04:09:59.618544+03	10	Носова Анастасия	2	is_light_theme: 'True' -> 'False'	12	10
803	2026-04-12 04:10:00.417345+03	10	Носова Анастасия	2	is_light_theme: 'False' -> 'True'	12	10
804	2026-04-12 04:10:05.369989+03	10	Носова Анастасия	2	is_light_theme: 'True' -> 'False'	12	10
805	2026-04-13 12:43:01.163924+03	1	Системы Администратор	2	is_light_theme: 'False' -> 'True'	12	1
806	2026-04-13 12:43:01.807965+03	1	Системы Администратор	2	is_light_theme: 'True' -> 'False'	12	1
807	2026-04-13 13:10:53.816471+03	1	Системы Администратор	2	is_light_theme: 'False' -> 'True'	12	1
808	2026-04-13 13:10:54.19527+03	1	Системы Администратор	2	is_light_theme: 'True' -> 'False'	12	1
809	2026-04-13 18:04:32.396145+03	3	Тест Тест	2	patronymic: 'ываываыва' -> 'ываываывававвыаыва'	12	3
810	2026-04-13 18:05:03.692176+03	3	Тест Тест	2	patronymic: 'ываываывававвыаыва' -> 'ываываывававвы'	12	3
811	2026-04-13 18:05:34.881934+03	3	Тест Тест	2	patronymic: 'ываываывававвы' -> 'ываываывававвывыа'	12	3
812	2026-04-13 18:10:23.000166+03	3	Тест Тест	2	patronymic: 'ываываывававвывыа' -> 'ываываывав'	12	3
813	2026-04-13 18:11:59.002729+03	36	asdsd sdasd	2	patronymic: 'None' -> 'ыфвыфв'	12	1
814	2026-04-13 18:12:08.894355+03	36	asdsd sdasd	2	patronymic: 'ыфвыфв' -> 'ыфвыфвфвыв'	12	1
815	2026-04-13 20:44:52.204618+03	1	Тест Тест - проверка123	1	user: 'Тест Тест', course: 'проверка123', added_at: '2026-04-13 17:44:52.197616+00:00'	37	3
816	2026-04-13 20:45:10.870597+03	1	Тест Тест - проверка123	3	Объект удален: Тест Тест - проверка123	37	3
817	2026-04-13 20:45:12.719345+03	2	Тест Тест - проверка123	1	user: 'Тест Тест', course: 'проверка123', added_at: '2026-04-13 17:45:12.716345+00:00'	37	3
818	2026-04-13 20:45:14.07094+03	2	Тест Тест - проверка123	3	Объект удален: Тест Тест - проверка123	37	3
819	2026-04-13 20:45:15.457455+03	3	Тест Тест - проверка123	1	user: 'Тест Тест', course: 'проверка123', added_at: '2026-04-13 17:45:15.455314+00:00'	37	3
820	2026-04-13 21:12:03.748116+03	4	Анастасия Носова - ну еще	1	user: 'Носова Анастасия', course: 'ну еще', added_at: '2026-04-13 18:12:03.718156+00:00'	37	10
821	2026-04-13 21:30:25.926807+03	62	авпавп впвап - проверка123	1	user: 'авпавп впвап', course: 'проверка123', registration_date: '2026-04-13', status_course: 'False', payment_date: '2026-04-13 18:30:25.898973+00:00', completion_date: 'None', course_price: '123.00', is_active: 'True', enrolled_at: '2026-04-13 18:30:25.912972+00:00', payment_id: '316f49ed-000f-5000-b000-15fd79ac435a'	28	37
822	2026-04-13 21:31:36.68952+03	8	проверка123	2	code_link: 'None' -> 'https://github.com/'	15	1
823	2026-04-13 22:24:50.975115+03	4	Преподов Препод	2	is_light_theme: 'True' -> 'False'	12	4
824	2026-04-13 22:26:04.404784+03	12	классная комната которая не должна отображаться	1	course_name: 'классная комната которая не должна отображаться', course_description: 'авыджаывджалжывдлаждывладвжылажыдвлаыждвладжвыалжы...', course_price: 'None', course_category: 'программирование', course_photo_path: 'course_photos/2026/04/13/uiia.png', has_certificate: 'False', course_max_places: '30', course_hours: '10', is_completed: 'True', code_link: 'https://github.com/', course_type: 'классная комната', created_by: 'Преподов Препод', is_active: 'True', created_at: '2026-04-13 19:26:04.391534+00:00'	15	4
825	2026-04-13 22:26:04.426135+03	7	Преподов Препод - классная комната которая не должна отображаться	1	course: 'классная комната которая не должна отображаться', teacher: 'Преподов Препод', start_date: '2026-04-13', is_active: 'True'	35	4
826	2026-04-13 23:18:35.934083+03	5	Администратор Системы - тест бесплатный	1	user: 'Системы Администратор', course: 'тест бесплатный', added_at: '2026-04-13 20:18:35.914082+00:00'	37	1
827	2026-04-13 23:18:39.574837+03	5	Администратор Системы - тест бесплатный	3	Объект удален: Администратор Системы - тест бесплатный	37	1
828	2026-04-13 23:22:08.756147+03	6	Анастасия Носова - тест бесплатный	1	user: 'Носова Анастасия', course: 'тест бесплатный', added_at: '2026-04-13 20:22:08.752145+00:00'	37	10
829	2026-04-13 23:37:09.232548+03	10	Носова Анастасия	2	is_light_theme: 'False' -> 'True'	12	10
831	2026-04-14 00:03:16.577293+03	23	Обратная связь для Носова Анастасия - новое задание 1 (попытка 2)	1	user_practical_assignment: 'Носова Анастасия - новое задание 1 (попытка 2)', score: '9', is_passed: 'None', comment_feedback: 'молодец', given_at: '2026-04-13 21:03:16.567289+00:00', given_by: 'Преподов Препод'	32	4
832	2026-04-14 00:03:16.596369+03	19	Носова Анастасия - новое задание 1 (попытка 2)	2	submission_status: 'на проверке' -> 'завершено'	31	4
833	2026-04-14 00:04:05.195161+03	24	Обратная связь для Носова Анастасия - новое задание 1 (попытка 1)	1	user_practical_assignment: 'Носова Анастасия - новое задание 1 (попытка 1)', score: '9', is_passed: 'None', comment_feedback: '', given_at: '2026-04-13 21:04:05.192168+00:00', given_by: 'Преподов Препод'	32	4
834	2026-04-14 00:04:05.208164+03	18	Носова Анастасия - новое задание 1 (попытка 1)	2	submission_status: 'на проверке' -> 'завершено'	31	4
835	2026-04-14 00:04:18.366577+03	25	Обратная связь для Носова Анастасия - проверка задания1 (попытка 2)	1	user_practical_assignment: 'Носова Анастасия - проверка задания1 (попытка 2)', score: '9', is_passed: 'None', comment_feedback: 'молодеццц', given_at: '2026-04-13 21:04:18.364578+00:00', given_by: 'Преподов Препод'	32	4
836	2026-04-14 00:04:18.383694+03	16	Носова Анастасия - проверка задания1 (попытка 2)	2	submission_status: 'на проверке' -> 'завершено'	31	4
837	2026-04-14 00:48:54.580667+03	37	User Deleted	2	is_active: 'True' -> 'False', first_name: 'впвап' -> 'Deleted', last_name: 'авпавп' -> 'User', email: 'new12345678@mmmm.rretret' -> 'deleted_37@deleted.unireax', username: 'new234' -> 'deleted_37_1776116934'	12	37
838	2026-04-14 00:52:18.63149+03	37	User Deleted	2	is_active: 'False' -> 'True'	12	1
839	2026-04-14 00:52:27.340555+03	37	User Deleted	2	is_active: 'True' -> 'False'	12	1
840	2026-04-14 01:10:27.736741+03	6	Анастасия Носова - тест бесплатный	3	Объект удален: Анастасия Носова - тест бесплатный	37	10
841	2026-04-14 01:22:03.616522+03	7	Анастасия Носова - проверка123	1	user: 'Носова Анастасия', course: 'проверка123', added_at: '2026-04-13 22:22:03.598408+00:00'	37	10
844	2026-04-14 02:38:33.405334+03	26	Обратная связь для asdsd sdasd - проверка задания1 (попытка 1)	1	user_practical_assignment: 'asdsd sdasd - проверка задания1 (попытка 1)', score: '9', is_passed: 'None', comment_feedback: 'молодец', given_at: '2026-04-13 23:38:33.398616+00:00', given_by: 'Преподов Препод'	32	4
845	2026-04-14 02:38:35.306982+03	23	asdsd sdasd - проверка задания1 (попытка 1)	2	submission_status: 'на проверке' -> 'завершено'	31	4
846	2026-04-14 02:38:35.34876+03	59	asdsd sdasd - проверка123	2	status_course: 'False' -> 'True', completion_date: 'None' -> '2026-04-13'	28	4
847	2026-04-14 02:39:37.752938+03	26	Обратная связь для asdsd sdasd - проверка задания1 (попытка 1)	2	score: '9' -> '10', given_at: '2026-04-13 23:38:33.398616+00:00' -> '2026-04-13 23:39:37.742940+00:00'	32	4
848	2026-04-14 02:47:16.980141+03	26	Обратная связь для asdsd sdasd - проверка задания1 (попытка 1)	2	score: '10' -> '9', given_at: '2026-04-13 23:39:37.742940+00:00' -> '2026-04-13 23:47:16.967326+00:00'	32	4
849	2026-04-14 02:48:47.06536+03	26	Обратная связь для asdsd sdasd - проверка задания1 (попытка 1)	2	score: '9' -> '10', given_at: '2026-04-13 23:47:16.967326+00:00' -> '2026-04-13 23:48:47.054363+00:00'	32	4
850	2026-04-14 02:50:59.415389+03	4	Преподов Препод	2	is_light_theme: 'False' -> 'True'	12	4
851	2026-04-14 02:51:00.32074+03	4	Преподов Препод	2	is_light_theme: 'True' -> 'False'	12	4
852	2026-04-14 02:51:21.880387+03	26	Обратная связь для asdsd sdasd - проверка задания1 (попытка 1)	2	score: '10' -> '9', given_at: '2026-04-13 23:48:47.054363+00:00' -> '2026-04-13 23:51:21.866577+00:00'	32	4
853	2026-04-14 02:54:16.394184+03	4	Преподов Препод	2	is_light_theme: 'False' -> 'True'	12	4
854	2026-04-14 02:54:40.900552+03	4	Преподов Препод	2	is_light_theme: 'True' -> 'False'	12	4
855	2026-04-14 02:57:12.359445+03	24	Методистов Методист	2	is_light_theme: 'False' -> 'True'	12	24
856	2026-04-14 02:57:15.73443+03	24	Методистов Методист	2	is_light_theme: 'True' -> 'False'	12	24
857	2026-04-14 02:57:51.052832+03	24	Методистов Методист	2	is_light_theme: 'False' -> 'True'	12	24
858	2026-04-14 02:57:52.05813+03	24	Методистов Методист	2	is_light_theme: 'True' -> 'False'	12	24
859	2026-04-14 02:57:52.519534+03	24	Методистов Методист	2	is_light_theme: 'False' -> 'True'	12	24
860	2026-04-14 02:57:53.337747+03	24	Методистов Методист	2	is_light_theme: 'True' -> 'False'	12	24
861	2026-04-14 02:57:54.25694+03	24	Методистов Методист	2	is_light_theme: 'False' -> 'True'	12	24
862	2026-04-14 02:57:55.591325+03	24	Методистов Методист	2	is_light_theme: 'True' -> 'False'	12	24
863	2026-04-14 02:57:56.806999+03	24	Методистов Методист	2	is_light_theme: 'False' -> 'True'	12	24
864	2026-04-14 02:58:01.290281+03	24	Методистов Методист	2	is_light_theme: 'True' -> 'False'	12	24
865	2026-04-14 02:58:02.123364+03	24	Методистов Методист	2	is_light_theme: 'False' -> 'True'	12	24
866	2026-04-14 02:58:03.129487+03	24	Методистов Методист	2	is_light_theme: 'True' -> 'False'	12	24
867	2026-04-14 02:59:01.335358+03	24	Методистов Методист	2	is_light_theme: 'False' -> 'True'	12	24
868	2026-04-14 02:59:04.396295+03	24	Методистов Методист	2	is_light_theme: 'True' -> 'False'	12	24
869	2026-04-14 02:59:54.976947+03	24	Методистов Методист	2	is_light_theme: 'False' -> 'True'	12	24
870	2026-04-14 03:00:09.513668+03	24	Методистов Методист	2	is_light_theme: 'True' -> 'False'	12	24
871	2026-04-14 03:01:22.601526+03	24	Методистов Методист	2	is_light_theme: 'False' -> 'True'	12	24
872	2026-04-14 03:01:40.71791+03	24	Методистов Методист	2	is_light_theme: 'True' -> 'False'	12	24
873	2026-04-14 03:01:41.223478+03	24	Методистов Методист	2	is_light_theme: 'False' -> 'True'	12	24
874	2026-04-14 03:01:41.753526+03	24	Методистов Методист	2	is_light_theme: 'True' -> 'False'	12	24
875	2026-04-14 03:01:42.264948+03	24	Методистов Методист	2	is_light_theme: 'False' -> 'True'	12	24
876	2026-04-14 03:01:45.143807+03	24	Методистов Методист	2	is_light_theme: 'True' -> 'False'	12	24
877	2026-04-14 03:01:45.236752+03	24	Методистов Методист	2	is_light_theme: 'False' -> 'True'	12	24
878	2026-04-14 03:01:45.744413+03	24	Методистов Методист	2	is_light_theme: 'True' -> 'False'	12	24
879	2026-04-14 03:01:46.616382+03	24	Методистов Методист	2	is_light_theme: 'False' -> 'True'	12	24
880	2026-04-14 03:01:47.417553+03	24	Методистов Методист	2	is_light_theme: 'True' -> 'False'	12	24
881	2026-04-14 03:03:10.801315+03	24	Методистов Методист	2	is_light_theme: 'False' -> 'True'	12	24
882	2026-04-14 03:03:16.003015+03	24	Методистов Методист	2	is_light_theme: 'True' -> 'False'	12	24
883	2026-04-14 03:03:16.795262+03	24	Методистов Методист	2	is_light_theme: 'False' -> 'True'	12	24
884	2026-04-14 03:03:17.137684+03	24	Методистов Методист	2	is_light_theme: 'True' -> 'False'	12	24
885	2026-04-14 03:18:13.620975+03	7	Анастасия Носова - проверка123	3	Объект удален: Анастасия Носова - проверка123	37	10
886	2026-04-14 03:18:16.636157+03	4	Анастасия Носова - ну еще	3	Объект удален: Анастасия Носова - ну еще	37	10
887	2026-04-14 03:20:19.377143+03	8	Анастасия Носова - новый	1	user: 'Носова Анастасия', course: 'новый', added_at: '2026-04-14 00:20:19.375137+00:00'	37	10
888	2026-04-14 03:34:41.289663+03	10	Носова Анастасия	2	is_light_theme: 'False' -> 'True'	12	10
889	2026-04-14 03:34:42.135795+03	10	Носова Анастасия	2	is_light_theme: 'True' -> 'False'	12	10
890	2026-04-14 03:34:57.560338+03	8	Отзыв от Носова Анастасия на Квантовая физика в теории и задачах	1	course: 'Квантовая физика в теории и задачах', user: 'Носова Анастасия', rating: '5', publish_date: '2026-04-14 00:34:57.543334+00:00', comment_review: 'круто', is_approved: 'True'	22	10
891	2026-04-14 03:35:03.721297+03	8	Отзыв от Носова Анастасия на Квантовая физика в теории и задачах	2	publish_date: '2026-04-14 00:34:57.543334+00:00' -> '2026-04-14 00:35:03.706314+00:00', comment_review: 'круто' -> 'круто!!!!!'	22	10
892	2026-04-14 03:35:20.341541+03	10	Носова Анастасия	2	is_light_theme: 'False' -> 'True'	12	10
893	2026-04-14 03:35:22.257094+03	10	Носова Анастасия	2	is_light_theme: 'True' -> 'False'	12	10
894	2026-04-14 03:39:15.329345+03	10	Носова Анастасия	2	is_light_theme: 'False' -> 'True'	12	10
895	2026-04-14 03:39:21.092332+03	10	Носова Анастасия	2	is_light_theme: 'True' -> 'False'	12	10
896	2026-04-18 00:08:19.539859+03	4	Преподов Препод	2	is_light_theme: 'False' -> 'True'	12	4
897	2026-04-18 00:08:20.135208+03	4	Преподов Препод	2	is_light_theme: 'True' -> 'False'	12	4
898	2026-04-18 00:08:20.651287+03	4	Преподов Препод	2	is_light_theme: 'False' -> 'True'	12	4
899	2026-04-18 00:08:21.161074+03	4	Преподов Препод	2	is_light_theme: 'True' -> 'False'	12	4
900	2026-04-20 02:14:30.838452+03	4	Преподов Препод	2	is_light_theme: 'False' -> 'True'	12	4
901	2026-04-20 02:14:31.684663+03	4	Преподов Препод	2	is_light_theme: 'True' -> 'False'	12	4
902	2026-04-20 02:14:32.144282+03	4	Преподов Препод	2	is_light_theme: 'False' -> 'True'	12	4
903	2026-04-20 02:14:32.577067+03	4	Преподов Препод	2	is_light_theme: 'True' -> 'False'	12	4
904	2026-04-20 02:16:19.689108+03	24	Носова Анастасия - Практическая задача №1 (попытка 1)	1	user: 'Носова Анастасия', practical_assignment: 'Практическая задача №1', submission_date: '2026-04-19 23:16:19.674107+00:00', submission_status: 'на проверке', attempt_number: '1', comment: 'все сделала', submitted_at: '2026-04-19 23:16:19.680105+00:00'	31	10
905	2026-04-20 02:16:19.717046+03	31	популярные_курсы_2026-03-15_по_2026-04-14.pdf	1	user_assignment: 'Носова Анастасия - Практическая задача №1 (попытка...', file: 'assignment_submissions/2026/04/20/популярные_курсы...', uploaded_at: '2026-04-19 23:16:19.711346+00:00', file_name: 'популярные_курсы_2026-03-15_по_2026-04-14.pdf', file_size: '24736', description: 'None'	33	10
906	2026-04-20 02:16:50.133325+03	27	Обратная связь для Носова Анастасия - Практическая задача №1 (попытка 1)	1	user_practical_assignment: 'Носова Анастасия - Практическая задача №1 (попытка...', score: 'None', is_passed: 'True', comment_feedback: 'суперррр', given_at: '2026-04-19 23:16:50.127326+00:00', given_by: 'Преподов Препод'	32	4
907	2026-04-20 02:16:52.134357+03	24	Носова Анастасия - Практическая задача №1 (попытка 1)	2	submission_status: 'на проверке' -> 'завершено'	31	4
908	2026-04-20 02:16:52.187394+03	60	Носова Анастасия - Квантовая физика в теории и задачах	2	status_course: 'False' -> 'True', completion_date: 'None' -> '2026-04-19'	28	4
909	2026-04-20 02:18:58.435782+03	4	Преподов Препод	2	is_light_theme: 'False' -> 'True'	12	4
910	2026-04-20 02:18:58.888479+03	4	Преподов Препод	2	is_light_theme: 'True' -> 'False'	12	4
911	2026-04-20 02:18:59.429484+03	4	Преподов Препод	2	is_light_theme: 'False' -> 'True'	12	4
912	2026-04-20 02:18:59.919341+03	4	Преподов Препод	2	is_light_theme: 'True' -> 'False'	12	4
913	2026-04-20 02:27:12.668778+03	4	Преподов Препод	2	is_light_theme: 'False' -> 'True'	12	4
914	2026-04-20 02:27:13.744385+03	4	Преподов Препод	2	is_light_theme: 'True' -> 'False'	12	4
915	2026-04-20 02:27:19.309676+03	4	Преподов Препод	2	is_light_theme: 'False' -> 'True'	12	4
916	2026-04-20 02:27:19.851662+03	4	Преподов Препод	2	is_light_theme: 'True' -> 'False'	12	4
917	2026-04-20 02:27:20.271148+03	4	Преподов Препод	2	is_light_theme: 'False' -> 'True'	12	4
918	2026-04-20 02:27:21.30022+03	4	Преподов Препод	2	is_light_theme: 'True' -> 'False'	12	4
919	2026-04-20 02:28:07.42806+03	4	Преподов Препод	2	is_light_theme: 'False' -> 'True'	12	4
920	2026-04-20 02:28:09.257788+03	4	Преподов Препод	2	is_light_theme: 'True' -> 'False'	12	4
921	2026-04-20 02:28:09.679481+03	4	Преподов Препод	2	is_light_theme: 'False' -> 'True'	12	4
922	2026-04-20 02:28:10.149503+03	4	Преподов Препод	2	is_light_theme: 'True' -> 'False'	12	4
923	2026-04-20 15:48:03.394622+03	4	Преподов Препод	2	is_light_theme: 'False' -> 'True'	12	4
924	2026-04-20 15:48:03.821455+03	4	Преподов Препод	2	is_light_theme: 'True' -> 'False'	12	4
925	2026-04-20 15:48:23.52636+03	4	Преподов Препод	2	is_light_theme: 'False' -> 'True'	12	4
926	2026-04-20 15:48:24.348654+03	4	Преподов Препод	2	is_light_theme: 'True' -> 'False'	12	4
927	2026-04-20 16:22:06.378519+03	4	Преподов Препод	2	is_light_theme: 'False' -> 'True'	12	4
928	2026-04-20 16:22:07.156188+03	4	Преподов Препод	2	is_light_theme: 'True' -> 'False'	12	4
929	2026-04-21 01:35:39.781363+03	4	Преподов Препод	2	is_light_theme: 'False' -> 'True'	12	4
930	2026-04-21 01:35:40.725954+03	4	Преподов Препод	2	is_light_theme: 'True' -> 'False'	12	4
931	2026-04-21 01:35:41.191499+03	4	Преподов Препод	2	is_light_theme: 'False' -> 'True'	12	4
932	2026-04-21 01:35:42.136346+03	4	Преподов Препод	2	is_light_theme: 'True' -> 'False'	12	4
933	2026-04-22 03:49:02.254038+03	4	Преподов Препод	2	is_light_theme: 'False' -> 'True'	12	4
934	2026-04-22 03:49:02.986496+03	4	Преподов Препод	2	is_light_theme: 'True' -> 'False'	12	4
935	2026-04-22 13:46:57.48291+03	24	Методистов Методист	2	is_light_theme: 'False' -> 'True'	12	24
936	2026-04-22 13:46:58.629577+03	24	Методистов Методист	2	is_light_theme: 'True' -> 'False'	12	24
937	2026-04-22 13:57:51.516737+03	1	Препод Преподов - тест (На рассмотрении)	1	teacher: 'Преподов Препод', course: 'тест', status: 'pending', comment: 'None', created_at: '2026-04-22 10:57:51.508736+00:00', updated_at: '2026-04-22 10:57:51.508736+00:00'	38	4
938	2026-04-22 13:59:39.863934+03	13	проверка курса для препода	1	course_name: 'проверка курса для препода', course_description: 'новый курс очень крутой классный честное слово бли...', course_price: '30', course_category: 'математика', course_photo_path: '', has_certificate: 'False', course_max_places: 'None', course_hours: '10', is_completed: 'False', code_link: 'None', course_type: 'образовательная программа', created_by: 'Методистов Методист', is_active: 'True', created_at: '2026-04-22 10:59:39.851266+00:00'	15	24
939	2026-04-22 14:00:02.419182+03	2	Препод Преподов - проверка курса для препода (На рассмотрении)	1	teacher: 'Преподов Препод', course: 'проверка курса для препода', status: 'pending', comment: 'None', created_at: '2026-04-22 11:00:02.415182+00:00', updated_at: '2026-04-22 11:00:02.415182+00:00'	38	4
940	2026-04-22 14:01:46.91015+03	26	Обратная связь для asdsd sdasd - проверка задания1 (попытка 1)	3	Объект удален: Обратная связь для asdsd sdasd - проверка задания1 (попытка 1)	32	1
941	2026-04-22 14:01:46.913149+03	30	user_agreement.pdf	3	Объект удален: user_agreement.pdf	33	1
942	2026-04-22 14:01:46.920149+03	59	asdsd sdasd - проверка123	3	Объект удален: asdsd sdasd - проверка123	28	1
943	2026-04-22 14:01:46.923148+03	61	asdsd sdasd - новый	3	Объект удален: asdsd sdasd - новый	28	1
944	2026-04-22 14:01:46.940968+03	38	asdsd sdasd - как жизнь - хорошо	3	Объект удален: asdsd sdasd - как жизнь - хорошо	34	1
945	2026-04-22 14:01:46.945971+03	39	asdsd sdasd - как жизнь - хорошо	3	Объект удален: asdsd sdasd - как жизнь - хорошо	34	1
946	2026-04-22 14:01:46.957259+03	94	asdsd sdasd - сопоставьте слова по смыслу - привет -> приветствие	3	Объект удален: asdsd sdasd - сопоставьте слова по смыслу - привет -> приветствие	30	1
947	2026-04-22 14:01:46.961261+03	95	asdsd sdasd - сопоставьте слова по смыслу - пока-пока -> что надо сказать перед тем как	3	Объект удален: asdsd sdasd - сопоставьте слова по смыслу - пока-пока -> что надо сказать перед тем как	30	1
948	2026-04-22 14:01:46.967263+03	96	asdsd sdasd - сопоставьте слова по смыслу - вежливое приветствие -> здравствуйте	3	Объект удален: asdsd sdasd - сопоставьте слова по смыслу - вежливое приветствие -> здравствуйте	30	1
949	2026-04-22 14:01:46.971262+03	97	asdsd sdasd - сопоставьте слова по смыслу - привет -> приветствие	3	Объект удален: asdsd sdasd - сопоставьте слова по смыслу - привет -> приветствие	30	1
950	2026-04-22 14:01:46.975259+03	98	asdsd sdasd - сопоставьте слова по смыслу - пока-пока -> что надо сказать перед тем как	3	Объект удален: asdsd sdasd - сопоставьте слова по смыслу - пока-пока -> что надо сказать перед тем как	30	1
951	2026-04-22 14:01:46.97926+03	99	asdsd sdasd - сопоставьте слова по смыслу - вежливое приветствие -> здравствуйте	3	Объект удален: asdsd sdasd - сопоставьте слова по смыслу - вежливое приветствие -> здравствуйте	30	1
952	2026-04-22 14:01:46.984818+03	43	asdsd sdasd - тест_проверка1 (попытка 1)	3	Объект удален: asdsd sdasd - тест_проверка1 (попытка 1)	26	1
953	2026-04-22 14:01:46.987824+03	44	asdsd sdasd - тест_проверка1 (попытка 2)	3	Объект удален: asdsd sdasd - тест_проверка1 (попытка 2)	26	1
954	2026-04-22 14:01:46.991821+03	23	asdsd sdasd - проверка задания1 (попытка 1)	3	Объект удален: asdsd sdasd - проверка задания1 (попытка 1)	31	1
955	2026-04-22 14:01:46.995458+03	103	asdsd sdasd - как жизнь	3	Объект удален: asdsd sdasd - как жизнь	27	1
956	2026-04-22 14:01:46.999457+03	104	asdsd sdasd - напишите привет	3	Объект удален: asdsd sdasd - напишите привет	27	1
957	2026-04-22 14:01:47.003457+03	105	asdsd sdasd - сопоставьте слова по смыслу	3	Объект удален: asdsd sdasd - сопоставьте слова по смыслу	27	1
958	2026-04-22 14:01:47.006464+03	106	asdsd sdasd - как жизнь	3	Объект удален: asdsd sdasd - как жизнь	27	1
959	2026-04-22 14:01:47.009457+03	107	asdsd sdasd - напишите привет	3	Объект удален: asdsd sdasd - напишите привет	27	1
960	2026-04-22 14:01:47.011456+03	108	asdsd sdasd - сопоставьте слова по смыслу	3	Объект удален: asdsd sdasd - сопоставьте слова по смыслу	27	1
961	2026-04-22 14:01:47.013461+03	36	asdsd sdasd	3	Объект удален: asdsd sdasd	12	1
962	2026-04-22 14:02:10.595761+03	18	Ннн Надежда	2	email: 'isip_n.i.grigorenko@mpt.ru' -> 'dsfdsfdsfdsfdsfsdfdsfdisip_n.i.grigorenko@mpt.ru'	12	1
963	2026-04-22 14:02:23.29017+03	24	Методистов Методист	2	email: 'met@example.com' -> 'isip_n.i.grigorenko@mpt.ru'	12	1
964	2026-04-22 14:04:17.105454+03	4	Преподов Препод	2	email: 'prepod@mpt.ru' -> 'existenceque@mail.ru'	12	1
965	2026-04-22 14:14:20.708173+03	1	Препод Преподов - тест (На рассмотрении)	3		38	1
966	2026-04-22 14:14:20.711178+03	1	Препод Преподов - тест (На рассмотрении)	3	[Админка] Объект удален: Препод Преподов - тест (На рассмотрении)	38	1
967	2026-04-22 14:14:26.036863+03	2	Препод Преподов - проверка курса для препода (На рассмотрении)	3		38	1
968	2026-04-22 14:14:26.039036+03	2	Препод Преподов - проверка курса для препода (На рассмотрении)	3	[Админка] Объект удален: Препод Преподов - проверка курса для препода (На рассмотрении)	38	1
969	2026-04-22 14:18:34.12437+03	3	Препод Преподов - проверка курса для препода (На рассмотрении)	1	teacher: 'Преподов Препод', course: 'проверка курса для препода', status: 'pending', comment: 'None', created_at: '2026-04-22 11:18:34.117371+00:00', updated_at: '2026-04-22 11:18:34.117371+00:00'	38	4
970	2026-04-22 14:19:57.535446+03	3	Препод Преподов - проверка курса для препода (Одобрена)	2	status: 'pending' -> 'approved', updated_at: '2026-04-22 11:18:34.117371+00:00' -> '2026-04-22 11:19:57.529433+00:00'	38	24
971	2026-04-22 14:19:57.552607+03	8	Преподов Препод - проверка курса для препода	1	course: 'проверка курса для препода', teacher: 'Преподов Препод', start_date: '2026-04-22', is_active: 'True'	35	24
972	2026-04-22 14:24:50.92256+03	3	Препод Преподов - проверка курса для препода (Одобрена)	3		38	1
973	2026-04-22 14:24:50.925559+03	3	Препод Преподов - проверка курса для препода (Одобрена)	3	[Админка] Объект удален: Препод Преподов - проверка курса для препода (Одобрена)	38	1
974	2026-04-22 14:28:34.785202+03	8	Преподов Препод - проверка курса для препода	3		35	1
975	2026-04-22 14:28:34.788201+03	8	Преподов Препод - проверка курса для препода	3	[Админка] Объект удален: Преподов Препод - проверка курса для препода	35	1
976	2026-04-22 14:30:05.601384+03	4	Препод Преподов - проверка курса для препода (На рассмотрении)	1	teacher: 'Преподов Препод', course: 'проверка курса для препода', status: 'pending', comment: 'None', created_at: '2026-04-22 11:30:05.595384+00:00', updated_at: '2026-04-22 11:30:05.595384+00:00'	38	4
977	2026-04-22 14:30:40.492601+03	4	Препод Преподов - проверка курса для препода (Одобрена)	2	status: 'pending' -> 'approved', updated_at: '2026-04-22 11:30:05.595384+00:00' -> '2026-04-22 11:30:40.487424+00:00'	38	24
978	2026-04-22 14:30:40.503122+03	9	Преподов Препод - проверка курса для препода	1	course: 'проверка курса для препода', teacher: 'Преподов Препод', start_date: '2026-04-22', is_active: 'True'	35	24
979	2026-04-22 15:25:24.854117+03	24	Методистов Методист	2	is_light_theme: 'False' -> 'True'	12	24
980	2026-04-22 15:25:25.428459+03	24	Методистов Методист	2	is_light_theme: 'True' -> 'False'	12	24
981	2026-04-22 15:25:25.853639+03	24	Методистов Методист	2	is_light_theme: 'False' -> 'True'	12	24
982	2026-04-22 15:25:26.327385+03	24	Методистов Методист	2	is_light_theme: 'True' -> 'False'	12	24
983	2026-04-22 15:25:26.899815+03	24	Методистов Методист	2	is_light_theme: 'False' -> 'True'	12	24
984	2026-04-22 15:25:27.369348+03	24	Методистов Методист	2	is_light_theme: 'True' -> 'False'	12	24
985	2026-04-22 15:25:27.879289+03	24	Методистов Методист	2	is_light_theme: 'False' -> 'True'	12	24
986	2026-04-22 15:25:29.025621+03	24	Методистов Методист	2	is_light_theme: 'True' -> 'False'	12	24
987	2026-04-22 15:26:30.480442+03	13	проверка курса для препода	2	is_find_teacher: 'None' -> 'True'	15	24
988	2026-04-22 15:43:40.947841+03	8	новая	1	lecture_name: 'новая', lecture_content: 'выаывавыаоываовыаощшвыоащшвыоашыщвоаывывыфвыфвывав...', lecture_document_path: '', lecture_order: '1', course: 'классная комната которая не должна отображаться', is_active: 'True', created_at: '2026-04-22 12:43:40.940837+00:00', updated_at: '2026-04-22 12:43:40.940837+00:00'	16	4
989	2026-04-22 15:44:51.297927+03	8	новое задание21312312312	1	practical_assignment_name: 'новое задание21312312312', practical_assignment_description: 'ываывавыаываывавыаываывава', assignment_document_path: '', assignment_criteria: 'ррррррр', lecture: 'новая', assignment_deadline: '2026-04-22 15:45:00+03:00', grading_type: 'points', max_score: '10', passing_score: '4', is_active: 'True', created_at: '2026-04-22 12:44:51.291022+00:00', updated_at: '2026-04-22 12:44:51.291022+00:00', is_can_pin_after_deadline: 'False'	18	4
1029	2026-04-22 19:39:05.024175+03	34	students_12_2026-04-22.csv	1	user_assignment: 'Носова Анастасия - новое задание21312312312 (попыт...', file: 'assignment_submissions/2026/04/22/students_12_2026...', uploaded_at: '2026-04-22 16:39:05.022172+00:00', file_name: 'students_12_2026-04-22.csv', file_size: '183', description: 'None'	33	10
990	2026-04-22 15:46:01.199383+03	38	aim who	1	is_superuser: 'False', is_staff: 'False', is_active: 'True', date_joined: '2026-04-22 12:46:00.814545+00:00', first_name: 'who', last_name: 'aim', email: 'astraneptu@gmail.com', username: 'astraneptu', patronymic: 'None', is_verified: 'True', role: 'слушатель курсов', position: 'None', educational_institution: 'None', certificate_file: '', is_light_theme: 'True'	12	4
991	2026-04-22 15:46:01.218386+03	63	aim who - классная комната которая не должна отображаться	1	user: 'aim who', course: 'классная комната которая не должна отображаться', registration_date: '2026-04-22', status_course: 'False', payment_date: 'None', completion_date: 'None', course_price: '0', is_active: 'True', enrolled_at: '2026-04-22 12:46:01.213386+00:00', payment_id: 'None'	28	4
992	2026-04-22 16:05:48.545784+03	4	Преподов Препод	2	is_light_theme: 'False' -> 'True'	12	4
993	2026-04-22 16:05:49.01362+03	4	Преподов Препод	2	is_light_theme: 'True' -> 'False'	12	4
994	2026-04-22 16:29:32.75149+03	4	Преподов Препод	2	is_light_theme: 'False' -> 'True'	12	4
995	2026-04-22 16:29:37.885419+03	4	Преподов Препод	2	is_light_theme: 'True' -> 'False'	12	4
996	2026-04-22 16:46:40.965894+03	4	Преподов Препод	2	is_light_theme: 'False' -> 'True'	12	4
997	2026-04-22 16:46:41.65032+03	4	Преподов Препод	2	is_light_theme: 'True' -> 'False'	12	4
998	2026-04-22 16:53:42.04526+03	4	Преподов Препод	2	is_light_theme: 'False' -> 'True'	12	4
999	2026-04-22 16:53:43.145348+03	4	Преподов Препод	2	is_light_theme: 'True' -> 'False'	12	4
1000	2026-04-22 18:10:37.882131+03	4	Преподов Препод	2	is_light_theme: 'False' -> 'True'	12	4
1001	2026-04-22 18:10:39.673643+03	4	Преподов Препод	2	is_light_theme: 'True' -> 'False'	12	4
1002	2026-04-22 18:13:38.841102+03	4	Преподов Препод	2	is_light_theme: 'False' -> 'True'	12	4
1003	2026-04-22 18:13:41.555011+03	4	Преподов Препод	2	is_light_theme: 'True' -> 'False'	12	4
1004	2026-04-22 18:13:46.412828+03	63	aim who - классная комната которая не должна отображаться	2	is_active: 'True' -> 'False'	28	4
1005	2026-04-22 18:13:52.372287+03	63	aim who - классная комната которая не должна отображаться	2	is_active: 'False' -> 'True'	28	4
1006	2026-04-22 18:18:40.026761+03	4	Преподов Препод	2	is_light_theme: 'False' -> 'True'	12	4
1007	2026-04-22 18:18:40.751685+03	4	Преподов Препод	2	is_light_theme: 'True' -> 'False'	12	4
1008	2026-04-22 18:18:41.102653+03	4	Преподов Препод	2	is_light_theme: 'False' -> 'True'	12	4
1009	2026-04-22 18:18:45.205244+03	4	Преподов Препод	2	is_light_theme: 'True' -> 'False'	12	4
1010	2026-04-22 18:18:57.138346+03	4	Преподов Препод	2	is_light_theme: 'False' -> 'True'	12	4
1011	2026-04-22 18:18:57.865757+03	4	Преподов Препод	2	is_light_theme: 'True' -> 'False'	12	4
1012	2026-04-22 18:19:02.085458+03	4	Преподов Препод	2	is_light_theme: 'False' -> 'True'	12	4
1013	2026-04-22 18:19:08.513539+03	4	Преподов Препод	2	is_light_theme: 'True' -> 'False'	12	4
1014	2026-04-22 18:22:18.785391+03	4	Преподов Препод	2	is_light_theme: 'False' -> 'True'	12	4
1015	2026-04-22 18:22:19.80689+03	4	Преподов Препод	2	is_light_theme: 'True' -> 'False'	12	4
1016	2026-04-22 18:54:36.560118+03	9	тест лекции2345678	1	lecture_name: 'тест лекции2345678', lecture_content: 'gfhhhfggfhhgfhgghgfhfhghfghhhffggghhjythhgrrthgggg...', lecture_document_path: '', lecture_order: '1', course: 'проверка курса для препода', is_active: 'True', created_at: '2026-04-22 15:54:36.553114+00:00', updated_at: '2026-04-22 15:54:36.553114+00:00'	16	24
1017	2026-04-22 19:14:23.219489+03	24	Методистов Методист	2	is_light_theme: 'False' -> 'True'	12	24
1018	2026-04-22 19:14:24.270247+03	24	Методистов Методист	2	is_light_theme: 'True' -> 'False'	12	24
1019	2026-04-22 19:14:54.694259+03	4	Преподов Препод	2	is_light_theme: 'False' -> 'True'	12	4
1020	2026-04-22 19:14:55.736175+03	4	Преподов Препод	2	is_light_theme: 'True' -> 'False'	12	4
1021	2026-04-22 19:30:07.197296+03	10	Носова Анастасия	2	email: 'new123@main.ru' -> 'guiznotes@mail.ru'	12	1
1022	2026-04-22 19:31:03.582958+03	64	Преподов Препод - классная комната которая не должна отображаться	1	user: 'Преподов Препод', course: 'классная комната которая не должна отображаться', registration_date: '2026-04-22', status_course: 'False', payment_date: 'None', completion_date: 'None', course_price: '0', is_active: 'True', enrolled_at: '2026-04-22 16:31:03.578952+00:00', payment_id: 'None'	28	4
1023	2026-04-22 19:32:54.067095+03	64	Преподов Препод - классная комната которая не должна отображаться	2	is_active: 'True' -> 'False'	28	4
1024	2026-04-22 19:33:20.31613+03	65	Носова Анастасия - классная комната которая не должна отображаться	1	user: 'Носова Анастасия', course: 'классная комната которая не должна отображаться', registration_date: '2026-04-22', status_course: 'False', payment_date: 'None', completion_date: 'None', course_price: '0', is_active: 'True', enrolled_at: '2026-04-22 16:33:20.314123+00:00', payment_id: 'None'	28	4
1025	2026-04-22 19:38:01.014008+03	8	новое задание21312312312	2	assignment_deadline: '2026-04-22 12:45:00+00:00' -> 'None', updated_at: '2026-04-22 12:44:51.291022+00:00' -> '2026-04-22 16:38:01.008974+00:00', is_can_pin_after_deadline: 'False' -> 'True'	18	4
1026	2026-04-22 19:39:04.983437+03	25	Носова Анастасия - новое задание21312312312 (попытка 1)	1	user: 'Носова Анастасия', practical_assignment: 'новое задание21312312312', submission_date: '2026-04-22 16:39:04.969885+00:00', submission_status: 'на проверке', attempt_number: '1', comment: 'опоздала чутка', submitted_at: '2026-04-22 16:39:04.975464+00:00'	31	10
1027	2026-04-22 19:39:05.009839+03	32	students_12_2026-04-22 (2).csv	1	user_assignment: 'Носова Анастасия - новое задание21312312312 (попыт...', file: 'assignment_submissions/2026/04/22/students_12_2026...', uploaded_at: '2026-04-22 16:39:05.004839+00:00', file_name: 'students_12_2026-04-22 (2).csv', file_size: '264', description: 'None'	33	10
1028	2026-04-22 19:39:05.017826+03	33	students_12_2026-04-22 (1).csv	1	user_assignment: 'Носова Анастасия - новое задание21312312312 (попыт...', file: 'assignment_submissions/2026/04/22/students_12_2026...', uploaded_at: '2026-04-22 16:39:05.015826+00:00', file_name: 'students_12_2026-04-22 (1).csv', file_size: '264', description: 'None'	33	10
1030	2026-04-22 19:57:54.92321+03	8	новое задание21312312312	2	assignment_deadline: 'None' -> '2026-04-22 19:58:00+03:00', updated_at: '2026-04-22 16:38:01.008974+00:00' -> '2026-04-22 16:57:54.917691+00:00'	18	4
1031	2026-04-22 19:59:05.550446+03	26	Носова Анастасия - новое задание21312312312 (попытка 2)	1	user: 'Носова Анастасия', practical_assignment: 'новое задание21312312312', submission_date: '2026-04-22 16:59:05.539442+00:00', submission_status: 'на проверке', attempt_number: '2', comment: 'опоздала чутка', submitted_at: '2026-04-22 16:59:05.544445+00:00'	31	10
1032	2026-04-22 19:59:05.57526+03	35	популярные_курсы_2026-03-15_по_2026-04-14.pdf	1	user_assignment: 'Носова Анастасия - новое задание21312312312 (попыт...', file: 'assignment_submissions/2026/04/22/популярные_курсы...', uploaded_at: '2026-04-22 16:59:05.571654+00:00', file_name: 'популярные_курсы_2026-03-15_по_2026-04-14.pdf', file_size: '24736', description: 'None'	33	10
1035	2026-04-22 20:04:17.837977+03	4	Преподов Препод	2	is_light_theme: 'False' -> 'True'	12	4
1036	2026-04-22 20:05:02.220198+03	4	Преподов Препод	2	is_light_theme: 'True' -> 'False'	12	4
1037	2026-04-22 20:05:03.044294+03	4	Преподов Препод	2	is_light_theme: 'False' -> 'True'	12	4
1038	2026-04-22 20:05:03.431131+03	4	Преподов Препод	2	is_light_theme: 'True' -> 'False'	12	4
1039	2026-04-22 20:05:06.086125+03	4	Преподов Препод	2	is_light_theme: 'False' -> 'True'	12	4
1040	2026-04-22 21:03:01.80421+03	4	Преподов Препод	2	is_light_theme: 'True' -> 'False'	12	4
1041	2026-04-22 21:03:06.414241+03	4	Преподов Препод	2	is_light_theme: 'False' -> 'True'	12	4
1042	2026-04-22 21:03:07.699962+03	4	Преподов Препод	2	is_light_theme: 'True' -> 'False'	12	4
1043	2026-04-22 21:28:59.682206+03	4	Преподов Препод	2	is_light_theme: 'False' -> 'True'	12	4
1044	2026-04-22 21:29:02.295608+03	4	Преподов Препод	2	is_light_theme: 'True' -> 'False'	12	4
1049	2026-04-23 03:48:59.723359+03	28	Обратная связь для Тест Тест - новое задание 1 (попытка 1)	1	user_practical_assignment: 'Тест Тест - новое задание 1 (попытка 1)', score: '0', is_passed: 'None', comment_feedback: '', given_at: '2026-04-23 00:48:59.713360+00:00', given_by: 'Преподов Препод'	32	4
1050	2026-04-23 03:49:01.155627+03	2	Тест Тест - новое задание 1 (попытка 1)	2	submission_status: 'на проверке' -> 'отклонено'	31	4
1051	2026-04-23 03:52:29.045575+03	4	Преподов Препод	2	is_light_theme: 'False' -> 'True'	12	4
1052	2026-04-23 03:52:29.986647+03	4	Преподов Препод	2	is_light_theme: 'True' -> 'False'	12	4
1053	2026-04-23 03:54:16.018603+03	2	Тест Тест - новое задание 1 (попытка 1)	2	submission_status: 'отклонено' -> 'на доработке'	31	4
1054	2026-04-23 03:54:16.061602+03	28	Обратная связь для Тест Тест - новое задание 1 (попытка 1)	2	comment_feedback: '' -> '[РЕАБИЛИТАЦИЯ] все хорошо'	32	4
1055	2026-04-23 04:03:26.591616+03	36	статистика_слушателей_2026-03-15_по_2026-04-14.pdf	3	Объект удален: статистика_слушателей_2026-03-15_по_2026-04-14.pdf	33	1
1056	2026-04-23 04:03:26.600193+03	63	aim who - классная комната которая не должна отображаться	3	Объект удален: aim who - классная комната которая не должна отображаться	28	1
1057	2026-04-23 04:03:26.606639+03	27	aim who - новое задание21312312312 (попытка 1)	3	Объект удален: aim who - новое задание21312312312 (попытка 1)	31	1
1058	2026-04-23 04:03:26.607636+03	38	aim who	3	Объект удален: aim who	12	1
1059	2026-04-23 04:04:39.946261+03	39	Олелелле Алелеле	2	is_light_theme: 'True' -> 'False'	12	39
1060	2026-04-23 04:05:10.53407+03	39	Олелелле Алелеле	2	is_verified: 'False' -> 'True'	12	1
1061	2026-04-23 04:10:44.79132+03	39	Олелелле Алелеле	2	is_light_theme: 'False' -> 'True'	12	39
1062	2026-04-23 04:10:45.893222+03	39	Олелелле Алелеле	2	is_light_theme: 'True' -> 'False'	12	39
1063	2026-04-23 04:10:55.853679+03	39	User Deleted	2	is_active: 'True' -> 'False', first_name: 'Алелеле' -> 'Deleted', last_name: 'Олелелле' -> 'User', email: 'astraneptu@gmail.com' -> 'deleted_39@deleted.unireax', username: 'astraaaaa' -> 'deleted_39_1776906655', position: 'преподаватель в мпт' -> 'None', educational_institution: 'МПТ' -> 'None', certificate_file: 'certificates/2026/04/23/uiia.png' -> ''	12	39
1064	2026-04-23 04:14:24.826163+03	15	ываыва вавыа	2	is_light_theme: 'True' -> 'False'	12	15
1065	2026-04-23 04:15:31.188937+03	15	ываыва вавыа	2	is_light_theme: 'False' -> 'True'	12	15
1066	2026-04-23 04:15:31.895578+03	15	ываыва вавыа	2	is_light_theme: 'True' -> 'False'	12	15
1067	2026-04-23 04:15:49.473758+03	15	User Deleted	2	is_active: 'True' -> 'False', first_name: 'вавыа' -> 'Deleted', last_name: 'ываыва' -> 'User', email: 'sdfsdf@mdfisdf.rrttert' -> 'deleted_15@deleted.unireax', username: 'test5' -> 'deleted_15_1776906949'	12	15
1068	2026-04-23 04:19:23.69969+03	24	Методистов Методист	2	is_light_theme: 'False' -> 'True'	12	24
1069	2026-04-23 04:19:28.48337+03	24	Методистов Методист	2	is_light_theme: 'True' -> 'False'	12	24
1070	2026-04-23 16:49:58.993591+03	9	Сертификат CERT-20260423134958-IOEE6A - Носова Анастасия	1	user_course: 'Носова Анастасия - Квантовая физика в теории и зад...', certificate_number: 'CERT-20260423134958-IOEE6A', issue_date: '2026-04-23', certificate_file_path: 'None'	29	10
1071	2026-04-23 16:49:59.162311+03	9	Сертификат CERT-20260423134958-IOEE6A - Носова Анастасия	2	certificate_file_path: 'None' -> 'certificates/certificate_CERT-20260423134958-IOEE6...'	29	10
1072	2026-04-23 17:06:28.74959+03	4	Преподов Препод	2	is_light_theme: 'False' -> 'True'	12	4
1073	2026-04-23 17:06:29.493224+03	4	Преподов Препод	2	is_light_theme: 'True' -> 'False'	12	4
1074	2026-04-23 17:19:07.863715+03	47	Носова Анастасия - Тест №1 (попытка 1)	3	Объект удален: Носова Анастасия - Тест №1 (попытка 1)	26	10
1075	2026-04-23 17:19:07.922006+03	44	Носова Анастасия - 2. Какую фундаментальную константу ввёл Макс Планк... - В) Постоянную Планка	3	Объект удален: Носова Анастасия - 2. Какую фундаментальную константу ввёл Макс Планк... - В) Постоянную Планка	34	10
1076	2026-04-23 17:19:07.926019+03	117	Носова Анастасия - 2. Какую фундаментальную константу ввёл Макс Планк...	3	Объект удален: Носова Анастасия - 2. Какую фундаментальную константу ввёл Макс Планк...	27	10
1077	2026-04-23 17:19:07.948008+03	127	Носова Анастасия - 2. Какую фундаментальную константу ввёл Макс Планк...	1	user: 'Носова Анастасия', question: '2. Какую фундаментальную константу ввёл Макс Планк...', answer_text: 'None', answer_date: '2026-04-23 14:19:07.931173+00:00', attempt_number: '1', score: 'None'	27	10
1078	2026-04-23 17:19:07.963897+03	127	Носова Анастасия - 2. Какую фундаментальную константу ввёл Макс Планк...	2	score: 'None' -> '0'	27	10
1079	2026-04-23 17:19:07.972911+03	45	Носова Анастасия - 1. Какое явление классическая физика конца XIX век... - Б) Ультрафиолетовая катастрофа	3	Объект удален: Носова Анастасия - 1. Какое явление классическая физика конца XIX век... - Б) Ультрафиолетовая катастрофа	34	10
1080	2026-04-23 17:19:07.977914+03	118	Носова Анастасия - 1. Какое явление классическая физика конца XIX век...	3	Объект удален: Носова Анастасия - 1. Какое явление классическая физика конца XIX век...	27	10
1081	2026-04-23 17:19:07.988049+03	128	Носова Анастасия - 1. Какое явление классическая физика конца XIX век...	1	user: 'Носова Анастасия', question: '1. Какое явление классическая физика конца XIX век...', answer_text: 'None', answer_date: '2026-04-23 14:19:07.981984+00:00', attempt_number: '1', score: 'None'	27	10
1082	2026-04-23 17:19:07.999759+03	128	Носова Анастасия - 1. Какое явление классическая физика конца XIX век...	2	score: 'None' -> '0'	27	10
1083	2026-04-23 17:19:08.004573+03	119	Носова Анастасия - 3. Квадрат модуля волновой функции описывает _____...	3	Объект удален: Носова Анастасия - 3. Квадрат модуля волновой функции описывает _____...	27	10
1084	2026-04-23 17:19:08.01357+03	129	Носова Анастасия - 3. Квадрат модуля волновой функции описывает _____...	1	user: 'Носова Анастасия', question: '3. Квадрат модуля волновой функции описывает _____...', answer_text: 'None', answer_date: '2026-04-23 14:19:08.007767+00:00', attempt_number: '1', score: 'None'	27	10
1085	2026-04-23 17:19:08.023574+03	129	Носова Анастасия - 3. Квадрат модуля волновой функции описывает _____...	2	answer_text: 'None' -> 'вероятность'	27	10
1086	2026-04-23 17:19:08.033569+03	129	Носова Анастасия - 3. Квадрат модуля волновой функции описывает _____...	2	score: 'None' -> '1'	27	10
1087	2026-04-23 17:19:08.044571+03	108	Носова Анастасия - 4. Соотнесите учёного и его вклад. Выберите соотве... - А) Макс Планк -> 3) Квант энергии и постоянная 	3	Объект удален: Носова Анастасия - 4. Соотнесите учёного и его вклад. Выберите соотве... - А) Макс Планк -> 3) Квант энергии и постоянная 	30	10
1088	2026-04-23 17:19:08.048573+03	109	Носова Анастасия - 4. Соотнесите учёного и его вклад. Выберите соотве... - Б) Нильс Бор -> 4) Модель атома с дискретными 	3	Объект удален: Носова Анастасия - 4. Соотнесите учёного и его вклад. Выберите соотве... - Б) Нильс Бор -> 4) Модель атома с дискретными 	30	10
1089	2026-04-23 17:19:08.05357+03	110	Носова Анастасия - 4. Соотнесите учёного и его вклад. Выберите соотве... - В) Альберт Эйнштейн -> 1) Объяснил фотоэффект (фотоны	3	Объект удален: Носова Анастасия - 4. Соотнесите учёного и его вклад. Выберите соотве... - В) Альберт Эйнштейн -> 1) Объяснил фотоэффект (фотоны	30	10
1090	2026-04-23 17:19:08.057596+03	111	Носова Анастасия - 4. Соотнесите учёного и его вклад. Выберите соотве... - Г) Эрвин Шрёдингер -> 2) Волновое уравнение и волнов	3	Объект удален: Носова Анастасия - 4. Соотнесите учёного и его вклад. Выберите соотве... - Г) Эрвин Шрёдингер -> 2) Волновое уравнение и волнов	30	10
1091	2026-04-23 17:19:08.061573+03	120	Носова Анастасия - 4. Соотнесите учёного и его вклад. Выберите соотве...	3	Объект удален: Носова Анастасия - 4. Соотнесите учёного и его вклад. Выберите соотве...	27	10
1208	2026-04-23 17:52:34.05084+03	143	Носова Анастасия - 2. Какую фундаментальную константу ввёл Макс Планк...	3		27	1
1092	2026-04-23 17:19:08.06974+03	130	Носова Анастасия - 4. Соотнесите учёного и его вклад. Выберите соотве...	1	user: 'Носова Анастасия', question: '4. Соотнесите учёного и его вклад. Выберите соотве...', answer_text: 'None', answer_date: '2026-04-23 14:19:08.064731+00:00', attempt_number: '1', score: 'None'	27	10
1093	2026-04-23 17:19:08.091741+03	112	Носова Анастасия - 4. Соотнесите учёного и его вклад. Выберите соотве... - А) Макс Планк -> 3) Квант энергии и постоянная 	1	user_answer: 'Носова Анастасия - 4. Соотнесите учёного и его вкл...', matching_pair: 'А) Макс Планк -> 3) Квант энергии и постоянная ', user_selected_right_text: '3) Квант энергии и постоянная h', selected_at: '2026-04-23 14:19:08.077738+00:00'	30	10
1094	2026-04-23 17:19:08.099772+03	113	Носова Анастасия - 4. Соотнесите учёного и его вклад. Выберите соотве... - Б) Нильс Бор -> 4) Модель атома с дискретными 	1	user_answer: 'Носова Анастасия - 4. Соотнесите учёного и его вкл...', matching_pair: 'Б) Нильс Бор -> 4) Модель атома с дискретными ', user_selected_right_text: '3) Квант энергии и постоянная h', selected_at: '2026-04-23 14:19:08.098740+00:00'	30	10
1095	2026-04-23 17:19:08.105739+03	114	Носова Анастасия - 4. Соотнесите учёного и его вклад. Выберите соотве... - В) Альберт Эйнштейн -> 1) Объяснил фотоэффект (фотоны	1	user_answer: 'Носова Анастасия - 4. Соотнесите учёного и его вкл...', matching_pair: 'В) Альберт Эйнштейн -> 1) Объяснил фотоэффект (фот...', user_selected_right_text: '1) Объяснил фотоэффект (фотоны)', selected_at: '2026-04-23 14:19:08.104847+00:00'	30	10
1096	2026-04-23 17:19:08.113741+03	115	Носова Анастасия - 4. Соотнесите учёного и его вклад. Выберите соотве... - Г) Эрвин Шрёдингер -> 2) Волновое уравнение и волнов	1	user_answer: 'Носова Анастасия - 4. Соотнесите учёного и его вкл...', matching_pair: 'Г) Эрвин Шрёдингер -> 2) Волновое уравнение и волн...', user_selected_right_text: '3) Квант энергии и постоянная h', selected_at: '2026-04-23 14:19:08.111741+00:00'	30	10
1097	2026-04-23 17:19:08.12525+03	130	Носова Анастасия - 4. Соотнесите учёного и его вклад. Выберите соотве...	2	score: 'None' -> '1'	27	10
1098	2026-04-23 17:19:08.137741+03	51	Носова Анастасия - Тест №1 (попытка 1)	1	user: 'Носова Анастасия', test: 'Тест №1', completion_date: '2026-04-23 14:19:08.127979+00:00', final_score: '2', is_passed: 'None', attempt_number: '1', time_spent: 'None'	26	10
1099	2026-04-23 17:36:09.056209+03	51	Носова Анастасия - Тест №1 (попытка 1)	3	Объект удален: Носова Анастасия - Тест №1 (попытка 1)	26	10
1100	2026-04-23 17:36:09.112044+03	127	Носова Анастасия - 2. Какую фундаментальную константу ввёл Макс Планк...	3	Объект удален: Носова Анастасия - 2. Какую фундаментальную константу ввёл Макс Планк...	27	10
1101	2026-04-23 17:36:09.123051+03	131	Носова Анастасия - 2. Какую фундаментальную константу ввёл Макс Планк...	1	user: 'Носова Анастасия', question: '2. Какую фундаментальную константу ввёл Макс Планк...', answer_text: 'None', answer_date: '2026-04-23 14:36:09.115047+00:00', attempt_number: '1', score: 'None'	27	10
1102	2026-04-23 17:36:09.139145+03	47	Носова Анастасия - 2. Какую фундаментальную константу ввёл Макс Планк... - В) Постоянную Планка	1	user_answer: 'Носова Анастасия - 2. Какую фундаментальную конста...', choice_option: 'В) Постоянную Планка', selected_at: '2026-04-23 14:36:09.133134+00:00'	34	10
1103	2026-04-23 17:36:09.151435+03	131	Носова Анастасия - 2. Какую фундаментальную константу ввёл Макс Планк...	2	score: 'None' -> '2'	27	10
1104	2026-04-23 17:36:09.160412+03	128	Носова Анастасия - 1. Какое явление классическая физика конца XIX век...	3	Объект удален: Носова Анастасия - 1. Какое явление классическая физика конца XIX век...	27	10
1105	2026-04-23 17:36:09.171413+03	132	Носова Анастасия - 1. Какое явление классическая физика конца XIX век...	1	user: 'Носова Анастасия', question: '1. Какое явление классическая физика конца XIX век...', answer_text: 'None', answer_date: '2026-04-23 14:36:09.163419+00:00', attempt_number: '1', score: 'None'	27	10
1106	2026-04-23 17:36:09.185411+03	132	Носова Анастасия - 1. Какое явление классическая физика конца XIX век...	2	score: 'None' -> '0'	27	10
1107	2026-04-23 17:36:09.192206+03	129	Носова Анастасия - 3. Квадрат модуля волновой функции описывает _____...	3	Объект удален: Носова Анастасия - 3. Квадрат модуля волновой функции описывает _____...	27	10
1108	2026-04-23 17:36:09.200206+03	133	Носова Анастасия - 3. Квадрат модуля волновой функции описывает _____...	1	user: 'Носова Анастасия', question: '3. Квадрат модуля волновой функции описывает _____...', answer_text: 'None', answer_date: '2026-04-23 14:36:09.194269+00:00', attempt_number: '1', score: 'None'	27	10
1109	2026-04-23 17:36:09.212208+03	133	Носова Анастасия - 3. Квадрат модуля волновой функции описывает _____...	2	answer_text: 'None' -> 'вероятность'	27	10
1110	2026-04-23 17:36:09.221273+03	133	Носова Анастасия - 3. Квадрат модуля волновой функции описывает _____...	2	score: 'None' -> '1'	27	10
1111	2026-04-23 17:36:09.230206+03	112	Носова Анастасия - 4. Соотнесите учёного и его вклад. Выберите соотве... - А) Макс Планк -> 3) Квант энергии и постоянная 	3	Объект удален: Носова Анастасия - 4. Соотнесите учёного и его вклад. Выберите соотве... - А) Макс Планк -> 3) Квант энергии и постоянная 	30	10
1112	2026-04-23 17:36:09.234207+03	113	Носова Анастасия - 4. Соотнесите учёного и его вклад. Выберите соотве... - Б) Нильс Бор -> 4) Модель атома с дискретными 	3	Объект удален: Носова Анастасия - 4. Соотнесите учёного и его вклад. Выберите соотве... - Б) Нильс Бор -> 4) Модель атома с дискретными 	30	10
1113	2026-04-23 17:36:09.240277+03	114	Носова Анастасия - 4. Соотнесите учёного и его вклад. Выберите соотве... - В) Альберт Эйнштейн -> 1) Объяснил фотоэффект (фотоны	3	Объект удален: Носова Анастасия - 4. Соотнесите учёного и его вклад. Выберите соотве... - В) Альберт Эйнштейн -> 1) Объяснил фотоэффект (фотоны	30	10
1114	2026-04-23 17:36:09.244208+03	115	Носова Анастасия - 4. Соотнесите учёного и его вклад. Выберите соотве... - Г) Эрвин Шрёдингер -> 2) Волновое уравнение и волнов	3	Объект удален: Носова Анастасия - 4. Соотнесите учёного и его вклад. Выберите соотве... - Г) Эрвин Шрёдингер -> 2) Волновое уравнение и волнов	30	10
1115	2026-04-23 17:36:09.247211+03	130	Носова Анастасия - 4. Соотнесите учёного и его вклад. Выберите соотве...	3	Объект удален: Носова Анастасия - 4. Соотнесите учёного и его вклад. Выберите соотве...	27	10
1116	2026-04-23 17:36:09.257206+03	134	Носова Анастасия - 4. Соотнесите учёного и его вклад. Выберите соотве...	1	user: 'Носова Анастасия', question: '4. Соотнесите учёного и его вклад. Выберите соотве...', answer_text: 'None', answer_date: '2026-04-23 14:36:09.251211+00:00', attempt_number: '1', score: 'None'	27	10
1117	2026-04-23 17:36:09.273601+03	116	Носова Анастасия - 4. Соотнесите учёного и его вклад. Выберите соотве... - А) Макс Планк -> 3) Квант энергии и постоянная 	1	user_answer: 'Носова Анастасия - 4. Соотнесите учёного и его вкл...', matching_pair: 'А) Макс Планк -> 3) Квант энергии и постоянная ', user_selected_right_text: '1) Объяснил фотоэффект (фотоны)', selected_at: '2026-04-23 14:36:09.263208+00:00'	30	10
1118	2026-04-23 17:36:09.278855+03	117	Носова Анастасия - 4. Соотнесите учёного и его вклад. Выберите соотве... - Б) Нильс Бор -> 4) Модель атома с дискретными 	1	user_answer: 'Носова Анастасия - 4. Соотнесите учёного и его вкл...', matching_pair: 'Б) Нильс Бор -> 4) Модель атома с дискретными ', user_selected_right_text: '1) Объяснил фотоэффект (фотоны)', selected_at: '2026-04-23 14:36:09.278135+00:00'	30	10
1119	2026-04-23 17:36:09.286075+03	118	Носова Анастасия - 4. Соотнесите учёного и его вклад. Выберите соотве... - В) Альберт Эйнштейн -> 1) Объяснил фотоэффект (фотоны	1	user_answer: 'Носова Анастасия - 4. Соотнесите учёного и его вкл...', matching_pair: 'В) Альберт Эйнштейн -> 1) Объяснил фотоэффект (фот...', user_selected_right_text: '1) Объяснил фотоэффект (фотоны)', selected_at: '2026-04-23 14:36:09.285014+00:00'	30	10
1120	2026-04-23 17:36:09.292735+03	119	Носова Анастасия - 4. Соотнесите учёного и его вклад. Выберите соотве... - Г) Эрвин Шрёдингер -> 2) Волновое уравнение и волнов	1	user_answer: 'Носова Анастасия - 4. Соотнесите учёного и его вкл...', matching_pair: 'Г) Эрвин Шрёдингер -> 2) Волновое уравнение и волн...', user_selected_right_text: '2) Волновое уравнение и волновая функция', selected_at: '2026-04-23 14:36:09.291735+00:00'	30	10
1121	2026-04-23 17:36:09.303731+03	134	Носова Анастасия - 4. Соотнесите учёного и его вклад. Выберите соотве...	2	score: 'None' -> '1'	27	10
1122	2026-04-23 17:36:09.313733+03	52	Носова Анастасия - Тест №1 (попытка 1)	1	user: 'Носова Анастасия', test: 'Тест №1', completion_date: '2026-04-23 14:36:09.305732+00:00', final_score: '4', is_passed: 'None', attempt_number: '1', time_spent: 'None'	26	10
1123	2026-04-23 17:39:11.099809+03	10	Носова Анастасия	2	is_light_theme: 'False' -> 'True'	12	10
1124	2026-04-23 17:39:11.866153+03	10	Носова Анастасия	2	is_light_theme: 'True' -> 'False'	12	10
1125	2026-04-23 17:39:57.694562+03	52	Носова Анастасия - Тест №1 (попытка 1)	3	Объект удален: Носова Анастасия - Тест №1 (попытка 1)	26	10
1126	2026-04-23 17:39:57.732968+03	47	Носова Анастасия - 2. Какую фундаментальную константу ввёл Макс Планк... - В) Постоянную Планка	3	Объект удален: Носова Анастасия - 2. Какую фундаментальную константу ввёл Макс Планк... - В) Постоянную Планка	34	10
1127	2026-04-23 17:39:57.735562+03	131	Носова Анастасия - 2. Какую фундаментальную константу ввёл Макс Планк...	3	Объект удален: Носова Анастасия - 2. Какую фундаментальную константу ввёл Макс Планк...	27	10
1128	2026-04-23 17:39:57.747565+03	135	Носова Анастасия - 2. Какую фундаментальную константу ввёл Макс Планк...	1	user: 'Носова Анастасия', question: '2. Какую фундаментальную константу ввёл Макс Планк...', answer_text: 'None', answer_date: '2026-04-23 14:39:57.739738+00:00', attempt_number: '1', score: 'None'	27	10
1129	2026-04-23 17:39:57.757103+03	48	Носова Анастасия - 2. Какую фундаментальную константу ввёл Макс Планк... - В) Постоянную Планка	1	user_answer: 'Носова Анастасия - 2. Какую фундаментальную конста...', choice_option: 'В) Постоянную Планка', selected_at: '2026-04-23 14:39:57.756098+00:00'	34	10
1130	2026-04-23 17:39:57.769572+03	135	Носова Анастасия - 2. Какую фундаментальную константу ввёл Макс Планк...	2	score: 'None' -> '2'	27	10
1251	2026-04-23 17:53:59.364981+03	154	Носова Анастасия - 2. Какую фундаментальную константу ввёл Макс Планк...	2	score: 'None' -> '0'	27	10
1131	2026-04-23 17:39:57.777579+03	132	Носова Анастасия - 1. Какое явление классическая физика конца XIX век...	3	Объект удален: Носова Анастасия - 1. Какое явление классическая физика конца XIX век...	27	10
1132	2026-04-23 17:39:57.78858+03	136	Носова Анастасия - 1. Какое явление классическая физика конца XIX век...	1	user: 'Носова Анастасия', question: '1. Какое явление классическая физика конца XIX век...', answer_text: 'None', answer_date: '2026-04-23 14:39:57.780580+00:00', attempt_number: '1', score: 'None'	27	10
1133	2026-04-23 17:39:57.80368+03	136	Носова Анастасия - 1. Какое явление классическая физика конца XIX век...	2	score: 'None' -> '0'	27	10
1134	2026-04-23 17:39:57.811674+03	133	Носова Анастасия - 3. Квадрат модуля волновой функции описывает _____...	3	Объект удален: Носова Анастасия - 3. Квадрат модуля волновой функции описывает _____...	27	10
1135	2026-04-23 17:39:57.821688+03	137	Носова Анастасия - 3. Квадрат модуля волновой функции описывает _____...	1	user: 'Носова Анастасия', question: '3. Квадрат модуля волновой функции описывает _____...', answer_text: 'None', answer_date: '2026-04-23 14:39:57.815679+00:00', attempt_number: '1', score: 'None'	27	10
1136	2026-04-23 17:39:57.833948+03	137	Носова Анастасия - 3. Квадрат модуля волновой функции описывает _____...	2	answer_text: 'None' -> 'вероятность'	27	10
1137	2026-04-23 17:39:57.844676+03	137	Носова Анастасия - 3. Квадрат модуля волновой функции описывает _____...	2	score: 'None' -> '1'	27	10
1138	2026-04-23 17:39:57.852676+03	116	Носова Анастасия - 4. Соотнесите учёного и его вклад. Выберите соотве... - А) Макс Планк -> 3) Квант энергии и постоянная 	3	Объект удален: Носова Анастасия - 4. Соотнесите учёного и его вклад. Выберите соотве... - А) Макс Планк -> 3) Квант энергии и постоянная 	30	10
1139	2026-04-23 17:39:57.858172+03	117	Носова Анастасия - 4. Соотнесите учёного и его вклад. Выберите соотве... - Б) Нильс Бор -> 4) Модель атома с дискретными 	3	Объект удален: Носова Анастасия - 4. Соотнесите учёного и его вклад. Выберите соотве... - Б) Нильс Бор -> 4) Модель атома с дискретными 	30	10
1140	2026-04-23 17:39:57.861677+03	118	Носова Анастасия - 4. Соотнесите учёного и его вклад. Выберите соотве... - В) Альберт Эйнштейн -> 1) Объяснил фотоэффект (фотоны	3	Объект удален: Носова Анастасия - 4. Соотнесите учёного и его вклад. Выберите соотве... - В) Альберт Эйнштейн -> 1) Объяснил фотоэффект (фотоны	30	10
1141	2026-04-23 17:39:57.869489+03	119	Носова Анастасия - 4. Соотнесите учёного и его вклад. Выберите соотве... - Г) Эрвин Шрёдингер -> 2) Волновое уравнение и волнов	3	Объект удален: Носова Анастасия - 4. Соотнесите учёного и его вклад. Выберите соотве... - Г) Эрвин Шрёдингер -> 2) Волновое уравнение и волнов	30	10
1142	2026-04-23 17:39:57.872705+03	134	Носова Анастасия - 4. Соотнесите учёного и его вклад. Выберите соотве...	3	Объект удален: Носова Анастасия - 4. Соотнесите учёного и его вклад. Выберите соотве...	27	10
1143	2026-04-23 17:39:57.884977+03	138	Носова Анастасия - 4. Соотнесите учёного и его вклад. Выберите соотве...	1	user: 'Носова Анастасия', question: '4. Соотнесите учёного и его вклад. Выберите соотве...', answer_text: 'None', answer_date: '2026-04-23 14:39:57.876871+00:00', attempt_number: '1', score: 'None'	27	10
1144	2026-04-23 17:39:57.893978+03	120	Носова Анастасия - 4. Соотнесите учёного и его вклад. Выберите соотве... - А) Макс Планк -> 3) Квант энергии и постоянная 	1	user_answer: 'Носова Анастасия - 4. Соотнесите учёного и его вкл...', matching_pair: 'А) Макс Планк -> 3) Квант энергии и постоянная ', user_selected_right_text: '1) Объяснил фотоэффект (фотоны)', selected_at: '2026-04-23 14:39:57.892022+00:00'	30	10
1145	2026-04-23 17:39:57.901978+03	121	Носова Анастасия - 4. Соотнесите учёного и его вклад. Выберите соотве... - Б) Нильс Бор -> 4) Модель атома с дискретными 	1	user_answer: 'Носова Анастасия - 4. Соотнесите учёного и его вкл...', matching_pair: 'Б) Нильс Бор -> 4) Модель атома с дискретными ', user_selected_right_text: '3) Квант энергии и постоянная h', selected_at: '2026-04-23 14:39:57.901030+00:00'	30	10
1146	2026-04-23 17:39:57.908976+03	122	Носова Анастасия - 4. Соотнесите учёного и его вклад. Выберите соотве... - В) Альберт Эйнштейн -> 1) Объяснил фотоэффект (фотоны	1	user_answer: 'Носова Анастасия - 4. Соотнесите учёного и его вкл...', matching_pair: 'В) Альберт Эйнштейн -> 1) Объяснил фотоэффект (фот...', user_selected_right_text: '4) Модель атома с дискретными орбитами', selected_at: '2026-04-23 14:39:57.907977+00:00'	30	10
1147	2026-04-23 17:39:57.917981+03	123	Носова Анастасия - 4. Соотнесите учёного и его вклад. Выберите соотве... - Г) Эрвин Шрёдингер -> 2) Волновое уравнение и волнов	1	user_answer: 'Носова Анастасия - 4. Соотнесите учёного и его вкл...', matching_pair: 'Г) Эрвин Шрёдингер -> 2) Волновое уравнение и волн...', user_selected_right_text: '2) Волновое уравнение и волновая функция', selected_at: '2026-04-23 14:39:57.915977+00:00'	30	10
1148	2026-04-23 17:39:57.930979+03	138	Носова Анастасия - 4. Соотнесите учёного и его вклад. Выберите соотве...	2	score: 'None' -> '0'	27	10
1149	2026-04-23 17:39:57.943192+03	53	Носова Анастасия - Тест №1 (попытка 1)	1	user: 'Носова Анастасия', test: 'Тест №1', completion_date: '2026-04-23 14:39:57.934989+00:00', final_score: '3', is_passed: 'None', attempt_number: '1', time_spent: 'None'	26	10
1150	2026-04-23 17:50:57.432602+03	48	Носова Анастасия - 2. Какую фундаментальную константу ввёл Макс Планк... - В) Постоянную Планка	3	Объект удален: Носова Анастасия - 2. Какую фундаментальную константу ввёл Макс Планк... - В) Постоянную Планка	34	10
1151	2026-04-23 17:50:57.45067+03	135	Носова Анастасия - 2. Какую фундаментальную константу ввёл Макс Планк...	3	Объект удален: Носова Анастасия - 2. Какую фундаментальную константу ввёл Макс Планк...	27	10
1152	2026-04-23 17:50:57.465996+03	139	Носова Анастасия - 2. Какую фундаментальную константу ввёл Макс Планк...	1	user: 'Носова Анастасия', question: '2. Какую фундаментальную константу ввёл Макс Планк...', answer_text: 'None', answer_date: '2026-04-23 14:50:57.456609+00:00', attempt_number: '1', score: 'None'	27	10
1153	2026-04-23 17:50:57.477908+03	49	Носова Анастасия - 2. Какую фундаментальную константу ввёл Макс Планк... - В) Постоянную Планка	1	user_answer: 'Носова Анастасия - 2. Какую фундаментальную конста...', choice_option: 'В) Постоянную Планка', selected_at: '2026-04-23 14:50:57.475693+00:00'	34	10
1154	2026-04-23 17:50:57.491064+03	139	Носова Анастасия - 2. Какую фундаментальную константу ввёл Макс Планк...	2	score: 'None' -> '2'	27	10
1155	2026-04-23 17:50:57.500069+03	136	Носова Анастасия - 1. Какое явление классическая физика конца XIX век...	3	Объект удален: Носова Анастасия - 1. Какое явление классическая физика конца XIX век...	27	10
1156	2026-04-23 17:50:57.512746+03	140	Носова Анастасия - 1. Какое явление классическая физика конца XIX век...	1	user: 'Носова Анастасия', question: '1. Какое явление классическая физика конца XIX век...', answer_text: 'None', answer_date: '2026-04-23 14:50:57.502740+00:00', attempt_number: '1', score: 'None'	27	10
1157	2026-04-23 17:50:57.524743+03	50	Носова Анастасия - 1. Какое явление классическая физика конца XIX век... - Б) Ультрафиолетовая катастрофа	1	user_answer: 'Носова Анастасия - 1. Какое явление классическая ф...', choice_option: 'Б) Ультрафиолетовая катастрофа', selected_at: '2026-04-23 14:50:57.522741+00:00'	34	10
1158	2026-04-23 17:50:57.539291+03	140	Носова Анастасия - 1. Какое явление классическая физика конца XIX век...	2	score: 'None' -> '1'	27	10
1159	2026-04-23 17:50:57.548032+03	137	Носова Анастасия - 3. Квадрат модуля волновой функции описывает _____...	3	Объект удален: Носова Анастасия - 3. Квадрат модуля волновой функции описывает _____...	27	10
1160	2026-04-23 17:50:57.559026+03	141	Носова Анастасия - 3. Квадрат модуля волновой функции описывает _____...	1	user: 'Носова Анастасия', question: '3. Квадрат модуля волновой функции описывает _____...', answer_text: 'None', answer_date: '2026-04-23 14:50:57.552027+00:00', attempt_number: '1', score: 'None'	27	10
1161	2026-04-23 17:50:57.572694+03	141	Носова Анастасия - 3. Квадрат модуля волновой функции описывает _____...	2	answer_text: 'None' -> 'вероятность'	27	10
1162	2026-04-23 17:50:57.58751+03	141	Носова Анастасия - 3. Квадрат модуля волновой функции описывает _____...	2	score: 'None' -> '1'	27	10
1163	2026-04-23 17:50:57.599146+03	120	Носова Анастасия - 4. Соотнесите учёного и его вклад. Выберите соотве... - А) Макс Планк -> 3) Квант энергии и постоянная 	3	Объект удален: Носова Анастасия - 4. Соотнесите учёного и его вклад. Выберите соотве... - А) Макс Планк -> 3) Квант энергии и постоянная 	30	10
1164	2026-04-23 17:50:57.605145+03	121	Носова Анастасия - 4. Соотнесите учёного и его вклад. Выберите соотве... - Б) Нильс Бор -> 4) Модель атома с дискретными 	3	Объект удален: Носова Анастасия - 4. Соотнесите учёного и его вклад. Выберите соотве... - Б) Нильс Бор -> 4) Модель атома с дискретными 	30	10
1165	2026-04-23 17:50:57.611154+03	122	Носова Анастасия - 4. Соотнесите учёного и его вклад. Выберите соотве... - В) Альберт Эйнштейн -> 1) Объяснил фотоэффект (фотоны	3	Объект удален: Носова Анастасия - 4. Соотнесите учёного и его вклад. Выберите соотве... - В) Альберт Эйнштейн -> 1) Объяснил фотоэффект (фотоны	30	10
1166	2026-04-23 17:50:57.617146+03	123	Носова Анастасия - 4. Соотнесите учёного и его вклад. Выберите соотве... - Г) Эрвин Шрёдингер -> 2) Волновое уравнение и волнов	3	Объект удален: Носова Анастасия - 4. Соотнесите учёного и его вклад. Выберите соотве... - Г) Эрвин Шрёдингер -> 2) Волновое уравнение и волнов	30	10
1167	2026-04-23 17:50:57.621153+03	138	Носова Анастасия - 4. Соотнесите учёного и его вклад. Выберите соотве...	3	Объект удален: Носова Анастасия - 4. Соотнесите учёного и его вклад. Выберите соотве...	27	10
1168	2026-04-23 17:50:57.631204+03	142	Носова Анастасия - 4. Соотнесите учёного и его вклад. Выберите соотве...	1	user: 'Носова Анастасия', question: '4. Соотнесите учёного и его вклад. Выберите соотве...', answer_text: 'None', answer_date: '2026-04-23 14:50:57.625351+00:00', attempt_number: '1', score: 'None'	27	10
1270	2026-04-23 17:56:39.209305+03	54	Носова Анастасия - Тест №1 (попытка 1)	3	Объект удален: Носова Анастасия - Тест №1 (попытка 1)	26	10
1169	2026-04-23 17:50:57.640148+03	124	Носова Анастасия - 4. Соотнесите учёного и его вклад. Выберите соотве... - А) Макс Планк -> 3) Квант энергии и постоянная 	1	user_answer: 'Носова Анастасия - 4. Соотнесите учёного и его вкл...', matching_pair: 'А) Макс Планк -> 3) Квант энергии и постоянная ', user_selected_right_text: '3) Квант энергии и постоянная h', selected_at: '2026-04-23 14:50:57.637145+00:00'	30	10
1170	2026-04-23 17:50:57.646619+03	125	Носова Анастасия - 4. Соотнесите учёного и его вклад. Выберите соотве... - Б) Нильс Бор -> 4) Модель атома с дискретными 	1	user_answer: 'Носова Анастасия - 4. Соотнесите учёного и его вкл...', matching_pair: 'Б) Нильс Бор -> 4) Модель атома с дискретными ', user_selected_right_text: '4) Модель атома с дискретными орбитами', selected_at: '2026-04-23 14:50:57.645149+00:00'	30	10
1171	2026-04-23 17:50:57.653146+03	126	Носова Анастасия - 4. Соотнесите учёного и его вклад. Выберите соотве... - В) Альберт Эйнштейн -> 1) Объяснил фотоэффект (фотоны	1	user_answer: 'Носова Анастасия - 4. Соотнесите учёного и его вкл...', matching_pair: 'В) Альберт Эйнштейн -> 1) Объяснил фотоэффект (фот...', user_selected_right_text: '1) Объяснил фотоэффект (фотоны)', selected_at: '2026-04-23 14:50:57.652146+00:00'	30	10
1172	2026-04-23 17:50:57.660277+03	127	Носова Анастасия - 4. Соотнесите учёного и его вклад. Выберите соотве... - Г) Эрвин Шрёдингер -> 2) Волновое уравнение и волнов	1	user_answer: 'Носова Анастасия - 4. Соотнесите учёного и его вкл...', matching_pair: 'Г) Эрвин Шрёдингер -> 2) Волновое уравнение и волн...', user_selected_right_text: '1) Объяснил фотоэффект (фотоны)', selected_at: '2026-04-23 14:50:57.659146+00:00'	30	10
1173	2026-04-23 17:50:57.671146+03	142	Носова Анастасия - 4. Соотнесите учёного и его вклад. Выберите соотве...	2	score: 'None' -> '1'	27	10
1174	2026-04-23 17:51:11.693936+03	49	Носова Анастасия - 2. Какую фундаментальную константу ввёл Макс Планк... - В) Постоянную Планка	3	Объект удален: Носова Анастасия - 2. Какую фундаментальную константу ввёл Макс Планк... - В) Постоянную Планка	34	10
1175	2026-04-23 17:51:11.697942+03	139	Носова Анастасия - 2. Какую фундаментальную константу ввёл Макс Планк...	3	Объект удален: Носова Анастасия - 2. Какую фундаментальную константу ввёл Макс Планк...	27	10
1176	2026-04-23 17:51:11.710939+03	143	Носова Анастасия - 2. Какую фундаментальную константу ввёл Макс Планк...	1	user: 'Носова Анастасия', question: '2. Какую фундаментальную константу ввёл Макс Планк...', answer_text: 'None', answer_date: '2026-04-23 14:51:11.704023+00:00', attempt_number: '1', score: 'None'	27	10
1177	2026-04-23 17:51:11.72094+03	51	Носова Анастасия - 2. Какую фундаментальную константу ввёл Макс Планк... - В) Постоянную Планка	1	user_answer: 'Носова Анастасия - 2. Какую фундаментальную конста...', choice_option: 'В) Постоянную Планка', selected_at: '2026-04-23 14:51:11.719948+00:00'	34	10
1178	2026-04-23 17:51:11.732943+03	143	Носова Анастасия - 2. Какую фундаментальную константу ввёл Макс Планк...	2	score: 'None' -> '2'	27	10
1179	2026-04-23 17:51:11.741941+03	50	Носова Анастасия - 1. Какое явление классическая физика конца XIX век... - Б) Ультрафиолетовая катастрофа	3	Объект удален: Носова Анастасия - 1. Какое явление классическая физика конца XIX век... - Б) Ультрафиолетовая катастрофа	34	10
1180	2026-04-23 17:51:11.743938+03	140	Носова Анастасия - 1. Какое явление классическая физика конца XIX век...	3	Объект удален: Носова Анастасия - 1. Какое явление классическая физика конца XIX век...	27	10
1181	2026-04-23 17:51:11.754736+03	144	Носова Анастасия - 1. Какое явление классическая физика конца XIX век...	1	user: 'Носова Анастасия', question: '1. Какое явление классическая физика конца XIX век...', answer_text: 'None', answer_date: '2026-04-23 14:51:11.746998+00:00', attempt_number: '1', score: 'None'	27	10
1182	2026-04-23 17:51:11.767408+03	52	Носова Анастасия - 1. Какое явление классическая физика конца XIX век... - Б) Ультрафиолетовая катастрофа	1	user_answer: 'Носова Анастасия - 1. Какое явление классическая ф...', choice_option: 'Б) Ультрафиолетовая катастрофа', selected_at: '2026-04-23 14:51:11.765395+00:00'	34	10
1183	2026-04-23 17:51:11.782373+03	144	Носова Анастасия - 1. Какое явление классическая физика конца XIX век...	2	score: 'None' -> '1'	27	10
1184	2026-04-23 17:51:11.789681+03	141	Носова Анастасия - 3. Квадрат модуля волновой функции описывает _____...	3	Объект удален: Носова Анастасия - 3. Квадрат модуля волновой функции описывает _____...	27	10
1185	2026-04-23 17:51:11.800969+03	145	Носова Анастасия - 3. Квадрат модуля волновой функции описывает _____...	1	user: 'Носова Анастасия', question: '3. Квадрат модуля волновой функции описывает _____...', answer_text: 'None', answer_date: '2026-04-23 14:51:11.793322+00:00', attempt_number: '1', score: 'None'	27	10
1186	2026-04-23 17:51:11.814955+03	145	Носова Анастасия - 3. Квадрат модуля волновой функции описывает _____...	2	answer_text: 'None' -> 'вероятность'	27	10
1187	2026-04-23 17:51:11.825957+03	145	Носова Анастасия - 3. Квадрат модуля волновой функции описывает _____...	2	score: 'None' -> '1'	27	10
1188	2026-04-23 17:51:11.835955+03	124	Носова Анастасия - 4. Соотнесите учёного и его вклад. Выберите соотве... - А) Макс Планк -> 3) Квант энергии и постоянная 	3	Объект удален: Носова Анастасия - 4. Соотнесите учёного и его вклад. Выберите соотве... - А) Макс Планк -> 3) Квант энергии и постоянная 	30	10
1189	2026-04-23 17:51:11.842958+03	125	Носова Анастасия - 4. Соотнесите учёного и его вклад. Выберите соотве... - Б) Нильс Бор -> 4) Модель атома с дискретными 	3	Объект удален: Носова Анастасия - 4. Соотнесите учёного и его вклад. Выберите соотве... - Б) Нильс Бор -> 4) Модель атома с дискретными 	30	10
1190	2026-04-23 17:51:11.848954+03	126	Носова Анастасия - 4. Соотнесите учёного и его вклад. Выберите соотве... - В) Альберт Эйнштейн -> 1) Объяснил фотоэффект (фотоны	3	Объект удален: Носова Анастасия - 4. Соотнесите учёного и его вклад. Выберите соотве... - В) Альберт Эйнштейн -> 1) Объяснил фотоэффект (фотоны	30	10
1191	2026-04-23 17:51:11.85996+03	127	Носова Анастасия - 4. Соотнесите учёного и его вклад. Выберите соотве... - Г) Эрвин Шрёдингер -> 2) Волновое уравнение и волнов	3	Объект удален: Носова Анастасия - 4. Соотнесите учёного и его вклад. Выберите соотве... - Г) Эрвин Шрёдингер -> 2) Волновое уравнение и волнов	30	10
1192	2026-04-23 17:51:11.865753+03	142	Носова Анастасия - 4. Соотнесите учёного и его вклад. Выберите соотве...	3	Объект удален: Носова Анастасия - 4. Соотнесите учёного и его вклад. Выберите соотве...	27	10
1193	2026-04-23 17:51:11.882544+03	146	Носова Анастасия - 4. Соотнесите учёного и его вклад. Выберите соотве...	1	user: 'Носова Анастасия', question: '4. Соотнесите учёного и его вклад. Выберите соотве...', answer_text: 'None', answer_date: '2026-04-23 14:51:11.871753+00:00', attempt_number: '1', score: 'None'	27	10
1194	2026-04-23 17:51:11.89454+03	128	Носова Анастасия - 4. Соотнесите учёного и его вклад. Выберите соотве... - А) Макс Планк -> 3) Квант энергии и постоянная 	1	user_answer: 'Носова Анастасия - 4. Соотнесите учёного и его вкл...', matching_pair: 'А) Макс Планк -> 3) Квант энергии и постоянная ', user_selected_right_text: '3) Квант энергии и постоянная h', selected_at: '2026-04-23 14:51:11.891539+00:00'	30	10
1195	2026-04-23 17:51:11.903546+03	129	Носова Анастасия - 4. Соотнесите учёного и его вклад. Выберите соотве... - Б) Нильс Бор -> 4) Модель атома с дискретными 	1	user_answer: 'Носова Анастасия - 4. Соотнесите учёного и его вкл...', matching_pair: 'Б) Нильс Бор -> 4) Модель атома с дискретными ', user_selected_right_text: '4) Модель атома с дискретными орбитами', selected_at: '2026-04-23 14:51:11.902543+00:00'	30	10
1196	2026-04-23 17:51:11.914547+03	130	Носова Анастасия - 4. Соотнесите учёного и его вклад. Выберите соотве... - В) Альберт Эйнштейн -> 1) Объяснил фотоэффект (фотоны	1	user_answer: 'Носова Анастасия - 4. Соотнесите учёного и его вкл...', matching_pair: 'В) Альберт Эйнштейн -> 1) Объяснил фотоэффект (фот...', user_selected_right_text: '1) Объяснил фотоэффект (фотоны)', selected_at: '2026-04-23 14:51:11.912547+00:00'	30	10
1197	2026-04-23 17:51:11.925544+03	131	Носова Анастасия - 4. Соотнесите учёного и его вклад. Выберите соотве... - Г) Эрвин Шрёдингер -> 2) Волновое уравнение и волнов	1	user_answer: 'Носова Анастасия - 4. Соотнесите учёного и его вкл...', matching_pair: 'Г) Эрвин Шрёдингер -> 2) Волновое уравнение и волн...', user_selected_right_text: '1) Объяснил фотоэффект (фотоны)', selected_at: '2026-04-23 14:51:11.922542+00:00'	30	10
1198	2026-04-23 17:51:11.943542+03	146	Носова Анастасия - 4. Соотнесите учёного и его вклад. Выберите соотве...	2	score: 'None' -> '1'	27	10
1199	2026-04-23 17:51:59.955063+03	52	Носова Анастасия - 1. Какое явление классическая физика конца XIX век... - Б) Ультрафиолетовая катастрофа	3		34	1
1200	2026-04-23 17:51:59.955063+03	51	Носова Анастасия - 2. Какую фундаментальную константу ввёл Макс Планк... - В) Постоянную Планка	3		34	1
1201	2026-04-23 17:51:59.970678+03	51	Носова Анастасия - 2. Какую фундаментальную константу ввёл Макс Планк... - В) Постоянную Планка	3	[Админка] Объект удален: Носова Анастасия - 2. Какую фундаментальную константу ввёл Макс Планк... - В) Постоянную Планка	34	1
1202	2026-04-23 17:51:59.974813+03	52	Носова Анастасия - 1. Какое явление классическая физика конца XIX век... - Б) Ультрафиолетовая катастрофа	3	[Админка] Объект удален: Носова Анастасия - 1. Какое явление классическая физика конца XIX век... - Б) Ультрафиолетовая катастрофа	34	1
1203	2026-04-23 17:52:15.308913+03	53	Носова Анастасия - Тест №1 (попытка 1)	3		26	1
1204	2026-04-23 17:52:15.322837+03	53	Носова Анастасия - Тест №1 (попытка 1)	3	[Админка] Объект удален: Носова Анастасия - Тест №1 (попытка 1)	26	1
1205	2026-04-23 17:52:34.05084+03	146	Носова Анастасия - 4. Соотнесите учёного и его вклад. Выберите соотве...	3		27	1
1206	2026-04-23 17:52:34.05084+03	145	Носова Анастасия - 3. Квадрат модуля волновой функции описывает _____...	3		27	1
1207	2026-04-23 17:52:34.05084+03	144	Носова Анастасия - 1. Какое явление классическая физика конца XIX век...	3		27	1
1209	2026-04-23 17:52:34.065683+03	128	Носова Анастасия - 4. Соотнесите учёного и его вклад. Выберите соотве... - А) Макс Планк -> 3) Квант энергии и постоянная 	3	[Админка] Объект удален: Носова Анастасия - 4. Соотнесите учёного и его вклад. Выберите соотве... - А) Макс Планк -> 3) Квант энергии и постоянная 	30	1
1210	2026-04-23 17:52:34.070689+03	129	Носова Анастасия - 4. Соотнесите учёного и его вклад. Выберите соотве... - Б) Нильс Бор -> 4) Модель атома с дискретными 	3	[Админка] Объект удален: Носова Анастасия - 4. Соотнесите учёного и его вклад. Выберите соотве... - Б) Нильс Бор -> 4) Модель атома с дискретными 	30	1
1211	2026-04-23 17:52:34.075685+03	130	Носова Анастасия - 4. Соотнесите учёного и его вклад. Выберите соотве... - В) Альберт Эйнштейн -> 1) Объяснил фотоэффект (фотоны	3	[Админка] Объект удален: Носова Анастасия - 4. Соотнесите учёного и его вклад. Выберите соотве... - В) Альберт Эйнштейн -> 1) Объяснил фотоэффект (фотоны	30	1
1212	2026-04-23 17:52:34.08086+03	131	Носова Анастасия - 4. Соотнесите учёного и его вклад. Выберите соотве... - Г) Эрвин Шрёдингер -> 2) Волновое уравнение и волнов	3	[Админка] Объект удален: Носова Анастасия - 4. Соотнесите учёного и его вклад. Выберите соотве... - Г) Эрвин Шрёдингер -> 2) Волновое уравнение и волнов	30	1
1213	2026-04-23 17:52:34.084454+03	143	Носова Анастасия - 2. Какую фундаментальную константу ввёл Макс Планк...	3	[Админка] Объект удален: Носова Анастасия - 2. Какую фундаментальную константу ввёл Макс Планк...	27	1
1214	2026-04-23 17:52:34.087536+03	144	Носова Анастасия - 1. Какое явление классическая физика конца XIX век...	3	[Админка] Объект удален: Носова Анастасия - 1. Какое явление классическая физика конца XIX век...	27	1
1215	2026-04-23 17:52:34.090486+03	145	Носова Анастасия - 3. Квадрат модуля волновой функции описывает _____...	3	[Админка] Объект удален: Носова Анастасия - 3. Квадрат модуля волновой функции описывает _____...	27	1
1216	2026-04-23 17:52:34.092976+03	146	Носова Анастасия - 4. Соотнесите учёного и его вклад. Выберите соотве...	3	[Админка] Объект удален: Носова Анастасия - 4. Соотнесите учёного и его вклад. Выберите соотве...	27	1
1217	2026-04-23 17:53:03.674464+03	147	Носова Анастасия - 2. Какую фундаментальную константу ввёл Макс Планк...	1	user: 'Носова Анастасия', question: '2. Какую фундаментальную константу ввёл Макс Планк...', answer_text: 'None', answer_date: '2026-04-23 14:53:03.665320+00:00', attempt_number: '1', score: 'None'	27	10
1218	2026-04-23 17:53:03.691126+03	53	Носова Анастасия - 2. Какую фундаментальную константу ввёл Макс Планк... - В) Постоянную Планка	1	user_answer: 'Носова Анастасия - 2. Какую фундаментальную конста...', choice_option: 'В) Постоянную Планка', selected_at: '2026-04-23 14:53:03.688550+00:00'	34	10
1219	2026-04-23 17:53:03.703493+03	147	Носова Анастасия - 2. Какую фундаментальную константу ввёл Макс Планк...	2	score: 'None' -> '2'	27	10
1220	2026-04-23 17:53:03.714142+03	148	Носова Анастасия - 1. Какое явление классическая физика конца XIX век...	1	user: 'Носова Анастасия', question: '1. Какое явление классическая физика конца XIX век...', answer_text: 'None', answer_date: '2026-04-23 14:53:03.707488+00:00', attempt_number: '1', score: 'None'	27	10
1221	2026-04-23 17:53:03.724139+03	54	Носова Анастасия - 1. Какое явление классическая физика конца XIX век... - Б) Ультрафиолетовая катастрофа	1	user_answer: 'Носова Анастасия - 1. Какое явление классическая ф...', choice_option: 'Б) Ультрафиолетовая катастрофа', selected_at: '2026-04-23 14:53:03.723142+00:00'	34	10
1222	2026-04-23 17:53:03.747138+03	148	Носова Анастасия - 1. Какое явление классическая физика конца XIX век...	2	score: 'None' -> '1'	27	10
1223	2026-04-23 17:53:03.786895+03	149	Носова Анастасия - 3. Квадрат модуля волновой функции описывает _____...	1	user: 'Носова Анастасия', question: '3. Квадрат модуля волновой функции описывает _____...', answer_text: 'None', answer_date: '2026-04-23 14:53:03.772589+00:00', attempt_number: '1', score: 'None'	27	10
1224	2026-04-23 17:53:03.804901+03	149	Носова Анастасия - 3. Квадрат модуля волновой функции описывает _____...	2	answer_text: 'None' -> 'вероятность'	27	10
1225	2026-04-23 17:53:03.822893+03	149	Носова Анастасия - 3. Квадрат модуля волновой функции описывает _____...	2	score: 'None' -> '1'	27	10
1226	2026-04-23 17:53:03.837894+03	150	Носова Анастасия - 4. Соотнесите учёного и его вклад. Выберите соотве...	1	user: 'Носова Анастасия', question: '4. Соотнесите учёного и его вклад. Выберите соотве...', answer_text: 'None', answer_date: '2026-04-23 14:53:03.827893+00:00', attempt_number: '1', score: 'None'	27	10
1227	2026-04-23 17:53:03.85643+03	132	Носова Анастасия - 4. Соотнесите учёного и его вклад. Выберите соотве... - А) Макс Планк -> 3) Квант энергии и постоянная 	1	user_answer: 'Носова Анастасия - 4. Соотнесите учёного и его вкл...', matching_pair: 'А) Макс Планк -> 3) Квант энергии и постоянная ', user_selected_right_text: '3) Квант энергии и постоянная h', selected_at: '2026-04-23 14:53:03.853901+00:00'	30	10
1228	2026-04-23 17:53:03.869306+03	133	Носова Анастасия - 4. Соотнесите учёного и его вклад. Выберите соотве... - Б) Нильс Бор -> 4) Модель атома с дискретными 	1	user_answer: 'Носова Анастасия - 4. Соотнесите учёного и его вкл...', matching_pair: 'Б) Нильс Бор -> 4) Модель атома с дискретными ', user_selected_right_text: '4) Модель атома с дискретными орбитами', selected_at: '2026-04-23 14:53:03.867287+00:00'	30	10
1229	2026-04-23 17:53:03.880284+03	134	Носова Анастасия - 4. Соотнесите учёного и его вклад. Выберите соотве... - В) Альберт Эйнштейн -> 1) Объяснил фотоэффект (фотоны	1	user_answer: 'Носова Анастасия - 4. Соотнесите учёного и его вкл...', matching_pair: 'В) Альберт Эйнштейн -> 1) Объяснил фотоэффект (фот...', user_selected_right_text: '1) Объяснил фотоэффект (фотоны)', selected_at: '2026-04-23 14:53:03.878284+00:00'	30	10
1230	2026-04-23 17:53:03.887762+03	135	Носова Анастасия - 4. Соотнесите учёного и его вклад. Выберите соотве... - Г) Эрвин Шрёдингер -> 2) Волновое уравнение и волнов	1	user_answer: 'Носова Анастасия - 4. Соотнесите учёного и его вкл...', matching_pair: 'Г) Эрвин Шрёдингер -> 2) Волновое уравнение и волн...', user_selected_right_text: '1) Объяснил фотоэффект (фотоны)', selected_at: '2026-04-23 14:53:03.885906+00:00'	30	10
1231	2026-04-23 17:53:03.902341+03	150	Носова Анастасия - 4. Соотнесите учёного и его вклад. Выберите соотве...	2	score: 'None' -> '1'	27	10
1232	2026-04-23 17:53:03.91334+03	54	Носова Анастасия - Тест №1 (попытка 1)	1	user: 'Носова Анастасия', test: 'Тест №1', completion_date: '2026-04-23 14:53:03.906343+00:00', final_score: '5', is_passed: 'None', attempt_number: '1', time_spent: 'None'	26	10
1233	2026-04-23 17:53:16.072893+03	10	Носова Анастасия	2	is_light_theme: 'False' -> 'True'	12	10
1234	2026-04-23 17:53:17.453921+03	10	Носова Анастасия	2	is_light_theme: 'True' -> 'False'	12	10
1235	2026-04-23 17:53:18.257433+03	10	Носова Анастасия	2	is_light_theme: 'False' -> 'True'	12	10
1236	2026-04-23 17:53:20.668986+03	10	Носова Анастасия	2	is_light_theme: 'True' -> 'False'	12	10
1237	2026-04-23 17:53:51.061497+03	53	Носова Анастасия - 2. Какую фундаментальную константу ввёл Макс Планк... - В) Постоянную Планка	3	Объект удален: Носова Анастасия - 2. Какую фундаментальную константу ввёл Макс Планк... - В) Постоянную Планка	34	10
1238	2026-04-23 17:53:51.065498+03	147	Носова Анастасия - 2. Какую фундаментальную константу ввёл Макс Планк...	3	Объект удален: Носова Анастасия - 2. Какую фундаментальную константу ввёл Макс Планк...	27	10
1239	2026-04-23 17:53:51.082913+03	151	Носова Анастасия - 2. Какую фундаментальную константу ввёл Макс Планк...	1	user: 'Носова Анастасия', question: '2. Какую фундаментальную константу ввёл Макс Планк...', answer_text: 'None', answer_date: '2026-04-23 14:53:51.072540+00:00', attempt_number: '1', score: 'None'	27	10
1240	2026-04-23 17:53:51.097077+03	151	Носова Анастасия - 2. Какую фундаментальную константу ввёл Макс Планк...	2	score: 'None' -> '0'	27	10
1241	2026-04-23 17:53:51.107188+03	54	Носова Анастасия - 1. Какое явление классическая физика конца XIX век... - Б) Ультрафиолетовая катастрофа	3	Объект удален: Носова Анастасия - 1. Какое явление классическая физика конца XIX век... - Б) Ультрафиолетовая катастрофа	34	10
1242	2026-04-23 17:53:51.110077+03	148	Носова Анастасия - 1. Какое явление классическая физика конца XIX век...	3	Объект удален: Носова Анастасия - 1. Какое явление классическая физика конца XIX век...	27	10
1243	2026-04-23 17:53:51.122076+03	152	Носова Анастасия - 1. Какое явление классическая физика конца XIX век...	1	user: 'Носова Анастасия', question: '1. Какое явление классическая физика конца XIX век...', answer_text: 'None', answer_date: '2026-04-23 14:53:51.115077+00:00', attempt_number: '1', score: 'None'	27	10
1244	2026-04-23 17:53:51.139082+03	152	Носова Анастасия - 1. Какое явление классическая физика конца XIX век...	2	score: 'None' -> '0'	27	10
1245	2026-04-23 17:53:51.148085+03	149	Носова Анастасия - 3. Квадрат модуля волновой функции описывает _____...	3	Объект удален: Носова Анастасия - 3. Квадрат модуля волновой функции описывает _____...	27	10
1246	2026-04-23 17:53:51.160437+03	153	Носова Анастасия - 3. Квадрат модуля волновой функции описывает _____...	1	user: 'Носова Анастасия', question: '3. Квадрат модуля волновой функции описывает _____...', answer_text: 'None', answer_date: '2026-04-23 14:53:51.151739+00:00', attempt_number: '1', score: 'None'	27	10
1247	2026-04-23 17:53:51.177419+03	153	Носова Анастасия - 3. Квадрат модуля волновой функции описывает _____...	2	answer_text: 'None' -> 'dasdasd'	27	10
1248	2026-04-23 17:53:51.189572+03	153	Носова Анастасия - 3. Квадрат модуля волновой функции описывает _____...	2	score: 'None' -> '1'	27	10
1249	2026-04-23 17:53:59.328699+03	151	Носова Анастасия - 2. Какую фундаментальную константу ввёл Макс Планк...	3	Объект удален: Носова Анастасия - 2. Какую фундаментальную константу ввёл Макс Планк...	27	10
1250	2026-04-23 17:53:59.348281+03	154	Носова Анастасия - 2. Какую фундаментальную константу ввёл Макс Планк...	1	user: 'Носова Анастасия', question: '2. Какую фундаментальную константу ввёл Макс Планк...', answer_text: 'None', answer_date: '2026-04-23 14:53:59.338277+00:00', attempt_number: '1', score: 'None'	27	10
1252	2026-04-23 17:53:59.375982+03	152	Носова Анастасия - 1. Какое явление классическая физика конца XIX век...	3	Объект удален: Носова Анастасия - 1. Какое явление классическая физика конца XIX век...	27	10
1253	2026-04-23 17:53:59.395988+03	155	Носова Анастасия - 1. Какое явление классическая физика конца XIX век...	1	user: 'Носова Анастасия', question: '1. Какое явление классическая физика конца XIX век...', answer_text: 'None', answer_date: '2026-04-23 14:53:59.380983+00:00', attempt_number: '1', score: 'None'	27	10
1254	2026-04-23 17:53:59.422464+03	155	Носова Анастасия - 1. Какое явление классическая физика конца XIX век...	2	score: 'None' -> '0'	27	10
1255	2026-04-23 17:53:59.435455+03	153	Носова Анастасия - 3. Квадрат модуля волновой функции описывает _____...	3	Объект удален: Носова Анастасия - 3. Квадрат модуля волновой функции описывает _____...	27	10
1256	2026-04-23 17:53:59.452462+03	156	Носова Анастасия - 3. Квадрат модуля волновой функции описывает _____...	1	user: 'Носова Анастасия', question: '3. Квадрат модуля волновой функции описывает _____...', answer_text: 'None', answer_date: '2026-04-23 14:53:59.440460+00:00', attempt_number: '1', score: 'None'	27	10
1257	2026-04-23 17:53:59.472455+03	156	Носова Анастасия - 3. Квадрат модуля волновой функции описывает _____...	2	answer_text: 'None' -> 'dasdasd'	27	10
1258	2026-04-23 17:53:59.492262+03	156	Носова Анастасия - 3. Квадрат модуля волновой функции описывает _____...	2	score: 'None' -> '1'	27	10
1259	2026-04-23 17:53:59.510233+03	132	Носова Анастасия - 4. Соотнесите учёного и его вклад. Выберите соотве... - А) Макс Планк -> 3) Квант энергии и постоянная 	3	Объект удален: Носова Анастасия - 4. Соотнесите учёного и его вклад. Выберите соотве... - А) Макс Планк -> 3) Квант энергии и постоянная 	30	10
1260	2026-04-23 17:53:59.518232+03	133	Носова Анастасия - 4. Соотнесите учёного и его вклад. Выберите соотве... - Б) Нильс Бор -> 4) Модель атома с дискретными 	3	Объект удален: Носова Анастасия - 4. Соотнесите учёного и его вклад. Выберите соотве... - Б) Нильс Бор -> 4) Модель атома с дискретными 	30	10
1261	2026-04-23 17:53:59.527229+03	134	Носова Анастасия - 4. Соотнесите учёного и его вклад. Выберите соотве... - В) Альберт Эйнштейн -> 1) Объяснил фотоэффект (фотоны	3	Объект удален: Носова Анастасия - 4. Соотнесите учёного и его вклад. Выберите соотве... - В) Альберт Эйнштейн -> 1) Объяснил фотоэффект (фотоны	30	10
1262	2026-04-23 17:53:59.534227+03	135	Носова Анастасия - 4. Соотнесите учёного и его вклад. Выберите соотве... - Г) Эрвин Шрёдингер -> 2) Волновое уравнение и волнов	3	Объект удален: Носова Анастасия - 4. Соотнесите учёного и его вклад. Выберите соотве... - Г) Эрвин Шрёдингер -> 2) Волновое уравнение и волнов	30	10
1263	2026-04-23 17:53:59.539227+03	150	Носова Анастасия - 4. Соотнесите учёного и его вклад. Выберите соотве...	3	Объект удален: Носова Анастасия - 4. Соотнесите учёного и его вклад. Выберите соотве...	27	10
1264	2026-04-23 17:53:59.555301+03	157	Носова Анастасия - 4. Соотнесите учёного и его вклад. Выберите соотве...	1	user: 'Носова Анастасия', question: '4. Соотнесите учёного и его вклад. Выберите соотве...', answer_text: 'None', answer_date: '2026-04-23 14:53:59.544226+00:00', attempt_number: '1', score: 'None'	27	10
1265	2026-04-23 17:53:59.566781+03	136	Носова Анастасия - 4. Соотнесите учёного и его вклад. Выберите соотве... - А) Макс Планк -> 3) Квант энергии и постоянная 	1	user_answer: 'Носова Анастасия - 4. Соотнесите учёного и его вкл...', matching_pair: 'А) Макс Планк -> 3) Квант энергии и постоянная ', user_selected_right_text: '3) Квант энергии и постоянная h', selected_at: '2026-04-23 14:53:59.564769+00:00'	30	10
1266	2026-04-23 17:53:59.576781+03	137	Носова Анастасия - 4. Соотнесите учёного и его вклад. Выберите соотве... - Б) Нильс Бор -> 4) Модель атома с дискретными 	1	user_answer: 'Носова Анастасия - 4. Соотнесите учёного и его вкл...', matching_pair: 'Б) Нильс Бор -> 4) Модель атома с дискретными ', user_selected_right_text: '1) Объяснил фотоэффект (фотоны)', selected_at: '2026-04-23 14:53:59.575789+00:00'	30	10
1267	2026-04-23 17:53:59.58653+03	138	Носова Анастасия - 4. Соотнесите учёного и его вклад. Выберите соотве... - В) Альберт Эйнштейн -> 1) Объяснил фотоэффект (фотоны	1	user_answer: 'Носова Анастасия - 4. Соотнесите учёного и его вкл...', matching_pair: 'В) Альберт Эйнштейн -> 1) Объяснил фотоэффект (фот...', user_selected_right_text: '2) Волновое уравнение и волновая функция', selected_at: '2026-04-23 14:53:59.584524+00:00'	30	10
1268	2026-04-23 17:53:59.595523+03	139	Носова Анастасия - 4. Соотнесите учёного и его вклад. Выберите соотве... - Г) Эрвин Шрёдингер -> 2) Волновое уравнение и волнов	1	user_answer: 'Носова Анастасия - 4. Соотнесите учёного и его вкл...', matching_pair: 'Г) Эрвин Шрёдингер -> 2) Волновое уравнение и волн...', user_selected_right_text: '1) Объяснил фотоэффект (фотоны)', selected_at: '2026-04-23 14:53:59.594524+00:00'	30	10
1269	2026-04-23 17:53:59.612523+03	157	Носова Анастасия - 4. Соотнесите учёного и его вклад. Выберите соотве...	2	score: 'None' -> '0'	27	10
1271	2026-04-23 17:56:39.237306+03	136	Носова Анастасия - 4. Соотнесите учёного и его вклад. Выберите соотве... - А) Макс Планк -> 3) Квант энергии и постоянная 	3	Объект удален: Носова Анастасия - 4. Соотнесите учёного и его вклад. Выберите соотве... - А) Макс Планк -> 3) Квант энергии и постоянная 	30	10
1272	2026-04-23 17:56:39.241311+03	137	Носова Анастасия - 4. Соотнесите учёного и его вклад. Выберите соотве... - Б) Нильс Бор -> 4) Модель атома с дискретными 	3	Объект удален: Носова Анастасия - 4. Соотнесите учёного и его вклад. Выберите соотве... - Б) Нильс Бор -> 4) Модель атома с дискретными 	30	10
1273	2026-04-23 17:56:39.246305+03	138	Носова Анастасия - 4. Соотнесите учёного и его вклад. Выберите соотве... - В) Альберт Эйнштейн -> 1) Объяснил фотоэффект (фотоны	3	Объект удален: Носова Анастасия - 4. Соотнесите учёного и его вклад. Выберите соотве... - В) Альберт Эйнштейн -> 1) Объяснил фотоэффект (фотоны	30	10
1274	2026-04-23 17:56:39.250306+03	139	Носова Анастасия - 4. Соотнесите учёного и его вклад. Выберите соотве... - Г) Эрвин Шрёдингер -> 2) Волновое уравнение и волнов	3	Объект удален: Носова Анастасия - 4. Соотнесите учёного и его вклад. Выберите соотве... - Г) Эрвин Шрёдингер -> 2) Волновое уравнение и волнов	30	10
1275	2026-04-23 17:56:39.253362+03	154	Носова Анастасия - 2. Какую фундаментальную константу ввёл Макс Планк...	3	Объект удален: Носова Анастасия - 2. Какую фундаментальную константу ввёл Макс Планк...	27	10
1276	2026-04-23 17:56:39.255311+03	155	Носова Анастасия - 1. Какое явление классическая физика конца XIX век...	3	Объект удален: Носова Анастасия - 1. Какое явление классическая физика конца XIX век...	27	10
1277	2026-04-23 17:56:39.257305+03	156	Носова Анастасия - 3. Квадрат модуля волновой функции описывает _____...	3	Объект удален: Носова Анастасия - 3. Квадрат модуля волновой функции описывает _____...	27	10
1278	2026-04-23 17:56:39.262346+03	157	Носова Анастасия - 4. Соотнесите учёного и его вклад. Выберите соотве...	3	Объект удален: Носова Анастасия - 4. Соотнесите учёного и его вклад. Выберите соотве...	27	10
1279	2026-04-23 17:56:39.283193+03	158	Носова Анастасия - 2. Какую фундаментальную константу ввёл Макс Планк...	1	user: 'Носова Анастасия', question: '2. Какую фундаментальную константу ввёл Макс Планк...', answer_text: 'None', answer_date: '2026-04-23 14:56:39.276188+00:00', attempt_number: '1', score: 'None'	27	10
1280	2026-04-23 17:56:39.294187+03	158	Носова Анастасия - 2. Какую фундаментальную константу ввёл Макс Планк...	2	score: 'None' -> '0'	27	10
1281	2026-04-23 17:56:39.304191+03	159	Носова Анастасия - 1. Какое явление классическая физика конца XIX век...	1	user: 'Носова Анастасия', question: '1. Какое явление классическая физика конца XIX век...', answer_text: 'None', answer_date: '2026-04-23 14:56:39.297190+00:00', attempt_number: '1', score: 'None'	27	10
1282	2026-04-23 17:56:39.317192+03	159	Носова Анастасия - 1. Какое явление классическая физика конца XIX век...	2	score: 'None' -> '0'	27	10
1283	2026-04-23 17:56:39.326188+03	160	Носова Анастасия - 3. Квадрат модуля волновой функции описывает _____...	1	user: 'Носова Анастасия', question: '3. Квадрат модуля волновой функции описывает _____...', answer_text: 'None', answer_date: '2026-04-23 14:56:39.320189+00:00', attempt_number: '1', score: 'None'	27	10
1284	2026-04-23 17:56:39.337189+03	160	Носова Анастасия - 3. Квадрат модуля волновой функции описывает _____...	2	answer_text: 'None' -> 'dasdasd'	27	10
1285	2026-04-23 17:56:39.356423+03	160	Носова Анастасия - 3. Квадрат модуля волновой функции описывает _____...	2	score: 'None' -> '1'	27	10
1286	2026-04-23 17:56:39.374281+03	161	Носова Анастасия - 4. Соотнесите учёного и его вклад. Выберите соотве...	1	user: 'Носова Анастасия', question: '4. Соотнесите учёного и его вклад. Выберите соотве...', answer_text: 'None', answer_date: '2026-04-23 14:56:39.364400+00:00', attempt_number: '1', score: 'None'	27	10
1287	2026-04-23 17:56:39.390428+03	140	Носова Анастасия - 4. Соотнесите учёного и его вклад. Выберите соотве... - А) Макс Планк -> 3) Квант энергии и постоянная 	1	user_answer: 'Носова Анастасия - 4. Соотнесите учёного и его вкл...', matching_pair: 'А) Макс Планк -> 3) Квант энергии и постоянная ', user_selected_right_text: '3) Квант энергии и постоянная h', selected_at: '2026-04-23 14:56:39.387428+00:00'	30	10
1288	2026-04-23 17:56:39.401422+03	141	Носова Анастасия - 4. Соотнесите учёного и его вклад. Выберите соотве... - Б) Нильс Бор -> 4) Модель атома с дискретными 	1	user_answer: 'Носова Анастасия - 4. Соотнесите учёного и его вкл...', matching_pair: 'Б) Нильс Бор -> 4) Модель атома с дискретными ', user_selected_right_text: '1) Объяснил фотоэффект (фотоны)', selected_at: '2026-04-23 14:56:39.398428+00:00'	30	10
1289	2026-04-23 17:56:39.411424+03	142	Носова Анастасия - 4. Соотнесите учёного и его вклад. Выберите соотве... - В) Альберт Эйнштейн -> 1) Объяснил фотоэффект (фотоны	1	user_answer: 'Носова Анастасия - 4. Соотнесите учёного и его вкл...', matching_pair: 'В) Альберт Эйнштейн -> 1) Объяснил фотоэффект (фот...', user_selected_right_text: '2) Волновое уравнение и волновая функция', selected_at: '2026-04-23 14:56:39.410423+00:00'	30	10
1290	2026-04-23 17:56:39.421425+03	143	Носова Анастасия - 4. Соотнесите учёного и его вклад. Выберите соотве... - Г) Эрвин Шрёдингер -> 2) Волновое уравнение и волнов	1	user_answer: 'Носова Анастасия - 4. Соотнесите учёного и его вкл...', matching_pair: 'Г) Эрвин Шрёдингер -> 2) Волновое уравнение и волн...', user_selected_right_text: '1) Объяснил фотоэффект (фотоны)', selected_at: '2026-04-23 14:56:39.419610+00:00'	30	10
1291	2026-04-23 17:56:39.43677+03	161	Носова Анастасия - 4. Соотнесите учёного и его вклад. Выберите соотве...	2	score: 'None' -> '0'	27	10
1292	2026-04-23 17:56:39.454425+03	55	Носова Анастасия - Тест №1 (попытка 1)	1	user: 'Носова Анастасия', test: 'Тест №1', completion_date: '2026-04-23 14:56:39.441433+00:00', final_score: '1', is_passed: 'None', attempt_number: '1', time_spent: 'None'	26	10
1293	2026-04-23 17:57:05.79518+03	55	Носова Анастасия - Тест №1 (попытка 1)	3	Объект удален: Носова Анастасия - Тест №1 (попытка 1)	26	10
1294	2026-04-23 17:57:05.824827+03	140	Носова Анастасия - 4. Соотнесите учёного и его вклад. Выберите соотве... - А) Макс Планк -> 3) Квант энергии и постоянная 	3	Объект удален: Носова Анастасия - 4. Соотнесите учёного и его вклад. Выберите соотве... - А) Макс Планк -> 3) Квант энергии и постоянная 	30	10
1295	2026-04-23 17:57:05.829822+03	141	Носова Анастасия - 4. Соотнесите учёного и его вклад. Выберите соотве... - Б) Нильс Бор -> 4) Модель атома с дискретными 	3	Объект удален: Носова Анастасия - 4. Соотнесите учёного и его вклад. Выберите соотве... - Б) Нильс Бор -> 4) Модель атома с дискретными 	30	10
1296	2026-04-23 17:57:05.833953+03	142	Носова Анастасия - 4. Соотнесите учёного и его вклад. Выберите соотве... - В) Альберт Эйнштейн -> 1) Объяснил фотоэффект (фотоны	3	Объект удален: Носова Анастасия - 4. Соотнесите учёного и его вклад. Выберите соотве... - В) Альберт Эйнштейн -> 1) Объяснил фотоэффект (фотоны	30	10
1297	2026-04-23 17:57:05.83892+03	143	Носова Анастасия - 4. Соотнесите учёного и его вклад. Выберите соотве... - Г) Эрвин Шрёдингер -> 2) Волновое уравнение и волнов	3	Объект удален: Носова Анастасия - 4. Соотнесите учёного и его вклад. Выберите соотве... - Г) Эрвин Шрёдингер -> 2) Волновое уравнение и волнов	30	10
1298	2026-04-23 17:57:05.842012+03	158	Носова Анастасия - 2. Какую фундаментальную константу ввёл Макс Планк...	3	Объект удален: Носова Анастасия - 2. Какую фундаментальную константу ввёл Макс Планк...	27	10
1299	2026-04-23 17:57:05.844819+03	159	Носова Анастасия - 1. Какое явление классическая физика конца XIX век...	3	Объект удален: Носова Анастасия - 1. Какое явление классическая физика конца XIX век...	27	10
1300	2026-04-23 17:57:05.84782+03	160	Носова Анастасия - 3. Квадрат модуля волновой функции описывает _____...	3	Объект удален: Носова Анастасия - 3. Квадрат модуля волновой функции описывает _____...	27	10
1301	2026-04-23 17:57:05.850819+03	161	Носова Анастасия - 4. Соотнесите учёного и его вклад. Выберите соотве...	3	Объект удален: Носова Анастасия - 4. Соотнесите учёного и его вклад. Выберите соотве...	27	10
1302	2026-04-23 17:57:05.894636+03	162	Носова Анастасия - 2. Какую фундаментальную константу ввёл Макс Планк...	1	user: 'Носова Анастасия', question: '2. Какую фундаментальную константу ввёл Макс Планк...', answer_text: 'None', answer_date: '2026-04-23 14:57:05.875990+00:00', attempt_number: '1', score: 'None'	27	10
1303	2026-04-23 17:57:05.905638+03	55	Носова Анастасия - 2. Какую фундаментальную константу ввёл Макс Планк... - В) Постоянную Планка	1	user_answer: 'Носова Анастасия - 2. Какую фундаментальную конста...', choice_option: 'В) Постоянную Планка', selected_at: '2026-04-23 14:57:05.903023+00:00'	34	10
1304	2026-04-23 17:57:05.917638+03	162	Носова Анастасия - 2. Какую фундаментальную константу ввёл Макс Планк...	2	score: 'None' -> '2'	27	10
1305	2026-04-23 17:57:05.928113+03	163	Носова Анастасия - 1. Какое явление классическая физика конца XIX век...	1	user: 'Носова Анастасия', question: '1. Какое явление классическая физика конца XIX век...', answer_text: 'None', answer_date: '2026-04-23 14:57:05.922640+00:00', attempt_number: '1', score: 'None'	27	10
1306	2026-04-23 17:57:05.941637+03	163	Носова Анастасия - 1. Какое явление классическая физика конца XIX век...	2	score: 'None' -> '0'	27	10
1307	2026-04-23 17:57:05.951809+03	164	Носова Анастасия - 3. Квадрат модуля волновой функции описывает _____...	1	user: 'Носова Анастасия', question: '3. Квадрат модуля волновой функции описывает _____...', answer_text: 'None', answer_date: '2026-04-23 14:57:05.945643+00:00', attempt_number: '1', score: 'None'	27	10
1308	2026-04-23 17:57:05.964804+03	164	Носова Анастасия - 3. Квадрат модуля волновой функции описывает _____...	2	answer_text: 'None' -> 'вероятность'	27	10
1309	2026-04-23 17:57:05.975808+03	164	Носова Анастасия - 3. Квадрат модуля волновой функции описывает _____...	2	score: 'None' -> '1'	27	10
1310	2026-04-23 17:57:05.987811+03	165	Носова Анастасия - 4. Соотнесите учёного и его вклад. Выберите соотве...	1	user: 'Носова Анастасия', question: '4. Соотнесите учёного и его вклад. Выберите соотве...', answer_text: 'None', answer_date: '2026-04-23 14:57:05.979149+00:00', attempt_number: '1', score: 'None'	27	10
1311	2026-04-23 17:57:05.996903+03	144	Носова Анастасия - 4. Соотнесите учёного и его вклад. Выберите соотве... - А) Макс Планк -> 3) Квант энергии и постоянная 	1	user_answer: 'Носова Анастасия - 4. Соотнесите учёного и его вкл...', matching_pair: 'А) Макс Планк -> 3) Квант энергии и постоянная ', user_selected_right_text: '3) Квант энергии и постоянная h', selected_at: '2026-04-23 14:57:05.994890+00:00'	30	10
1312	2026-04-23 17:57:06.005906+03	145	Носова Анастасия - 4. Соотнесите учёного и его вклад. Выберите соотве... - Б) Нильс Бор -> 4) Модель атома с дискретными 	1	user_answer: 'Носова Анастасия - 4. Соотнесите учёного и его вкл...', matching_pair: 'Б) Нильс Бор -> 4) Модель атома с дискретными ', user_selected_right_text: '4) Модель атома с дискретными орбитами', selected_at: '2026-04-23 14:57:06.004904+00:00'	30	10
1313	2026-04-23 17:57:06.012901+03	146	Носова Анастасия - 4. Соотнесите учёного и его вклад. Выберите соотве... - В) Альберт Эйнштейн -> 1) Объяснил фотоэффект (фотоны	1	user_answer: 'Носова Анастасия - 4. Соотнесите учёного и его вкл...', matching_pair: 'В) Альберт Эйнштейн -> 1) Объяснил фотоэффект (фот...', user_selected_right_text: '3) Квант энергии и постоянная h', selected_at: '2026-04-23 14:57:06.011903+00:00'	30	10
1314	2026-04-23 17:57:06.018905+03	147	Носова Анастасия - 4. Соотнесите учёного и его вклад. Выберите соотве... - Г) Эрвин Шрёдингер -> 2) Волновое уравнение и волнов	1	user_answer: 'Носова Анастасия - 4. Соотнесите учёного и его вкл...', matching_pair: 'Г) Эрвин Шрёдингер -> 2) Волновое уравнение и волн...', user_selected_right_text: '1) Объяснил фотоэффект (фотоны)', selected_at: '2026-04-23 14:57:06.016904+00:00'	30	10
1315	2026-04-23 17:57:06.029904+03	165	Носова Анастасия - 4. Соотнесите учёного и его вклад. Выберите соотве...	2	score: 'None' -> '1'	27	10
1316	2026-04-23 17:57:06.038401+03	56	Носова Анастасия - Тест №1 (попытка 1)	1	user: 'Носова Анастасия', test: 'Тест №1', completion_date: '2026-04-23 14:57:06.031902+00:00', final_score: '4', is_passed: 'None', attempt_number: '1', time_spent: 'None'	26	10
1317	2026-04-23 17:58:25.951756+03	56	Носова Анастасия - Тест №1 (попытка 1)	3	Объект удален: Носова Анастасия - Тест №1 (попытка 1)	26	10
1318	2026-04-23 17:58:25.998556+03	55	Носова Анастасия - 2. Какую фундаментальную константу ввёл Макс Планк... - В) Постоянную Планка	3	Объект удален: Носова Анастасия - 2. Какую фундаментальную константу ввёл Макс Планк... - В) Постоянную Планка	34	10
1319	2026-04-23 17:58:26.006549+03	144	Носова Анастасия - 4. Соотнесите учёного и его вклад. Выберите соотве... - А) Макс Планк -> 3) Квант энергии и постоянная 	3	Объект удален: Носова Анастасия - 4. Соотнесите учёного и его вклад. Выберите соотве... - А) Макс Планк -> 3) Квант энергии и постоянная 	30	10
1320	2026-04-23 17:58:26.012554+03	145	Носова Анастасия - 4. Соотнесите учёного и его вклад. Выберите соотве... - Б) Нильс Бор -> 4) Модель атома с дискретными 	3	Объект удален: Носова Анастасия - 4. Соотнесите учёного и его вклад. Выберите соотве... - Б) Нильс Бор -> 4) Модель атома с дискретными 	30	10
1321	2026-04-23 17:58:26.018646+03	146	Носова Анастасия - 4. Соотнесите учёного и его вклад. Выберите соотве... - В) Альберт Эйнштейн -> 1) Объяснил фотоэффект (фотоны	3	Объект удален: Носова Анастасия - 4. Соотнесите учёного и его вклад. Выберите соотве... - В) Альберт Эйнштейн -> 1) Объяснил фотоэффект (фотоны	30	10
1322	2026-04-23 17:58:26.023718+03	147	Носова Анастасия - 4. Соотнесите учёного и его вклад. Выберите соотве... - Г) Эрвин Шрёдингер -> 2) Волновое уравнение и волнов	3	Объект удален: Носова Анастасия - 4. Соотнесите учёного и его вклад. Выберите соотве... - Г) Эрвин Шрёдингер -> 2) Волновое уравнение и волнов	30	10
1323	2026-04-23 17:58:26.026551+03	162	Носова Анастасия - 2. Какую фундаментальную константу ввёл Макс Планк...	3	Объект удален: Носова Анастасия - 2. Какую фундаментальную константу ввёл Макс Планк...	27	10
1324	2026-04-23 17:58:26.030549+03	163	Носова Анастасия - 1. Какое явление классическая физика конца XIX век...	3	Объект удален: Носова Анастасия - 1. Какое явление классическая физика конца XIX век...	27	10
1325	2026-04-23 17:58:26.033554+03	164	Носова Анастасия - 3. Квадрат модуля волновой функции описывает _____...	3	Объект удален: Носова Анастасия - 3. Квадрат модуля волновой функции описывает _____...	27	10
1326	2026-04-23 17:58:26.036733+03	165	Носова Анастасия - 4. Соотнесите учёного и его вклад. Выберите соотве...	3	Объект удален: Носова Анастасия - 4. Соотнесите учёного и его вклад. Выберите соотве...	27	10
1327	2026-04-23 17:58:26.059547+03	166	Носова Анастасия - 2. Какую фундаментальную константу ввёл Макс Планк...	1	user: 'Носова Анастасия', question: '2. Какую фундаментальную константу ввёл Макс Планк...', answer_text: 'None', answer_date: '2026-04-23 14:58:26.051556+00:00', attempt_number: '1', score: 'None'	27	10
1328	2026-04-23 17:58:26.074548+03	166	Носова Анастасия - 2. Какую фундаментальную константу ввёл Макс Планк...	2	score: 'None' -> '0'	27	10
1329	2026-04-23 17:58:26.086364+03	167	Носова Анастасия - 1. Какое явление классическая физика конца XIX век...	1	user: 'Носова Анастасия', question: '1. Какое явление классическая физика конца XIX век...', answer_text: 'None', answer_date: '2026-04-23 14:58:26.078549+00:00', attempt_number: '1', score: 'None'	27	10
1330	2026-04-23 17:58:26.105976+03	167	Носова Анастасия - 1. Какое явление классическая физика конца XIX век...	2	score: 'None' -> '0'	27	10
1331	2026-04-23 17:58:26.116969+03	168	Носова Анастасия - 3. Квадрат модуля волновой функции описывает _____...	1	user: 'Носова Анастасия', question: '3. Квадрат модуля волновой функции описывает _____...', answer_text: 'None', answer_date: '2026-04-23 14:58:26.108973+00:00', attempt_number: '1', score: 'None'	27	10
1332	2026-04-23 17:58:26.132031+03	168	Носова Анастасия - 3. Квадрат модуля волновой функции описывает _____...	2	answer_text: 'None' -> 'вввв'	27	10
1333	2026-04-23 17:58:26.146077+03	168	Носова Анастасия - 3. Квадрат модуля волновой функции описывает _____...	2	score: 'None' -> '1'	27	10
1334	2026-04-23 17:58:26.156898+03	169	Носова Анастасия - 4. Соотнесите учёного и его вклад. Выберите соотве...	1	user: 'Носова Анастасия', question: '4. Соотнесите учёного и его вклад. Выберите соотве...', answer_text: 'None', answer_date: '2026-04-23 14:58:26.148970+00:00', attempt_number: '1', score: 'None'	27	10
1335	2026-04-23 17:58:26.167421+03	148	Носова Анастасия - 4. Соотнесите учёного и его вклад. Выберите соотве... - А) Макс Планк -> 3) Квант энергии и постоянная 	1	user_answer: 'Носова Анастасия - 4. Соотнесите учёного и его вкл...', matching_pair: 'А) Макс Планк -> 3) Квант энергии и постоянная ', user_selected_right_text: '4) Модель атома с дискретными орбитами', selected_at: '2026-04-23 14:58:26.165417+00:00'	30	10
1336	2026-04-23 17:58:26.174417+03	149	Носова Анастасия - 4. Соотнесите учёного и его вклад. Выберите соотве... - Б) Нильс Бор -> 4) Модель атома с дискретными 	1	user_answer: 'Носова Анастасия - 4. Соотнесите учёного и его вкл...', matching_pair: 'Б) Нильс Бор -> 4) Модель атома с дискретными ', user_selected_right_text: '3) Квант энергии и постоянная h', selected_at: '2026-04-23 14:58:26.173960+00:00'	30	10
1337	2026-04-23 17:58:26.182248+03	150	Носова Анастасия - 4. Соотнесите учёного и его вклад. Выберите соотве... - В) Альберт Эйнштейн -> 1) Объяснил фотоэффект (фотоны	1	user_answer: 'Носова Анастасия - 4. Соотнесите учёного и его вкл...', matching_pair: 'В) Альберт Эйнштейн -> 1) Объяснил фотоэффект (фот...', user_selected_right_text: '2) Волновое уравнение и волновая функция', selected_at: '2026-04-23 14:58:26.180234+00:00'	30	10
1338	2026-04-23 17:58:26.188914+03	151	Носова Анастасия - 4. Соотнесите учёного и его вклад. Выберите соотве... - Г) Эрвин Шрёдингер -> 2) Волновое уравнение и волнов	1	user_answer: 'Носова Анастасия - 4. Соотнесите учёного и его вкл...', matching_pair: 'Г) Эрвин Шрёдингер -> 2) Волновое уравнение и волн...', user_selected_right_text: '1) Объяснил фотоэффект (фотоны)', selected_at: '2026-04-23 14:58:26.187915+00:00'	30	10
1339	2026-04-23 17:58:26.200917+03	169	Носова Анастасия - 4. Соотнесите учёного и его вклад. Выберите соотве...	2	score: 'None' -> '0'	27	10
1340	2026-04-23 17:58:26.212918+03	57	Носова Анастасия - Тест №1 (попытка 1)	1	user: 'Носова Анастасия', test: 'Тест №1', completion_date: '2026-04-23 14:58:26.204917+00:00', final_score: '1', is_passed: 'None', attempt_number: '1', time_spent: 'None'	26	10
1341	2026-04-23 18:03:40.735415+03	57	Носова Анастасия - Тест №1 (попытка 1)	3	Объект удален: Носова Анастасия - Тест №1 (попытка 1)	26	10
1342	2026-04-23 18:03:40.772054+03	148	Носова Анастасия - 4. Соотнесите учёного и его вклад. Выберите соотве... - А) Макс Планк -> 3) Квант энергии и постоянная 	3	Объект удален: Носова Анастасия - 4. Соотнесите учёного и его вклад. Выберите соотве... - А) Макс Планк -> 3) Квант энергии и постоянная 	30	10
1343	2026-04-23 18:03:40.776057+03	149	Носова Анастасия - 4. Соотнесите учёного и его вклад. Выберите соотве... - Б) Нильс Бор -> 4) Модель атома с дискретными 	3	Объект удален: Носова Анастасия - 4. Соотнесите учёного и его вклад. Выберите соотве... - Б) Нильс Бор -> 4) Модель атома с дискретными 	30	10
1344	2026-04-23 18:03:40.779357+03	150	Носова Анастасия - 4. Соотнесите учёного и его вклад. Выберите соотве... - В) Альберт Эйнштейн -> 1) Объяснил фотоэффект (фотоны	3	Объект удален: Носова Анастасия - 4. Соотнесите учёного и его вклад. Выберите соотве... - В) Альберт Эйнштейн -> 1) Объяснил фотоэффект (фотоны	30	10
1345	2026-04-23 18:03:40.783311+03	151	Носова Анастасия - 4. Соотнесите учёного и его вклад. Выберите соотве... - Г) Эрвин Шрёдингер -> 2) Волновое уравнение и волнов	3	Объект удален: Носова Анастасия - 4. Соотнесите учёного и его вклад. Выберите соотве... - Г) Эрвин Шрёдингер -> 2) Волновое уравнение и волнов	30	10
1346	2026-04-23 18:03:40.78653+03	166	Носова Анастасия - 2. Какую фундаментальную константу ввёл Макс Планк...	3	Объект удален: Носова Анастасия - 2. Какую фундаментальную константу ввёл Макс Планк...	27	10
1347	2026-04-23 18:03:40.788312+03	167	Носова Анастасия - 1. Какое явление классическая физика конца XIX век...	3	Объект удален: Носова Анастасия - 1. Какое явление классическая физика конца XIX век...	27	10
1348	2026-04-23 18:03:40.791367+03	168	Носова Анастасия - 3. Квадрат модуля волновой функции описывает _____...	3	Объект удален: Носова Анастасия - 3. Квадрат модуля волновой функции описывает _____...	27	10
1349	2026-04-23 18:03:40.794381+03	169	Носова Анастасия - 4. Соотнесите учёного и его вклад. Выберите соотве...	3	Объект удален: Носова Анастасия - 4. Соотнесите учёного и его вклад. Выберите соотве...	27	10
1350	2026-04-23 18:03:40.81338+03	170	Носова Анастасия - 2. Какую фундаментальную константу ввёл Макс Планк...	1	user: 'Носова Анастасия', question: '2. Какую фундаментальную константу ввёл Макс Планк...', answer_text: 'None', answer_date: '2026-04-23 15:03:40.808383+00:00', attempt_number: '1', score: 'None'	27	10
1351	2026-04-23 18:03:40.82265+03	56	Носова Анастасия - 2. Какую фундаментальную константу ввёл Макс Планк... - В) Постоянную Планка	1	user_answer: 'Носова Анастасия - 2. Какую фундаментальную конста...', choice_option: 'В) Постоянную Планка', selected_at: '2026-04-23 15:03:40.820380+00:00'	34	10
1352	2026-04-23 18:03:40.832384+03	170	Носова Анастасия - 2. Какую фундаментальную константу ввёл Макс Планк...	2	score: 'None' -> '2'	27	10
1353	2026-04-23 18:03:40.840382+03	171	Носова Анастасия - 1. Какое явление классическая физика конца XIX век...	1	user: 'Носова Анастасия', question: '1. Какое явление классическая физика конца XIX век...', answer_text: 'None', answer_date: '2026-04-23 15:03:40.834378+00:00', attempt_number: '1', score: 'None'	27	10
1354	2026-04-23 18:03:40.847377+03	57	Носова Анастасия - 1. Какое явление классическая физика конца XIX век... - Б) Ультрафиолетовая катастрофа	1	user_answer: 'Носова Анастасия - 1. Какое явление классическая ф...', choice_option: 'Б) Ультрафиолетовая катастрофа', selected_at: '2026-04-23 15:03:40.846384+00:00'	34	10
1355	2026-04-23 18:03:40.856381+03	171	Носова Анастасия - 1. Какое явление классическая физика конца XIX век...	2	score: 'None' -> '1'	27	10
1356	2026-04-23 18:03:40.865071+03	172	Носова Анастасия - 3. Квадрат модуля волновой функции описывает _____...	1	user: 'Носова Анастасия', question: '3. Квадрат модуля волновой функции описывает _____...', answer_text: 'None', answer_date: '2026-04-23 15:03:40.859381+00:00', attempt_number: '1', score: 'None'	27	10
1357	2026-04-23 18:03:40.877998+03	172	Носова Анастасия - 3. Квадрат модуля волновой функции описывает _____...	2	answer_text: 'None' -> 'вероятность'	27	10
1358	2026-04-23 18:03:40.88816+03	172	Носова Анастасия - 3. Квадрат модуля волновой функции описывает _____...	2	score: 'None' -> '1'	27	10
1359	2026-04-23 18:03:40.896119+03	173	Носова Анастасия - 4. Соотнесите учёного и его вклад. Выберите соотве...	1	user: 'Носова Анастасия', question: '4. Соотнесите учёного и его вклад. Выберите соотве...', answer_text: 'None', answer_date: '2026-04-23 15:03:40.891084+00:00', attempt_number: '1', score: 'None'	27	10
1360	2026-04-23 18:03:40.913315+03	152	Носова Анастасия - 4. Соотнесите учёного и его вклад. Выберите соотве... - А) Макс Планк -> 3) Квант энергии и постоянная 	1	user_answer: 'Носова Анастасия - 4. Соотнесите учёного и его вкл...', matching_pair: 'А) Макс Планк -> 3) Квант энергии и постоянная ', user_selected_right_text: '4) Модель атома с дискретными орбитами', selected_at: '2026-04-23 15:03:40.902354+00:00'	30	10
1361	2026-04-23 18:03:40.921089+03	153	Носова Анастасия - 4. Соотнесите учёного и его вклад. Выберите соотве... - Б) Нильс Бор -> 4) Модель атома с дискретными 	1	user_answer: 'Носова Анастасия - 4. Соотнесите учёного и его вкл...', matching_pair: 'Б) Нильс Бор -> 4) Модель атома с дискретными ', user_selected_right_text: '3) Квант энергии и постоянная h', selected_at: '2026-04-23 15:03:40.919085+00:00'	30	10
1362	2026-04-23 18:03:40.926576+03	154	Носова Анастасия - 4. Соотнесите учёного и его вклад. Выберите соотве... - В) Альберт Эйнштейн -> 1) Объяснил фотоэффект (фотоны	1	user_answer: 'Носова Анастасия - 4. Соотнесите учёного и его вкл...', matching_pair: 'В) Альберт Эйнштейн -> 1) Объяснил фотоэффект (фот...', user_selected_right_text: '1) Объяснил фотоэффект (фотоны)', selected_at: '2026-04-23 15:03:40.925264+00:00'	30	10
1363	2026-04-23 18:03:40.93309+03	155	Носова Анастасия - 4. Соотнесите учёного и его вклад. Выберите соотве... - Г) Эрвин Шрёдингер -> 2) Волновое уравнение и волнов	1	user_answer: 'Носова Анастасия - 4. Соотнесите учёного и его вкл...', matching_pair: 'Г) Эрвин Шрёдингер -> 2) Волновое уравнение и волн...', user_selected_right_text: '2) Волновое уравнение и волновая функция', selected_at: '2026-04-23 15:03:40.931159+00:00'	30	10
1364	2026-04-23 18:03:40.943314+03	173	Носова Анастасия - 4. Соотнесите учёного и его вклад. Выберите соотве...	2	score: 'None' -> '1'	27	10
1365	2026-04-23 18:03:40.951912+03	58	Носова Анастасия - Тест №1 (попытка 1)	1	user: 'Носова Анастасия', test: 'Тест №1', completion_date: '2026-04-23 15:03:40.945086+00:00', final_score: '5', is_passed: 'None', attempt_number: '1', time_spent: 'None'	26	10
1366	2026-04-23 18:03:57.616799+03	58	Носова Анастасия - Тест №1 (попытка 1)	3	Объект удален: Носова Анастасия - Тест №1 (попытка 1)	26	10
1367	2026-04-23 18:03:57.644799+03	56	Носова Анастасия - 2. Какую фундаментальную константу ввёл Макс Планк... - В) Постоянную Планка	3	Объект удален: Носова Анастасия - 2. Какую фундаментальную константу ввёл Макс Планк... - В) Постоянную Планка	34	10
1368	2026-04-23 18:03:57.649358+03	57	Носова Анастасия - 1. Какое явление классическая физика конца XIX век... - Б) Ультрафиолетовая катастрофа	3	Объект удален: Носова Анастасия - 1. Какое явление классическая физика конца XIX век... - Б) Ультрафиолетовая катастрофа	34	10
1369	2026-04-23 18:03:57.654799+03	152	Носова Анастасия - 4. Соотнесите учёного и его вклад. Выберите соотве... - А) Макс Планк -> 3) Квант энергии и постоянная 	3	Объект удален: Носова Анастасия - 4. Соотнесите учёного и его вклад. Выберите соотве... - А) Макс Планк -> 3) Квант энергии и постоянная 	30	10
1370	2026-04-23 18:03:57.660003+03	153	Носова Анастасия - 4. Соотнесите учёного и его вклад. Выберите соотве... - Б) Нильс Бор -> 4) Модель атома с дискретными 	3	Объект удален: Носова Анастасия - 4. Соотнесите учёного и его вклад. Выберите соотве... - Б) Нильс Бор -> 4) Модель атома с дискретными 	30	10
1371	2026-04-23 18:03:57.663921+03	154	Носова Анастасия - 4. Соотнесите учёного и его вклад. Выберите соотве... - В) Альберт Эйнштейн -> 1) Объяснил фотоэффект (фотоны	3	Объект удален: Носова Анастасия - 4. Соотнесите учёного и его вклад. Выберите соотве... - В) Альберт Эйнштейн -> 1) Объяснил фотоэффект (фотоны	30	10
1372	2026-04-23 18:03:57.667441+03	155	Носова Анастасия - 4. Соотнесите учёного и его вклад. Выберите соотве... - Г) Эрвин Шрёдингер -> 2) Волновое уравнение и волнов	3	Объект удален: Носова Анастасия - 4. Соотнесите учёного и его вклад. Выберите соотве... - Г) Эрвин Шрёдингер -> 2) Волновое уравнение и волнов	30	10
1373	2026-04-23 18:03:57.670444+03	170	Носова Анастасия - 2. Какую фундаментальную константу ввёл Макс Планк...	3	Объект удален: Носова Анастасия - 2. Какую фундаментальную константу ввёл Макс Планк...	27	10
1374	2026-04-23 18:03:57.674583+03	171	Носова Анастасия - 1. Какое явление классическая физика конца XIX век...	3	Объект удален: Носова Анастасия - 1. Какое явление классическая физика конца XIX век...	27	10
1375	2026-04-23 18:03:57.677442+03	172	Носова Анастасия - 3. Квадрат модуля волновой функции описывает _____...	3	Объект удален: Носова Анастасия - 3. Квадрат модуля волновой функции описывает _____...	27	10
1376	2026-04-23 18:03:57.680441+03	173	Носова Анастасия - 4. Соотнесите учёного и его вклад. Выберите соотве...	3	Объект удален: Носова Анастасия - 4. Соотнесите учёного и его вклад. Выберите соотве...	27	10
1377	2026-04-23 18:03:57.698947+03	174	Носова Анастасия - 2. Какую фундаментальную константу ввёл Макс Планк...	1	user: 'Носова Анастасия', question: '2. Какую фундаментальную константу ввёл Макс Планк...', answer_text: 'None', answer_date: '2026-04-23 15:03:57.692950+00:00', attempt_number: '1', score: 'None'	27	10
1378	2026-04-23 18:03:57.708948+03	174	Носова Анастасия - 2. Какую фундаментальную константу ввёл Макс Планк...	2	score: 'None' -> '0'	27	10
1379	2026-04-23 18:03:57.716977+03	175	Носова Анастасия - 1. Какое явление классическая физика конца XIX век...	1	user: 'Носова Анастасия', question: '1. Какое явление классическая физика конца XIX век...', answer_text: 'None', answer_date: '2026-04-23 15:03:57.711947+00:00', attempt_number: '1', score: 'None'	27	10
1380	2026-04-23 18:03:57.729951+03	175	Носова Анастасия - 1. Какое явление классическая физика конца XIX век...	2	score: 'None' -> '0'	27	10
1381	2026-04-23 18:03:57.739946+03	176	Носова Анастасия - 3. Квадрат модуля волновой функции описывает _____...	1	user: 'Носова Анастасия', question: '3. Квадрат модуля волновой функции описывает _____...', answer_text: 'None', answer_date: '2026-04-23 15:03:57.733034+00:00', attempt_number: '1', score: 'None'	27	10
1382	2026-04-23 18:03:57.749401+03	176	Носова Анастасия - 3. Квадрат модуля волновой функции описывает _____...	2	answer_text: 'None' -> 'авыаыва'	27	10
1383	2026-04-23 18:03:57.758947+03	176	Носова Анастасия - 3. Квадрат модуля волновой функции описывает _____...	2	score: 'None' -> '1'	27	10
1384	2026-04-23 18:03:57.769856+03	177	Носова Анастасия - 4. Соотнесите учёного и его вклад. Выберите соотве...	1	user: 'Носова Анастасия', question: '4. Соотнесите учёного и его вклад. Выберите соотве...', answer_text: 'None', answer_date: '2026-04-23 15:03:57.763162+00:00', attempt_number: '1', score: 'None'	27	10
1385	2026-04-23 18:03:57.777857+03	156	Носова Анастасия - 4. Соотнесите учёного и его вклад. Выберите соотве... - А) Макс Планк -> 3) Квант энергии и постоянная 	1	user_answer: 'Носова Анастасия - 4. Соотнесите учёного и его вкл...', matching_pair: 'А) Макс Планк -> 3) Квант энергии и постоянная ', user_selected_right_text: '1) Объяснил фотоэффект (фотоны)', selected_at: '2026-04-23 15:03:57.775859+00:00'	30	10
1404	2026-04-23 18:15:48.572758+03	60	Носова Анастасия - Тест №1 (попытка 2)	1	user: 'Носова Анастасия', test: 'Тест №1', completion_date: '2026-04-23 15:15:48.563559+00:00', final_score: '1', is_passed: 'None', attempt_number: '2', time_spent: 'None'	26	10
1386	2026-04-23 18:03:57.784964+03	157	Носова Анастасия - 4. Соотнесите учёного и его вклад. Выберите соотве... - Б) Нильс Бор -> 4) Модель атома с дискретными 	1	user_answer: 'Носова Анастасия - 4. Соотнесите учёного и его вкл...', matching_pair: 'Б) Нильс Бор -> 4) Модель атома с дискретными ', user_selected_right_text: '2) Волновое уравнение и волновая функция', selected_at: '2026-04-23 15:03:57.783797+00:00'	30	10
1387	2026-04-23 18:03:57.793795+03	158	Носова Анастасия - 4. Соотнесите учёного и его вклад. Выберите соотве... - В) Альберт Эйнштейн -> 1) Объяснил фотоэффект (фотоны	1	user_answer: 'Носова Анастасия - 4. Соотнесите учёного и его вкл...', matching_pair: 'В) Альберт Эйнштейн -> 1) Объяснил фотоэффект (фот...', user_selected_right_text: '3) Квант энергии и постоянная h', selected_at: '2026-04-23 15:03:57.791962+00:00'	30	10
1388	2026-04-23 18:03:57.799795+03	159	Носова Анастасия - 4. Соотнесите учёного и его вклад. Выберите соотве... - Г) Эрвин Шрёдингер -> 2) Волновое уравнение и волнов	1	user_answer: 'Носова Анастасия - 4. Соотнесите учёного и его вкл...', matching_pair: 'Г) Эрвин Шрёдингер -> 2) Волновое уравнение и волн...', user_selected_right_text: '4) Модель атома с дискретными орбитами', selected_at: '2026-04-23 15:03:57.798794+00:00'	30	10
1389	2026-04-23 18:03:57.810793+03	177	Носова Анастасия - 4. Соотнесите учёного и его вклад. Выберите соотве...	2	score: 'None' -> '0'	27	10
1390	2026-04-23 18:03:57.819794+03	59	Носова Анастасия - Тест №1 (попытка 1)	1	user: 'Носова Анастасия', test: 'Тест №1', completion_date: '2026-04-23 15:03:57.813798+00:00', final_score: '1', is_passed: 'None', attempt_number: '1', time_spent: 'None'	26	10
1391	2026-04-23 18:15:48.407542+03	178	Носова Анастасия - 2. Какую фундаментальную константу ввёл Макс Планк...	1	user: 'Носова Анастасия', question: '2. Какую фундаментальную константу ввёл Макс Планк...', answer_text: 'None', answer_date: '2026-04-23 15:15:48.395457+00:00', attempt_number: '2', score: 'None'	27	10
1392	2026-04-23 18:15:48.435464+03	178	Носова Анастасия - 2. Какую фундаментальную константу ввёл Макс Планк...	2	score: 'None' -> '0'	27	10
1393	2026-04-23 18:15:48.445465+03	179	Носова Анастасия - 1. Какое явление классическая физика конца XIX век...	1	user: 'Носова Анастасия', question: '1. Какое явление классическая физика конца XIX век...', answer_text: 'None', answer_date: '2026-04-23 15:15:48.438461+00:00', attempt_number: '2', score: 'None'	27	10
1394	2026-04-23 18:15:48.462945+03	179	Носова Анастасия - 1. Какое явление классическая физика конца XIX век...	2	score: 'None' -> '0'	27	10
1395	2026-04-23 18:15:48.474436+03	180	Носова Анастасия - 3. Квадрат модуля волновой функции описывает _____...	1	user: 'Носова Анастасия', question: '3. Квадрат модуля волновой функции описывает _____...', answer_text: 'None', answer_date: '2026-04-23 15:15:48.466434+00:00', attempt_number: '2', score: 'None'	27	10
1396	2026-04-23 18:15:48.487704+03	180	Носова Анастасия - 3. Квадрат модуля волновой функции описывает _____...	2	answer_text: 'None' -> 'вероятность'	27	10
1397	2026-04-23 18:15:48.499472+03	180	Носова Анастасия - 3. Квадрат модуля волновой функции описывает _____...	2	score: 'None' -> '1'	27	10
1398	2026-04-23 18:15:48.51058+03	181	Носова Анастасия - 4. Соотнесите учёного и его вклад. Выберите соотве...	1	user: 'Носова Анастасия', question: '4. Соотнесите учёного и его вклад. Выберите соотве...', answer_text: 'None', answer_date: '2026-04-23 15:15:48.503337+00:00', attempt_number: '2', score: 'None'	27	10
1399	2026-04-23 18:15:48.526934+03	160	Носова Анастасия - 4. Соотнесите учёного и его вклад. Выберите соотве... - А) Макс Планк -> 3) Квант энергии и постоянная 	1	user_answer: 'Носова Анастасия - 4. Соотнесите учёного и его вкл...', matching_pair: 'А) Макс Планк -> 3) Квант энергии и постоянная ', user_selected_right_text: '3) Квант энергии и постоянная h', selected_at: '2026-04-23 15:15:48.523691+00:00'	30	10
1400	2026-04-23 18:15:48.535928+03	161	Носова Анастасия - 4. Соотнесите учёного и его вклад. Выберите соотве... - Б) Нильс Бор -> 4) Модель атома с дискретными 	1	user_answer: 'Носова Анастасия - 4. Соотнесите учёного и его вкл...', matching_pair: 'Б) Нильс Бор -> 4) Модель атома с дискретными ', user_selected_right_text: '3) Квант энергии и постоянная h', selected_at: '2026-04-23 15:15:48.534926+00:00'	30	10
1401	2026-04-23 18:15:48.54293+03	162	Носова Анастасия - 4. Соотнесите учёного и его вклад. Выберите соотве... - В) Альберт Эйнштейн -> 1) Объяснил фотоэффект (фотоны	1	user_answer: 'Носова Анастасия - 4. Соотнесите учёного и его вкл...', matching_pair: 'В) Альберт Эйнштейн -> 1) Объяснил фотоэффект (фот...', user_selected_right_text: '4) Модель атома с дискретными орбитами', selected_at: '2026-04-23 15:15:48.541927+00:00'	30	10
1402	2026-04-23 18:15:48.54993+03	163	Носова Анастасия - 4. Соотнесите учёного и его вклад. Выберите соотве... - Г) Эрвин Шрёдингер -> 2) Волновое уравнение и волнов	1	user_answer: 'Носова Анастасия - 4. Соотнесите учёного и его вкл...', matching_pair: 'Г) Эрвин Шрёдингер -> 2) Волновое уравнение и волн...', user_selected_right_text: '3) Квант энергии и постоянная h', selected_at: '2026-04-23 15:15:48.548015+00:00'	30	10
1403	2026-04-23 18:15:48.560561+03	181	Носова Анастасия - 4. Соотнесите учёного и его вклад. Выберите соотве...	2	score: 'None' -> '0'	27	10
1405	2026-04-23 18:16:20.752536+03	182	Носова Анастасия - 2. Какую фундаментальную константу ввёл Макс Планк...	1	user: 'Носова Анастасия', question: '2. Какую фундаментальную константу ввёл Макс Планк...', answer_text: 'None', answer_date: '2026-04-23 15:16:20.743963+00:00', attempt_number: '3', score: 'None'	27	10
1406	2026-04-23 18:16:20.769579+03	58	Носова Анастасия - 2. Какую фундаментальную константу ввёл Макс Планк... - В) Постоянную Планка	1	user_answer: 'Носова Анастасия - 2. Какую фундаментальную конста...', choice_option: 'В) Постоянную Планка', selected_at: '2026-04-23 15:16:20.767572+00:00'	34	10
1407	2026-04-23 18:16:20.781779+03	182	Носова Анастасия - 2. Какую фундаментальную константу ввёл Макс Планк...	2	score: 'None' -> '2'	27	10
1408	2026-04-23 18:16:20.791211+03	183	Носова Анастасия - 1. Какое явление классическая физика конца XIX век...	1	user: 'Носова Анастасия', question: '1. Какое явление классическая физика конца XIX век...', answer_text: 'None', answer_date: '2026-04-23 15:16:20.784568+00:00', attempt_number: '3', score: 'None'	27	10
1409	2026-04-23 18:16:20.799523+03	59	Носова Анастасия - 1. Какое явление классическая физика конца XIX век... - Б) Ультрафиолетовая катастрофа	1	user_answer: 'Носова Анастасия - 1. Какое явление классическая ф...', choice_option: 'Б) Ультрафиолетовая катастрофа', selected_at: '2026-04-23 15:16:20.797525+00:00'	34	10
1410	2026-04-23 18:16:20.81472+03	183	Носова Анастасия - 1. Какое явление классическая физика конца XIX век...	2	score: 'None' -> '1'	27	10
1411	2026-04-23 18:16:20.825715+03	184	Носова Анастасия - 3. Квадрат модуля волновой функции описывает _____...	1	user: 'Носова Анастасия', question: '3. Квадрат модуля волновой функции описывает _____...', answer_text: 'None', answer_date: '2026-04-23 15:16:20.818720+00:00', attempt_number: '3', score: 'None'	27	10
1412	2026-04-23 18:16:20.836721+03	184	Носова Анастасия - 3. Квадрат модуля волновой функции описывает _____...	2	answer_text: 'None' -> 'вероятность'	27	10
1413	2026-04-23 18:16:20.849717+03	184	Носова Анастасия - 3. Квадрат модуля волновой функции описывает _____...	2	score: 'None' -> '1'	27	10
1414	2026-04-23 18:16:20.859773+03	185	Носова Анастасия - 4. Соотнесите учёного и его вклад. Выберите соотве...	1	user: 'Носова Анастасия', question: '4. Соотнесите учёного и его вклад. Выберите соотве...', answer_text: 'None', answer_date: '2026-04-23 15:16:20.852718+00:00', attempt_number: '3', score: 'None'	27	10
1415	2026-04-23 18:16:20.872716+03	164	Носова Анастасия - 4. Соотнесите учёного и его вклад. Выберите соотве... - А) Макс Планк -> 3) Квант энергии и постоянная 	1	user_answer: 'Носова Анастасия - 4. Соотнесите учёного и его вкл...', matching_pair: 'А) Макс Планк -> 3) Квант энергии и постоянная ', user_selected_right_text: '3) Квант энергии и постоянная h', selected_at: '2026-04-23 15:16:20.870722+00:00'	30	10
1416	2026-04-23 18:16:20.880106+03	165	Носова Анастасия - 4. Соотнесите учёного и его вклад. Выберите соотве... - Б) Нильс Бор -> 4) Модель атома с дискретными 	1	user_answer: 'Носова Анастасия - 4. Соотнесите учёного и его вкл...', matching_pair: 'Б) Нильс Бор -> 4) Модель атома с дискретными ', user_selected_right_text: '4) Модель атома с дискретными орбитами', selected_at: '2026-04-23 15:16:20.878716+00:00'	30	10
1417	2026-04-23 18:16:20.887889+03	166	Носова Анастасия - 4. Соотнесите учёного и его вклад. Выберите соотве... - В) Альберт Эйнштейн -> 1) Объяснил фотоэффект (фотоны	1	user_answer: 'Носова Анастасия - 4. Соотнесите учёного и его вкл...', matching_pair: 'В) Альберт Эйнштейн -> 1) Объяснил фотоэффект (фот...', user_selected_right_text: '2) Волновое уравнение и волновая функция', selected_at: '2026-04-23 15:16:20.887001+00:00'	30	10
1418	2026-04-23 18:16:20.895889+03	167	Носова Анастасия - 4. Соотнесите учёного и его вклад. Выберите соотве... - Г) Эрвин Шрёдингер -> 2) Волновое уравнение и волнов	1	user_answer: 'Носова Анастасия - 4. Соотнесите учёного и его вкл...', matching_pair: 'Г) Эрвин Шрёдингер -> 2) Волновое уравнение и волн...', user_selected_right_text: '1) Объяснил фотоэффект (фотоны)', selected_at: '2026-04-23 15:16:20.894890+00:00'	30	10
1419	2026-04-23 18:16:20.906892+03	185	Носова Анастасия - 4. Соотнесите учёного и его вклад. Выберите соотве...	2	score: 'None' -> '1'	27	10
1420	2026-04-23 18:16:20.91789+03	61	Носова Анастасия - Тест №1 (попытка 3)	1	user: 'Носова Анастасия', test: 'Тест №1', completion_date: '2026-04-23 15:16:20.908889+00:00', final_score: '5', is_passed: 'None', attempt_number: '3', time_spent: 'None'	26	10
1421	2026-04-23 18:16:42.806773+03	186	Носова Анастасия - 2. Какую фундаментальную константу ввёл Макс Планк...	1	user: 'Носова Анастасия', question: '2. Какую фундаментальную константу ввёл Макс Планк...', answer_text: 'None', answer_date: '2026-04-23 15:16:42.797771+00:00', attempt_number: '4', score: 'None'	27	10
1422	2026-04-23 18:16:42.823765+03	186	Носова Анастасия - 2. Какую фундаментальную константу ввёл Макс Планк...	2	score: 'None' -> '0'	27	10
1423	2026-04-23 18:16:42.833938+03	187	Носова Анастасия - 1. Какое явление классическая физика конца XIX век...	1	user: 'Носова Анастасия', question: '1. Какое явление классическая физика конца XIX век...', answer_text: 'None', answer_date: '2026-04-23 15:16:42.827764+00:00', attempt_number: '4', score: 'None'	27	10
1424	2026-04-23 18:16:42.848032+03	187	Носова Анастасия - 1. Какое явление классическая физика конца XIX век...	2	score: 'None' -> '0'	27	10
1425	2026-04-23 18:16:42.859768+03	188	Носова Анастасия - 3. Квадрат модуля волновой функции описывает _____...	1	user: 'Носова Анастасия', question: '3. Квадрат модуля волновой функции описывает _____...', answer_text: 'None', answer_date: '2026-04-23 15:16:42.851768+00:00', attempt_number: '4', score: 'None'	27	10
1426	2026-04-23 18:16:42.873765+03	188	Носова Анастасия - 3. Квадрат модуля волновой функции описывает _____...	2	answer_text: 'None' -> 'вавыавы'	27	10
1427	2026-04-23 18:16:42.885911+03	188	Носова Анастасия - 3. Квадрат модуля волновой функции описывает _____...	2	score: 'None' -> '1'	27	10
1428	2026-04-23 18:16:42.896908+03	189	Носова Анастасия - 4. Соотнесите учёного и его вклад. Выберите соотве...	1	user: 'Носова Анастасия', question: '4. Соотнесите учёного и его вклад. Выберите соотве...', answer_text: 'None', answer_date: '2026-04-23 15:16:42.889908+00:00', attempt_number: '4', score: 'None'	27	10
1429	2026-04-23 18:16:42.91191+03	168	Носова Анастасия - 4. Соотнесите учёного и его вклад. Выберите соотве... - А) Макс Планк -> 3) Квант энергии и постоянная 	1	user_answer: 'Носова Анастасия - 4. Соотнесите учёного и его вкл...', matching_pair: 'А) Макс Планк -> 3) Квант энергии и постоянная ', user_selected_right_text: '2) Волновое уравнение и волновая функция', selected_at: '2026-04-23 15:16:42.909716+00:00'	30	10
1430	2026-04-23 18:16:42.919912+03	169	Носова Анастасия - 4. Соотнесите учёного и его вклад. Выберите соотве... - Б) Нильс Бор -> 4) Модель атома с дискретными 	1	user_answer: 'Носова Анастасия - 4. Соотнесите учёного и его вкл...', matching_pair: 'Б) Нильс Бор -> 4) Модель атома с дискретными ', user_selected_right_text: '1) Объяснил фотоэффект (фотоны)', selected_at: '2026-04-23 15:16:42.918908+00:00'	30	10
1431	2026-04-23 18:16:42.926909+03	170	Носова Анастасия - 4. Соотнесите учёного и его вклад. Выберите соотве... - В) Альберт Эйнштейн -> 1) Объяснил фотоэффект (фотоны	1	user_answer: 'Носова Анастасия - 4. Соотнесите учёного и его вкл...', matching_pair: 'В) Альберт Эйнштейн -> 1) Объяснил фотоэффект (фот...', user_selected_right_text: '3) Квант энергии и постоянная h', selected_at: '2026-04-23 15:16:42.925907+00:00'	30	10
1432	2026-04-23 18:16:42.933911+03	171	Носова Анастасия - 4. Соотнесите учёного и его вклад. Выберите соотве... - Г) Эрвин Шрёдингер -> 2) Волновое уравнение и волнов	1	user_answer: 'Носова Анастасия - 4. Соотнесите учёного и его вкл...', matching_pair: 'Г) Эрвин Шрёдингер -> 2) Волновое уравнение и волн...', user_selected_right_text: '4) Модель атома с дискретными орбитами', selected_at: '2026-04-23 15:16:42.933016+00:00'	30	10
1433	2026-04-23 18:16:42.94791+03	189	Носова Анастасия - 4. Соотнесите учёного и его вклад. Выберите соотве...	2	score: 'None' -> '0'	27	10
1434	2026-04-23 18:16:42.959508+03	62	Носова Анастасия - Тест №1 (попытка 4)	1	user: 'Носова Анастасия', test: 'Тест №1', completion_date: '2026-04-23 15:16:42.950910+00:00', final_score: '1', is_passed: 'None', attempt_number: '4', time_spent: 'None'	26	10
1435	2026-04-23 18:31:39.937997+03	7	Практическая задачаааа №1	2	practical_assignment_name: 'Практическая задача №1' -> 'Практическая задачаааа №1', assignment_deadline: '2026-04-10 20:54:50+00:00' -> 'None', updated_at: '2026-04-06 20:55:46.712039+00:00' -> '2026-04-23 15:31:39.931999+00:00'	18	4
1436	2026-04-23 18:33:04.25792+03	7	Практическая задача №1	2	practical_assignment_name: 'Практическая задачаааа №1' -> 'Практическая задача №1', updated_at: '2026-04-23 15:31:39.931999+00:00' -> '2026-04-23 15:33:04.252704+00:00'	18	4
1437	2026-04-23 18:33:39.126472+03	10	проверка теста	1	test_name: 'проверка теста', test_description: 'выащлыващлвыазщлыващлывазщ', is_final: 'True', lecture: 'новая', max_attempts: '10', grading_form: 'points', passing_score: '3', is_active: 'True', created_at: '2026-04-23 15:33:39.116473+00:00', updated_at: '2026-04-23 15:33:39.116473+00:00'	25	4
1438	2026-04-23 18:39:02.281016+03	18	авыаыва	1	test: 'проверка теста', question_text: 'авыаыва', answer_type: 'один ответ', question_score: '1', correct_text: '', question_order: '1'	19	4
1439	2026-04-23 18:39:14.12118+03	10	проверка теста	2	is_final: 'True' -> 'False', updated_at: '2026-04-23 15:33:39.116473+00:00' -> '2026-04-23 15:39:14.116181+00:00'	25	4
1440	2026-04-23 18:44:38.652285+03	10	Типы данныхвыавыаываываыва	1	lecture_name: 'Типы данныхвыавыаываываыва', lecture_content: 'гку гукшрпкщушрепукщшерщшукерукщшрещшукрещшукреуке...', lecture_document_path: '', lecture_order: '2', course: 'классная комната которая не должна отображаться', is_active: 'True', created_at: '2026-04-23 15:44:38.646993+00:00', updated_at: '2026-04-23 15:44:38.646993+00:00'	16	4
1441	2026-04-23 18:44:43.855848+03	10	Типы данныхвыавыаываываыва23	2	lecture_name: 'Типы данныхвыавыаываываыва' -> 'Типы данныхвыавыаываываыва23', updated_at: '2026-04-23 15:44:38.646993+00:00' -> '2026-04-23 15:44:43.852848+00:00'	16	4
1442	2026-04-23 18:45:12.272979+03	9	новое задание атвыдлаоыдвлаодывлаыва	1	practical_assignment_name: 'новое задание атвыдлаоыдвлаодывлаыва', practical_assignment_description: 'ываывалывалывжладыжлаждывлаждывладывлавыаываыва', assignment_document_path: '', assignment_criteria: 'все хорошо должно быть', lecture: 'Типы данныхвыавыаываываыва23', assignment_deadline: 'None', grading_type: 'points', max_score: '10', passing_score: '4', is_active: 'True', created_at: '2026-04-23 15:45:12.266979+00:00', updated_at: '2026-04-23 15:45:12.266979+00:00', is_can_pin_after_deadline: 'True'	18	4
1443	2026-04-23 18:45:23.277814+03	9	практическое задание для классной комнаты	2	practical_assignment_name: 'новое задание атвыдлаоыдвлаодывлаыва' -> 'практическое задание для классной комнаты', updated_at: '2026-04-23 15:45:12.266979+00:00' -> '2026-04-23 15:45:23.275675+00:00'	18	4
1444	2026-04-23 18:45:57.018244+03	11	новый тест проверка	1	test_name: 'новый тест проверка', test_description: 'описание теста', is_final: 'False', lecture: 'новая', max_attempts: 'None', grading_form: 'points', passing_score: '5', is_active: 'True', created_at: '2026-04-23 15:45:57.013244+00:00', updated_at: '2026-04-23 15:45:57.013244+00:00'	25	4
1445	2026-04-23 18:46:24.633016+03	19	крутой вопрос	1	test: 'новый тест проверка', question_text: 'крутой вопрос', answer_type: 'один ответ', question_score: '1', correct_text: '', question_order: '1'	19	4
1446	2026-04-23 18:56:12.395334+03	20	текст вопроса тест	1	test: 'новый тест проверка', question_text: 'текст вопроса тест', answer_type: 'текст', question_score: '1', correct_text: 'правильный ответ', question_order: '2'	19	4
1447	2026-04-23 19:02:28.693257+03	11	новый тест проверка!	2	test_name: 'новый тест проверка' -> 'новый тест проверка!', updated_at: '2026-04-23 15:45:57.013244+00:00' -> '2026-04-23 16:02:28.688245+00:00'	25	4
1448	2026-04-23 19:08:59.344933+03	10	проверка тестаааа	2	test_name: 'проверка теста' -> 'проверка тестаааа', updated_at: '2026-04-23 15:39:14.116181+00:00' -> '2026-04-23 16:08:59.339445+00:00'	25	4
1449	2026-04-23 19:26:35.875262+03	18	авыаываfdgdfg	2	question_text: 'авыаыва' -> 'авыаываfdgdfg'	19	4
1450	2026-04-23 19:54:00.05563+03	21	новый вопрос	1	test: 'проверка тестаааа', question_text: 'новый вопрос', answer_type: 'несколько ответов', question_score: '1', correct_text: '', question_order: '2'	19	4
1451	2026-04-23 20:06:23.641774+03	21	новый вопрос!!!!!!!!!тут	2	question_text: 'новый вопрос' -> 'новый вопрос!!!!!!!!!тут'	19	4
1452	2026-04-23 20:21:42.820613+03	21	новый вопрос!!!!!!!!!тут	3	Объект удален: новый вопрос!!!!!!!!!тут	19	4
\.


--
-- TOC entry 5249 (class 0 OID 225021)
-- Dependencies: 218
-- Data for Name: django_content_type; Type: TABLE DATA; Schema: public; Owner: postgres
--

COPY public.django_content_type (id, app_label, model) FROM stdin;
1	admin	logentry
2	auth	permission
3	auth	group
4	contenttypes	contenttype
5	sessions	session
6	unireax_main	viewassignmentsubmissions
7	unireax_main	viewcourselectures
8	unireax_main	viewcoursepracticalassignments
9	unireax_main	viewcoursetests
10	unireax_main	answertype
11	unireax_main	coursetype
12	unireax_main	user
13	unireax_main	assignmentstatus
14	unireax_main	coursecategory
15	unireax_main	course
16	unireax_main	lecture
17	unireax_main	passwordresetcode
18	unireax_main	practicalassignment
19	unireax_main	question
20	unireax_main	matchingpair
21	unireax_main	choiceoption
22	unireax_main	review
23	unireax_main	role
24	unireax_main	teacherassignmentfile
25	unireax_main	test
26	unireax_main	testresult
27	unireax_main	useranswer
28	unireax_main	usercourse
29	unireax_main	certificate
30	unireax_main	usermatchinganswer
31	unireax_main	userpracticalassignment
32	unireax_main	feedback
33	unireax_main	assignmentsubmissionfile
34	unireax_main	userselectedchoice
35	unireax_main	courseteacher
36	unireax_main	loginattempt
37	unireax_main	favoritecourse
38	unireax_main	teacherapplication
\.


--
-- TOC entry 5247 (class 0 OID 225013)
-- Dependencies: 216
-- Data for Name: django_migrations; Type: TABLE DATA; Schema: public; Owner: postgres
--

COPY public.django_migrations (id, app, name, applied) FROM stdin;
1	contenttypes	0001_initial	2026-01-20 15:54:51.427063+03
2	contenttypes	0002_remove_content_type_name	2026-01-20 15:54:51.435625+03
3	auth	0001_initial	2026-01-20 15:54:51.50409+03
4	auth	0002_alter_permission_name_max_length	2026-01-20 15:54:51.51109+03
5	auth	0003_alter_user_email_max_length	2026-01-20 15:54:51.519093+03
6	auth	0004_alter_user_username_opts	2026-01-20 15:54:51.52609+03
7	auth	0005_alter_user_last_login_null	2026-01-20 15:54:51.53409+03
8	auth	0006_require_contenttypes_0002	2026-01-20 15:54:51.536089+03
9	auth	0007_alter_validators_add_error_messages	2026-01-20 15:54:51.54209+03
10	auth	0008_alter_user_username_max_length	2026-01-20 15:54:51.549655+03
11	auth	0009_alter_user_last_name_max_length	2026-01-20 15:54:51.556657+03
12	auth	0010_alter_group_name_max_length	2026-01-20 15:54:51.568454+03
13	auth	0011_update_proxy_permissions	2026-01-20 15:54:51.57617+03
14	auth	0012_alter_user_first_name_max_length	2026-01-20 15:54:51.584165+03
15	unireax_main	0001_initial	2026-01-20 15:54:53.01553+03
16	admin	0001_initial	2026-01-20 15:54:53.077114+03
17	admin	0002_logentry_remove_auto_add	2026-01-20 15:54:53.094134+03
18	admin	0003_logentry_add_action_flag_choices	2026-01-20 15:54:53.114494+03
19	sessions	0001_initial	2026-01-20 15:54:53.135137+03
20	unireax_main	0002_remove_courseteacher_course_teacher_start_date_future_check_and_more	2026-01-25 19:13:51.038496+03
21	unireax_main	0003_alter_course_options_and_more	2026-02-01 01:33:58.185584+03
22	unireax_main	0004_remove_usercourse_user_course_registration_date_past_check_and_more	2026-02-01 01:40:28.268624+03
23	unireax_main	0005_remove_courseteacher_course_teacher_start_date_future_check_and_more	2026-02-09 00:16:50.343579+03
24	unireax_main	0006_remove_courseteacher_course_teacher_start_date_future_check_and_more	2026-02-10 00:47:04.218059+03
25	unireax_main	0007_remove_courseteacher_course_teacher_start_date_future_check_and_more	2026-02-15 15:50:22.418672+03
26	unireax_main	0008_usercourse_payment_id	2026-02-16 00:22:57.461811+03
27	unireax_main	0009_delete_viewassignmentsubmissions_and_more	2026-03-02 20:07:26.684366+03
28	unireax_main	0010_remove_courseteacher_course_teacher_start_date_future_check	2026-03-29 03:10:11.339608+03
29	unireax_main	0011_loginattempt	2026-04-03 04:17:32.113524+03
30	unireax_main	0012_favoritecourse	2026-04-13 20:42:13.909546+03
31	unireax_main	0013_alter_loginattempt_options_loginattempt_user_and_more	2026-04-22 03:55:19.716876+03
32	unireax_main	0014_teacherapplication	2026-04-22 13:45:20.937366+03
33	unireax_main	0015_course_is_find_teacher	2026-04-22 15:24:23.690397+03
\.


--
-- TOC entry 5314 (class 0 OID 225617)
-- Dependencies: 283
-- Data for Name: django_session; Type: TABLE DATA; Schema: public; Owner: postgres
--

COPY public.django_session (session_key, session_data, expire_date) FROM stdin;
dsue7n12lgua2pk25g6ratlyrv7ky1up	.eJxVjDsOwyAQBe9CHSFYfiZl-pwBLSwOTiKQjF1FvrtjyUXSvpl5HxZwXUpYe57DROzKJLv8bhHTK9cD0BPro_HU6jJPkR8KP2nn90b5fTvdv4OCvXxrSNn4qAizBuFROyestEqCTdr4waJ32oykMEnQVgwRBEpQBBFGowSybQfAqTbG:1viBGM:NuVbPJIPmbDES7hTU1t76h4R3Uu-sgFhieAcpMjTj9c	2026-02-03 15:55:14.35492+03
0nyews22rsf8n5rzpgcoeb5gwdfm6aa5	.eJxVjEEOwiAQRe_C2hBKaSku3XsGMswMFjVgSptojHc3JF3o9r_331t42NbZb5UXn0gcRScOv1sAvHFugK6QL0ViyeuSgmyK3GmV50J8P-3uX2CGOrf3SAND6I3tjdIw9NYCowkGo4UwOTWaCB2ZqPTkKGiDNCErihEHZx22aOVaU8men4-0vMSx08qNSn2-NSZBNg:1wAGOP:czJ5JMpuawYboYQowVnBSuYKGa8fytdvGyTPOmxSKMQ	2026-04-22 03:03:37.405425+03
umreexuzm4u29d4g77rruvyzav03xewq	.eJxVjDsOwyAQBe9CHSFYfiZl-pwBLSwOTiKQjF1FvrtjyUXSvpl5HxZwXUpYe57DROzKJLv8bhHTK9cD0BPro_HU6jJPkR8KP2nn90b5fTvdv4OCvXxrSNn4qAizBuFROyestEqCTdr4waJ32oykMEnQVgwRBEpQBBFGowSybQfAqTbG:1vl1WG:g_30BPq2vNwwE0BllXBRi9Kp8qwfwiTkva7UMkijra8	2026-02-11 12:07:24.880606+03
dn3y1biacvi9ho66dkloj66k3c1nppvx	.eJxVjDsOwyAQBe9CHSFYfiZl-pwBLSwOTiKQjF1FvrtjyUXSvpl5HxZwXUpYe57DROzKJLv8bhHTK9cD0BPro_HU6jJPkR8KP2nn90b5fTvdv4OCvXxrSNn4qAizBuFROyestEqCTdr4waJ32oykMEnQVgwRBEpQBBFGowSybQfAqTbG:1vlOWU:lXsC7NhF6AMpghVxCNbLvS7XTGZ_kTatoXqXH1WXa7c	2026-02-12 12:41:10.491159+03
h0spqt681o1004c09ke8t12a5634w5bb	.eJxVjMsOgjAQRf-la9OU0hcs3fsNzZSZkaophkKiMf67krDQ7T3nnpeIsC5jXCvNMaPoRaPE4XdMMFypbAQvUM6THKayzDnJTZE7rfI0Id2Ou_sXGKGO37dm1p0nVK23ZmCnySVGpU3rKWlrkJNCAGu7YBwHaFJgMD5gsI4N-y1aqdY8lUiPe56fom-06pxS7w9Ku0Dr:1wAGSF:geYSRQgKuUCWvDmBLyFZVrQQDffuxc8Y6XcbWQwY-DE	2026-04-22 03:07:35.824922+03
4yjmov4n0n9j2r827cq3r9p4n5kid8rs	.eJxVjDsOwyAQBe9CHSFYfiZl-pwBLSwOTiKQjF1FvrtjyUXSvpl5HxZwXUpYe57DROzKJLv8bhHTK9cD0BPro_HU6jJPkR8KP2nn90b5fTvdv4OCvXxrSNn4qAizBuFROyestEqCTdr4waJ32oykMEnQVgwRBEpQBBFGowSybQfAqTbG:1vmD5u:9iQUC2fixzYGc14_zuhc1_b6nWYhwum0roEDWtKGQ6E	2026-02-14 18:41:06.659206+03
wbp7vj1ityu76btwnn4wuvx8s14eg8je	.eJxVjDsOwyAQBe9CHSFYfiZl-pwBLSwOTiKQjF1FvrtjyUXSvpl5HxZwXUpYe57DROzKJLv8bhHTK9cD0BPro_HU6jJPkR8KP2nn90b5fTvdv4OCvXxrSNn4qAizBuFROyestEqCTdr4waJ32oykMEnQVgwRBEpQBBFGowSybQfAqTbG:1vniwC:rQbrMHHBURTI_KhpCOMWC5gcCNeMCgK1OUCzYDR1n4w	2026-02-18 22:53:20.824169+03
1s281fgopa63on6nm3kta7dwi6yu3c7i	.eJxVjEEOwiAQRe_C2hBahgIu3fcMZJgBqZqSlHZlvLsh6UK3_7333yLgsZdwtLSFhcVVDOLyu0WkZ1o74Aeu9yqprvu2RNkVedIm58rpdTvdv4OCrfR6YpMwarAa1IhGW4uJIAJli9F5NUHGgSGr0XmOIxA7SopzJuOtJ_H5AviROMc:1vrc3q:WARCFAMSyRS5ujPBEl594k8dgY7GFCIv5YA47OQQ750	2026-03-01 16:21:18.985365+03
bceahhvapzdezbkf23nffsnyht2gfwp6	.eJxVjEEOwiAQRe_C2hBahgIu3fcMZJgBqZqSlHZlvLsh6UK3_7333yLgsZdwtLSFhcVVDOLyu0WkZ1o74Aeu9yqprvu2RNkVedIm58rpdTvdv4OCrfR6YpMwarAa1IhGW4uJIAJli9F5NUHGgSGr0XmOIxA7SopzJuOtJ_H5AviROMc:1vx7WM:OlCR4yF9Pniju5M9z32URvxV8hruYvvodNlCA2NnQKY	2026-03-16 20:57:30.484925+03
51pb36fcdpy0h703868y00pu7v2knexj	.eJxVjEEOwiAQRe_C2hBKaSku3XsGMswMFjVgSptojHc3JF3o9r_331t42NbZb5UXn0gcRScOv1sAvHFugK6QL0ViyeuSgmyK3GmV50J8P-3uX2CGOrf3SAND6I3tjdIw9NYCowkGo4UwOTWaCB2ZqPTkKGiDNCErihEHZx22aOVaU8men4-0vMSx08qNSn2-NSZBNg:1w8HF3:AbBW78lgSClTgBEdVIXtgtSsIyi7xjo4LqdbfRXac1E	2026-04-16 15:33:45.743269+03
7rubbwukd02wel5wovozum6k6l7vm2rh	.eJxVjEEOwiAQRe_C2hBKaSku3XsGMswMFjVgSptojHc3JF3o9r_331t42NbZb5UXn0gcRScOv1sAvHFugK6QL0ViyeuSgmyK3GmV50J8P-3uX2CGOrf3SAND6I3tjdIw9NYCowkGo4UwOTWaCB2ZqPTkKGiDNCErihEHZx22aOVaU8men4-0vMSx08qNSn2-NSZBNg:1w8HFo:AZR_ia3QpVT65QhZyUvqhplw6t25y6QhU7xRfVRyzKU	2026-04-16 15:34:32.290038+03
e0tscwi2rrwk1102899r6ryv5hcafkjv	.eJxVjDsOwjAQRO_iGlmxs_GHkp4zWGvvihiQjeJEAiHuTiKlgGaKmTfvLQIu8xiWxlPIJI4CxOG3i5huXLaBrlguVaZa5ilHuSFyX5s8V-L7aWf_BCO2cX0zoUuaLAyKHSYg26MyTiOg097BGtb45HuviIcIxnGyaAB6irqjYZM2bi3XEvj5yNNLHJXuvOm6zxf_2T_7:1wFcbS:9g9GRWJKMJp2gW9GQrda86TwEsLjOoLD_Pp_oohqQJ8	2026-05-06 21:47:14.995446+03
xjp1dt1bpo3mi0qk6508g6z8ixvy8zpj	.eJxVjEEOwiAQRe_C2hBKaSku3XsGMswMFjVgSptojHc3JF3o9r_331t42NbZb5UXn0gcRScOv1sAvHFugK6QL0ViyeuSgmyK3GmV50J8P-3uX2CGOrf3SAND6I3tjdIw9NYCowkGo4UwOTWaCB2ZqPTkKGiDNCErihEHZx22aOVaU8men4-0vMSx08qNSn2-NSZBNg:1vxT7q:0u4R3tdANYuDsAbflkQWPz0jjMEOC6mxQDP8vCwvExk	2026-03-17 20:01:38.663818+03
qk0wyviywt1w51ni5cqrtpj18ypb9by4	.eJxVjMsOwiAQRf-FtSEw0Md06d5vIFMYLGrAlDbRGP9dm3Sh23vOPS_haF0mt1aeXQpiEGDF4XccyV85byRcKJ-L9CUvcxrlpsidVnkqgW_H3f0LTFSn79toVIEIDKJtDTHEYEmp2HZN75EZdYO-wxHIaoTYE1vQRnU6UNMTxC1audZUsuPHPc1PMWhQ2Cr1_gAXP0AW:1w5B0y:xw6_KVjQAy01nyshTeP9aeUE_Aff30eC4yHQNuT-Vo4	2026-04-08 02:18:24.528203+03
auu7h5st927b9zu71gew7p39q53igspu	.eJxVjDsOwjAQRO_iGlmxs_GHkp4zWGvvihiQjeJEAiHuTiKlgGaKmTfvLQIu8xiWxlPIJI4CxOG3i5huXLaBrlguVaZa5ilHuSFyX5s8V-L7aWf_BCO2cX0zoUuaLAyKHSYg26MyTiOg097BGtb45HuviIcIxnGyaAB6irqjYZM2bi3XEvj5yNNLHJXuvOm6zxf_2T_7:1w5Ppk:mnVn58tWSOykMyP8nuHGLm1a3nbKySlz-P9_iAJSlbs	2026-04-08 18:07:48.794484+03
7os0gi79zdp9cs916tjahdyp8lq4fpol	.eJxVjEEOwiAQRe_C2hDa0lK6dO8ZyDAzWNRAU9pEY7y7IelCt_-9_97Cwb7Nbi-8ukhiEo04_W4e8M6pArpBumaJOW1r9LIq8qBFXjLx43y4f4EZylzfA_UMvtOm06qFvjMGGLXXGAz40apBB2hIB9WOlnyrkUZkRSFgb43FGi1cSszJ8XOJ60tM6vMFsnNABA:1w06RF:szfhhaSGJ5LuQXda2Lnv1skKc4rigjoR8BhLLvmIQmk	2026-03-25 02:24:33.61493+03
0ixbo5yh3zxi2ieyuivu4nfmbaonevmv	.eJxVjEEOwiAQRe_C2hBahgIu3fcMZJgBqZqSlHZlvLsh6UK3_7333yLgsZdwtLSFhcVVDOLyu0WkZ1o74Aeu9yqprvu2RNkVedIm58rpdTvdv4OCrfR6YpMwarAa1IhGW4uJIAJli9F5NUHGgSGr0XmOIxA7SopzJuOtJ_H5AviROMc:1w0cNz:GH74OwU5dajADVj_5DgCDXWMTQFYbU5P4s6GT3HvAhQ	2026-03-26 12:31:19.638519+03
ennxgmvx7671ui37cyu1m6e4ayp6cn36	.eJxVjMsOgjAQRf-la9OU0hcs3fsNzZSZkaophkKiMf67krDQ7T3nnpeIsC5jXCvNMaPoRaPE4XdMMFypbAQvUM6THKayzDnJTZE7rfI0Id2Ou_sXGKGO37dm1p0nVK23ZmCnySVGpU3rKWlrkJNCAGu7YBwHaFJgMD5gsI4N-y1aqdY8lUiPe56fom-06pxS7w9Ku0Dr:1w9TPB:Hc6NQxWXVrYpJptaja_Vj7Glgf5uz5RbVvLiVBG4Wzs	2026-04-19 22:45:09.416452+03
kh1kb20jy5nva1ph4yhi8rkxhsfrs7pc	.eJxVjEEOwiAQRe_C2hBKaSku3XsGMswMFjVgSptojHc3JF3o9r_331t42NbZb5UXn0gcRScOv1sAvHFugK6QL0ViyeuSgmyK3GmV50J8P-3uX2CGOrf3SAND6I3tjdIw9NYCowkGo4UwOTWaCB2ZqPTkKGiDNCErihEHZx22aOVaU8men4-0vMSx08qNSn2-NSZBNg:1w13Kc:VjwzHo5fU9gCemw01CCQbnpicZwHLzAFM49atOQkj-M	2026-03-27 17:17:38.354689+03
be8ddyt2xs7cqtjipmwerx8vllvzf9ds	.eJxVjEEOwiAQRe_C2hBKaSku3XsGMswMFjVgSptojHc3JF3o9r_331t42NbZb5UXn0gcRScOv1sAvHFugK6QL0ViyeuSgmyK3GmV50J8P-3uX2CGOrf3SAND6I3tjdIw9NYCowkGo4UwOTWaCB2ZqPTkKGiDNCErihEHZx22aOVaU8men4-0vMSx08qNSn2-NSZBNg:1w1tHC:GvLZ9rOSmvX6hNd7qJiONzKQ0GtRpy3k7-6EqycwI00	2026-03-30 00:45:34.916765+03
rbsv0v3e7yfw89o65cm0xmdm2c5k7qkz	eyJ2ZXJpZmljYXRpb25fZW1haWwiOiJndWl6bm90ZXNAbWFpbC5ydSJ9:1w8cA1:Dq1QNmZOH2sZIO0yLLcSgr6PPPiQCpNdBaXZ1bBTqD4	2026-04-17 13:53:57.871745+03
yc9h97oqcs41umsdea7sxuqc8t15xy13	.eJxVjEEOwiAQRe_C2hBKaSku3XsGMswMFjVgSptojHc3JF3o9r_331t42NbZb5UXn0gcRScOv1sAvHFugK6QL0ViyeuSgmyK3GmV50J8P-3uX2CGOrf3SAND6I3tjdIw9NYCowkGo4UwOTWaCB2ZqPTkKGiDNCErihEHZx22aOVaU8men4-0vMSx08qNSn2-NSZBNg:1w53Xg:wK2EbQwkn1itZMRnNfbBEXFtBsNxUqKoQRolcmaLrRU	2026-04-07 18:19:40.853236+03
nw5y5wxnrvg1r3m5y9p3js042m7ud4d8	.eJxVjMsOgjAQRf-la9OU0hcs3fsNzZSZkaophkKiMf67krDQ7T3nnpeIsC5jXCvNMaPoRaPE4XdMMFypbAQvUM6THKayzDnJTZE7rfI0Id2Ou_sXGKGO37dm1p0nVK23ZmCnySVGpU3rKWlrkJNCAGu7YBwHaFJgMD5gsI4N-y1aqdY8lUiPe56fom-06pxS7w9Ku0Dr:1wAGQP:1JzhHrMN5bGMloihqhDmi4oyPetls3qzlSvPpKoJG5I	2026-04-22 03:05:41.80453+03
dpzfv8nlit1avgtxi69ph9oh6wo81im9	.eJxVjEEOgyAURO_CujGIiOCy-56BfPg_SmvBgCZtmt692rhxM4t5b-bDJiiLndIQol0L5QhPYj2bM80J2YVZWJfxT2zADchz58A_KO4A7xCHVPkUlxxctSvVQUt1S0jT9XBPByOUcVsTgvYCO9nWpMFL7BqolRYgQQuj5RadMt40pkZqnVSafAdKygad4Njup4VKCSlaes0hv1lfC24U598fhTRLXg:1wFvtB:7XpcNeBlTLTdug2xwD7yCBdqvOuRKWTyNx1MRHqUbSM	2026-05-07 18:22:49.341608+03
h24mpppo4od7dfm4v76raxdyl798fx56	.eJxVjMEOgyAQBf-Fc2MQUcRj7_0GsrCL0lpoRJM2Tf-9pfHidWbee7MZ8mrmNIZotkxLhDuxgQHeQ2QnZmBbp78wAX-8PjIL7kaxCLxCHFPlUlyXYKuSVLvN1SUhzee9PRxMkKey7rAlsI1UjeQC2kYpICetdF6B7TXvpIcapeei12iFdNg74ui9a7XSrpxmyjmkaOj5CMuLDbXguuP88wVKoUwY:1wFy7y:us6ht8ai6XBUS6SVgMrbkwPT71nMK5Zyu6EkTuXTnQo	2026-05-07 20:46:14.791998+03
sm53ex9qojme4dlf1raj7yd0vwu5dk46	.eJxVjMsOgjAQRf-la9OU0hcs3fsNzZSZkaophkKiMf67krDQ7T3nnpeIsC5jXCvNMaPoRaPE4XdMMFypbAQvUM6THKayzDnJTZE7rfI0Id2Ou_sXGKGO37dm1p0nVK23ZmCnySVGpU3rKWlrkJNCAGu7YBwHaFJgMD5gsI4N-y1aqdY8lUiPe56fom-06pxS7w9Ku0Dr:1wCRMH:kBBgJMoGXSmr-jcBVcEoYOKk47y58-aDXevTTomOa2M	2026-04-28 03:10:25.931477+03
\.


--
-- TOC entry 5318 (class 0 OID 294244)
-- Dependencies: 287
-- Data for Name: favorite_course; Type: TABLE DATA; Schema: public; Owner: postgres
--

COPY public.favorite_course (id, added_at, course_id, user_id) FROM stdin;
3	2026-04-13 20:45:15.455314+03	8	3
8	2026-04-14 03:20:19.375137+03	1	10
\.


--
-- TOC entry 5305 (class 0 OID 225285)
-- Dependencies: 274
-- Data for Name: feedback; Type: TABLE DATA; Schema: public; Owner: postgres
--

COPY public.feedback (id, score, is_passed, comment_feedback, given_at, given_by_id, user_practical_assignment_id) FROM stdin;
2	5	\N	клево	2026-02-09 01:44:50.057409+03	4	3
5	5	\N	маладес	2026-02-10 01:17:28.487062+03	4	6
6	7	\N	маладес	2026-02-11 22:03:27.21921+03	4	7
1	5	\N	круто	2026-02-02 23:41:39.798039+03	4	1
12	7	\N	маладес!	2026-02-15 16:21:25.163117+03	1	10
15	7	\N	супер	2026-02-16 19:15:40.70186+03	1	12
16	7	\N	супер	2026-02-16 19:20:43.948097+03	1	13
18	7	\N	супер	2026-02-16 19:39:04.171053+03	1	14
19	7	\N	супер	2026-02-16 20:02:51.780983+03	1	15
3	5	\N	klass	2026-04-04 17:59:59.358738+03	4	4
4	10	\N	молодец ваще!!!	2026-04-05 03:47:55.560929+03	4	5
13	9	\N	супер	2026-02-15 23:25:29.590673+03	1	11
23	9	\N	молодец	2026-04-14 00:03:16.567289+03	4	19
24	9	\N		2026-04-14 00:04:05.192168+03	4	18
25	9	\N	молодеццц	2026-04-14 00:04:18.364578+03	4	16
27	\N	t	суперррр	2026-04-20 02:16:50.127326+03	4	24
28	0	\N	[РЕАБИЛИТАЦИЯ] все хорошо	2026-04-23 03:48:59.71336+03	4	2
\.


--
-- TOC entry 5273 (class 0 OID 225146)
-- Dependencies: 242
-- Data for Name: lecture; Type: TABLE DATA; Schema: public; Owner: postgres
--

COPY public.lecture (id, lecture_name, lecture_content, lecture_document_path, lecture_order, is_active, created_at, updated_at, course_id) FROM stdin;
1	Типы данных	выавыавыавыаываывавыаывыавыаываывыаываываываывавыавыа	lectures/2026/02/02/ERD-DIPLOM.pdf	1	t	2026-02-02 14:11:49.979508+03	2026-02-02 23:52:05.287438+03	1
2	лекция1	очень круто прям ващеееееееееееееееееееееееееееее!!!!!!!!!!!!!!!!!!!!!!!!!!	lectures/2026/02/10/Графы.docx	1	t	2026-02-10 01:07:06.411609+03	2026-02-10 01:07:06.411609+03	5
3	проверка лекции	выавырашвыащшывагщывшагвышаовыдлаодыводвыоаывдаоывдлоавыдоавыдлоадывлоадывоадвыоадывоадылвоалдвыоадывоаывавыа	lectures/2026/02/11/мм_лекции.docx	1	t	2026-02-11 21:52:58.51297+03	2026-02-11 21:52:58.51297+03	8
4	тест лекции	Лекция — это систематическое, последовательное и устное изложение учебного материала, научной темы или проблемы преподавателем (лектором). Это традиционная форма обучения, чаще всего применяемая в вузах для подачи теоретической информации, сопровождаемая конспектированием слушателями. \r\n\r\nОсновные особенности лекции:\r\nМонологическая форма: Преобладает речь лектора, ориентированная на большую аудиторию.\r\nСтруктурированность: Логичное изложение материала с выделением главных мыслей, определений и выводов.\r\nЦель: Определение основ научных знаний, структуры курса и развитие способности мыслить у студентов.\r\nВиды: Бывают вводные, обзорные, проблемные, лекции-информации. \r\n\r\nЛекция может включать демонстрацию пособий, слайдов и использование технических средств, а также предполагать активное вовлечение слушателей через вопросы.	lectures/2026/03/23/ПР8_Цена_ПП.docx	1	t	2026-03-23 13:01:06.477991+03	2026-03-23 13:01:06.477991+03	9
5	тест лекции!	тут находится какое-то содержание лекции тут текст лекции и его содержание	lectures/2026/03/25/certificate_CERT-20251129215309-VP9FH6_1.pdf	1	t	2026-03-25 00:48:45.600734+03	2026-03-25 01:34:48.57666+03	7
6	тест лекции	sfsdfsdfsdfdsfsdfsdfdfsdfsdfsdfdsfsdfsdfdsfsdfdsfsdfsdfdsfsdfsdfdfsdfsdfsdfdsf		1	t	2026-04-04 21:48:10.741758+03	2026-04-04 21:48:10.741758+03	10
7	Лекция №1	Квантовая физика — раздел теоретической физики, в котором изучаются квантово-механические и квантово-полевые системы и законы их движения. \r\n\r\nНекоторые идеи квантовой физики:\r\nЭнергия (например, света или тепла) поглощается и испускается не непрерывным потоком, а маленькими неделимыми порциями — квантами.\r\nМикрообъекты ведут себя и как частицы, и как волны в зависимости от того, как их «спрашивают» (ставят эксперимент). Например, электрон или фотон — это и частица, и волна одновременно.\r\n\r\nДве или более частицы могут быть связаны («запутанны») так тесно, что изменение состояния одной мгновенно влияет на состояние другой, даже если их разнести на огромные расстояния.\r\nНевозможно с абсолютной точностью измерить одновременно пару взаимосвязанных величин, например, положение частиц и её импульс. Чем точнее измеряем одно, тем неопределеннее становится другое.	lectures/2026/04/06/лекция1.docx	1	t	2026-04-06 23:53:40.124664+03	2026-04-06 23:53:40.124664+03	11
8	новая	выаывавыаоываовыаощшвыоащшвыоашыщвоаывывыфвыфвывавыаыва		1	t	2026-04-22 15:43:40.940837+03	2026-04-22 15:43:40.940837+03	12
9	тест лекции2345678	gfhhhfggfhhgfhgghgfhfhghfghhhffggghhjythhgrrthgggggg		1	t	2026-04-22 18:54:36.553114+03	2026-04-22 18:54:36.553114+03	13
10	Типы данныхвыавыаываываыва23	гку гукшрпкщушрепукщшерщшукерукщшрещшукрещшукреукеукеуке		2	t	2026-04-23 18:44:38.646993+03	2026-04-23 18:44:43.852848+03	12
\.


--
-- TOC entry 5316 (class 0 OID 286036)
-- Dependencies: 285
-- Data for Name: login_attempts; Type: TABLE DATA; Schema: public; Owner: postgres
--

COPY public.login_attempts (id, username, ip_address, attempt_time, success, user_id) FROM stdin;
209	fdsfds	127.0.0.1	2026-04-23 02:59:23.104255+03	f	\N
210	prepod	127.0.0.1	2026-04-23 03:45:12.238108+03	t	4
211	admin	127.0.0.1	2026-04-23 04:03:17.07548+03	t	1
212	admin	127.0.0.1	2026-04-23 04:05:02.274119+03	t	1
213	astraaaaa	127.0.0.1	2026-04-23 04:05:48.002656+03	t	39
214	admin	127.0.0.1	2026-04-23 04:11:04.839751+03	t	1
215	test4	127.0.0.1	2026-04-23 04:13:50.13297+03	t	14
216	test5	127.0.0.1	2026-04-23 04:14:12.551873+03	t	15
217	met	127.0.0.1	2026-04-23 04:19:15.525507+03	t	24
218	nastya123	127.0.0.1	2026-04-23 04:29:38.339672+03	t	10
219	nastya123	127.0.0.1	2026-04-23 15:01:48.81836+03	t	10
220	admin	127.0.0.1	2026-04-23 15:03:38.763777+03	t	1
221	nastya123	127.0.0.1	2026-04-23 15:03:57.434763+03	t	10
222	prepod	127.0.0.1	2026-04-23 17:05:11.359717+03	t	4
223	nastya123	127.0.0.1	2026-04-23 17:18:30.732511+03	t	10
224	admin	127.0.0.1	2026-04-23 17:51:22.405005+03	t	1
225	nastya123	127.0.0.1	2026-04-23 17:52:46.76121+03	t	10
226	prepod	127.0.0.1	2026-04-23 18:22:49.302568+03	t	4
227	prepod	127.0.0.1	2026-04-23 18:31:15.902716+03	t	4
228	admin	127.0.0.1	2026-04-23 20:46:14.739596+03	t	1
\.


--
-- TOC entry 5281 (class 0 OID 225176)
-- Dependencies: 250
-- Data for Name: matching_pair; Type: TABLE DATA; Schema: public; Owner: postgres
--

COPY public.matching_pair (id, left_text, right_text, question_id) FROM stdin;
1	int	целочисленный	3
2	double	с плавающей точкой	3
3	string	строка	3
4	runserver	запуск проекта	6
5	migrate	выполнить миграции в бд	6
6	makemigrations	создать миграции	6
7	привет	приветствие	8
8	пока-пока	что надо сказать перед тем как уйти	8
9	вежливое приветствие	здравствуйте	8
10	А) Макс Планк	3) Квант энергии и постоянная h	15
11	Б) Нильс Бор	4) Модель атома с дискретными орбитами	15
12	В) Альберт Эйнштейн	1) Объяснил фотоэффект (фотоны)	15
13	Г) Эрвин Шрёдингер	2) Волновое уравнение и волновая функция	15
\.


--
-- TOC entry 5275 (class 0 OID 225154)
-- Dependencies: 244
-- Data for Name: password_reset_code; Type: TABLE DATA; Schema: public; Owner: postgres
--

COPY public.password_reset_code (id, code, created_at, is_used, user_id, expires_at) FROM stdin;
21	550663	2026-02-24 01:55:01.946289+03	t	18	2026-02-24 02:10:01.943351+03
\.


--
-- TOC entry 5277 (class 0 OID 225160)
-- Dependencies: 246
-- Data for Name: practical_assignment; Type: TABLE DATA; Schema: public; Owner: postgres
--

COPY public.practical_assignment (id, practical_assignment_name, practical_assignment_description, assignment_document_path, assignment_criteria, assignment_deadline, grading_type, max_score, is_active, created_at, updated_at, is_can_pin_after_deadline, lecture_id, passing_score) FROM stdin;
1	новое задание!	ыавыавыавывыавыавыавыавыавыавыаы	assignments/2026/02/02/Практическая_работа_8.docx	надо много чего сделать	\N	points	5	t	2026-02-02 14:22:12.163948+03	2026-02-02 14:22:12.163948+03	t	1	\N
2	новое задание 1	выаывавыавыаываываывавыаывавыа	assignments/2026/02/03/certificate_CERT-20251122173424-3RH854.pdf		\N	points	10	t	2026-02-03 00:57:44.75007+03	2026-02-03 00:57:44.75007+03	t	1	\N
3	практос джанго1	прикрепите тестовый проект с лекционной пары	assignments/2026/02/10/Практическая_работа_8.docx	всё по красоте	\N	points	10	t	2026-02-10 01:14:10.613624+03	2026-02-10 01:14:10.613624+03	t	2	5
4	проверка задания1	ыларывларвлыоарывлоарловыарвывщхуцшкцеурпшавьылхцушку9г0еп8ауш0-3459гепшалдвьупавв	assignments/2026/02/11/мм_лекции.docx	должно быть все хорошо	\N	points	10	t	2026-02-11 21:57:50.329493+03	2026-02-11 21:57:50.329493+03	t	3	5
5	новое задание!	dsfdsfsdfsdfdsfsdfsdfsdfsdf	assignments/2026/03/24/popular_courses_2026-02-21_2026-03-23.pdf	dfsfsdfsdfsdfdsfsfsdf	\N	points	10	t	2026-03-24 16:27:37.498578+03	2026-03-24 16:27:37.498578+03	f	4	5
6	новое задание	тут описание нового практического задания	assignments/2026/03/25/статистика_оценок_2026-02-22_по_2026-03-24.pdf	тут критерии оценки	\N	points	10	t	2026-03-25 01:36:28.432234+03	2026-03-25 01:36:28.432234+03	f	5	5
8	новое задание21312312312	ываывавыаываывавыаываывава		ррррррр	2026-04-22 19:58:00+03	points	10	t	2026-04-22 15:44:51.291022+03	2026-04-22 19:57:54.917691+03	t	8	4
7	Практическая задача №1	Выполните и прикрепите выполненное задание.	assignments/2026/04/06/лекция1.docx	Всё должно быть хорошо.	\N	pass_fail	\N	t	2026-04-06 23:55:16.113644+03	2026-04-23 18:33:04.252704+03	t	7	\N
9	практическое задание для классной комнаты	ываывалывалывжладыжлаждывлаждывладывлавыаываыва		все хорошо должно быть	\N	points	10	t	2026-04-23 18:45:12.266979+03	2026-04-23 18:45:23.275675+03	t	10	4
\.


--
-- TOC entry 5279 (class 0 OID 225168)
-- Dependencies: 248
-- Data for Name: question; Type: TABLE DATA; Schema: public; Owner: postgres
--

COPY public.question (id, question_text, question_score, correct_text, question_order, answer_type_id, test_id) FROM stdin;
1	int это?	5		1	1	1
2	double - это?	5		2	1	1
3	сопоставьте варианты ответов	1		3	4	1
4	как называется команда для запуска сервера проекта	1	runserver	1	3	2
5	int - это?	1		2	1	2
6	сопоставьте джанго команды с их описанием	1		3	4	2
7	напишите привет	1	привет	1	3	3
8	сопоставьте слова по смыслу	5		2	4	3
9	как жизнь	1		3	1	3
11	апвпвап	1		1	2	4
12	1. Какое явление классическая физика конца XIX века не могла объяснить, что привело к кризису?	1		1	1	8
13	2. Какую фундаментальную константу ввёл Макс Планк в 1900 году?	2		2	1	8
14	3. Квадрат модуля волновой функции описывает __________ нахождения частицы в данной точке пространства.\r\n\r\nВпишите в поле ответа одно слово с маленькой буквы и без лишних символов.	1	вероятность	3	3	8
15	4. Соотнесите учёного и его вклад. Выберите соответствующие ответы напротив каждого варианта.	2		4	4	8
16	привет	1	хай	1	3	9
17	как дела?	1		2	1	9
19	крутой вопрос	1		1	1	11
20	текст вопроса тест	1	правильный ответ	2	3	11
18	авыаываfdgdfg	1		1	1	10
\.


--
-- TOC entry 5285 (class 0 OID 225192)
-- Dependencies: 254
-- Data for Name: review; Type: TABLE DATA; Schema: public; Owner: postgres
--

COPY public.review (id, rating, publish_date, comment_review, is_approved, course_id, user_id) FROM stdin;
1	5	2026-02-09 14:42:52+03	круто классно	t	1	3
3	5	2026-02-15 21:04:13.984209+03	хороший курс	t	8	9
4	5	2026-02-16 02:10:01.093495+03	крутой курс, но хотелось бы больше материала!!!!!	t	8	10
5	5	2026-03-04 01:10:36.007538+03	круто	f	8	1
8	5	2026-04-14 03:35:03.706314+03	круто!!!!!	t	11	10
\.


--
-- TOC entry 5287 (class 0 OID 225200)
-- Dependencies: 256
-- Data for Name: role; Type: TABLE DATA; Schema: public; Owner: postgres
--

COPY public.role (id, role_name) FROM stdin;
1	администратор
2	методист
3	преподаватель
4	слушатель курсов
\.


--
-- TOC entry 5320 (class 0 OID 302459)
-- Dependencies: 289
-- Data for Name: teacher_application; Type: TABLE DATA; Schema: public; Owner: postgres
--

COPY public.teacher_application (id, status, comment, created_at, updated_at, course_id, teacher_id) FROM stdin;
4	approved	\N	2026-04-22 14:30:05.595384+03	2026-04-22 14:30:40.487424+03	13	4
\.


--
-- TOC entry 5289 (class 0 OID 225216)
-- Dependencies: 258
-- Data for Name: teacher_assignment_file; Type: TABLE DATA; Schema: public; Owner: postgres
--

COPY public.teacher_assignment_file (id, file_path, original_filename, file_type, uploaded_at, file_size, is_active, practical_assignment_id, uploaded_by_id) FROM stdin;
\.


--
-- TOC entry 5291 (class 0 OID 225224)
-- Dependencies: 260
-- Data for Name: test; Type: TABLE DATA; Schema: public; Owner: postgres
--

COPY public.test (id, test_name, test_description, is_final, max_attempts, grading_form, passing_score, is_active, created_at, updated_at, lecture_id) FROM stdin;
1	Типы данных	крутой тест	f	10	points	10	t	2026-02-02 23:42:03.339475+03	2026-02-02 23:42:03.339475+03	1
2	джанго начало	крутой тест	f	15	points	5	t	2026-02-10 01:09:03.565398+03	2026-02-10 01:09:03.565398+03	2
3	тест_проверка1	цкуекнегншлорпарглварвылоарлвоыраолыварываываываываыва	f	10	points	5	t	2026-02-11 21:53:22.307341+03	2026-02-11 21:53:22.307341+03	3
4	тест	пупупупупуп	f	\N	points	10	t	2026-03-23 18:53:23.314102+03	2026-03-23 18:53:23.314102+03	4
5	тест теста	новый тест	f	\N	points	5	t	2026-03-25 01:37:07.946188+03	2026-03-25 01:37:07.946188+03	4
6	тест теста	описание теста	f	\N	points	10	t	2026-03-25 01:43:45.774456+03	2026-03-25 01:50:52.638211+03	4
7	dsfdsf	sdfdsfsdfsdf	f	\N	points	10	t	2026-03-25 01:51:30.076429+03	2026-03-25 01:51:30.076429+03	5
8	Тест №1	Ответьте на все вопросы теста.	f	20	points	4	t	2026-04-06 23:56:42.223076+03	2026-04-06 23:56:42.223076+03	7
9	аналитика тест	выаывавыавыаываываываываываыва	f	10	pass_fail	\N	t	2026-04-08 21:27:16.407283+03	2026-04-08 21:27:16.407283+03	5
11	новый тест проверка!	описание теста	f	\N	points	5	t	2026-04-23 18:45:57.013244+03	2026-04-23 19:02:28.688245+03	8
10	проверка тестаааа	выащлыващлвыазщлыващлывазщ	f	10	points	3	t	2026-04-23 18:33:39.116473+03	2026-04-23 19:08:59.339445+03	8
\.


--
-- TOC entry 5293 (class 0 OID 225237)
-- Dependencies: 262
-- Data for Name: test_result; Type: TABLE DATA; Schema: public; Owner: postgres
--

COPY public.test_result (id, completion_date, final_score, is_passed, attempt_number, time_spent, test_id, user_id) FROM stdin;
1	2026-02-03 02:30:14.037713+03	0	\N	1	20	1	3
2	2026-02-03 15:33:31.398689+03	0	\N	2	16	1	3
3	2026-02-03 16:03:37.630764+03	0	\N	3	20	1	3
4	2026-02-03 16:09:08.349529+03	0	\N	4	2	1	3
5	2026-02-03 16:33:45.576703+03	0	\N	5	3	1	3
6	2026-02-07 22:11:17.616518+03	11	\N	6	9	1	3
7	2026-02-07 22:16:11.624041+03	11	\N	7	8	1	3
8	2026-02-07 22:26:40.635037+03	11	\N	8	12	1	3
9	2026-02-08 02:24:16.072698+03	11	\N	9	12	1	3
13	2026-02-08 03:07:31.017032+03	11	\N	10	8	1	3
14	2026-02-08 03:11:57.964615+03	11	\N	1	10	1	6
15	2026-02-10 01:15:08.090502+03	3	\N	1	21	2	6
16	2026-02-11 22:00:48.904683+03	7	\N	1	23	3	6
17	2026-02-15 02:58:10.455773+03	7	\N	2	14	3	6
18	2026-02-15 03:25:54.193078+03	6	\N	3	22	3	6
19	2026-02-15 03:41:09.782566+03	6	\N	4	31	3	6
20	2026-02-15 13:45:29.884024+03	3	\N	2	25	2	6
23	2026-02-15 17:22:33.13639+03	6	\N	1	11	3	9
24	2026-02-15 21:55:23.571604+03	2	\N	1	14	2	10
26	2026-02-15 23:28:42.931488+03	7	\N	1	11	3	10
27	2026-02-16 02:11:05.817446+03	5	\N	2	13	3	10
28	2026-02-16 18:50:44.748216+03	7	\N	1	12	3	12
29	2026-02-16 19:19:54.995262+03	7	\N	1	12	3	13
30	2026-02-16 19:25:55.667415+03	7	\N	1	10	3	14
31	2026-02-16 20:03:15.499224+03	7	\N	1	12	3	15
32	2026-02-17 12:32:45.526069+03	0	\N	1	13	1	10
33	2026-02-17 15:53:57.45172+03	7	\N	3	12	3	10
34	2026-02-19 16:33:45.067449+03	7	\N	4	13	3	10
35	2026-02-19 16:35:09.523711+03	7	\N	5	12	3	10
36	2026-02-23 17:28:37.37136+03	5	\N	6	10	3	10
37	2026-02-24 01:23:54.817379+03	7	\N	7	73	3	10
39	2026-04-05 17:38:26.564496+03	0	\N	8	\N	3	10
40	2026-04-05 21:40:00.372864+03	0	\N	9	\N	3	10
41	2026-04-05 22:05:01.096614+03	7	\N	10	\N	3	10
50	2026-04-08 21:29:45.569651+03	\N	t	1	\N	9	10
59	2026-04-23 18:03:57.813798+03	1	\N	1	\N	8	10
60	2026-04-23 18:15:48.563559+03	1	\N	2	\N	8	10
61	2026-04-23 18:16:20.908889+03	5	\N	3	\N	8	10
62	2026-04-23 18:16:42.95091+03	1	\N	4	\N	8	10
\.


--
-- TOC entry 5261 (class 0 OID 225095)
-- Dependencies: 230
-- Data for Name: user; Type: TABLE DATA; Schema: public; Owner: postgres
--

COPY public."user" (id, password, last_login, is_superuser, is_staff, is_active, date_joined, first_name, last_name, email, username, patronymic, is_verified, "position", educational_institution, certificate_file, role_id, is_light_theme) FROM stdin;
6	bcrypt_sha256$$2b$12$a72ItfBzP3hLUt0wf77RfOPRaB4p0eTclBaFg4hfmxlJUwhXnIWbO	2026-02-15 13:25:38.428212+03	f	f	t	2026-02-08 03:08:55.972908+03	newnew	newnew	newnew@mail.ru	newnew	\N	f	\N	\N		\N	t
39	bcrypt_sha256$$2b$12$gX1nwqdt6d0xLdVi6nCrxehslws9.dCiBYXpxjTJZZmZshOiXSWhy	2026-04-23 04:05:48.012152+03	f	f	f	2026-04-23 04:04:36.791384+03	Deleted	User	deleted_39@deleted.unireax	deleted_39_1776906655	\N	t	\N	\N	certificates/2026/04/23/uiia.png	3	f
10	bcrypt_sha256$$2b$12$USEPY74s2nPvb4D.28GYtevGe5/6ivZkoi7HHuZyN9kSCobsW0qvO	2026-04-23 17:52:46.770852+03	f	f	t	2026-02-15 21:23:16.865683+03	Анастасия	Носова	guiznotes@mail.ru	nastya123	\N	t	\N	\N		4	f
5	bcrypt_sha256$$2b$12$XgJUDaT95t3l65OMM2465udkgyg/uUfCG.doFUronydGj6HcpC/EG	\N	f	f	t	2026-02-04 00:16:52.338092+03	ddd	fddd	example@isdadasd.com	dddd	\N	f	\N	\N		\N	t
7	bcrypt_sha256$$2b$12$TWRgvy.BbzQEScrBctavmuqBLM3mb5FES4l9l.lxiDG/IsEOvVRha	\N	f	f	t	2026-02-08 18:58:41.775066+03	edfdsf	sdfdsf	testik1@tfdsfdsf.ru	testik1	\N	f	\N	\N		\N	t
14	bcrypt_sha256$$2b$12$R.85wjmKAHW5HjTUtAxwb.t8Ucqudt7FercUIcxXbPB9cRdK7ifQ.	2026-04-23 04:13:50.143972+03	f	f	t	2026-02-16 19:23:57.845649+03	asdasd	dasd	asdadsd@fjfjdjht.tu	test4	\N	f	\N	\N		\N	t
12	bcrypt_sha256$$2b$12$zwWyxLyJaWYvWva9pnZJSuYKZSzH6uzGqGYxgPKcSB5TahEOY6WPa	2026-02-16 19:14:20.008644+03	f	f	t	2026-02-16 18:48:06.929158+03	sfdsfsdf	sdfdsf	test2@oisiofjsdfdsfewr.rtyu	test2	\N	t	\N	\N		4	t
13	bcrypt_sha256$$2b$12$zmAnPZYKkq4AIfvlykpe5er2hkT5TgOee5JDijz0bkKpL8uX3PBlm	\N	f	f	t	2026-02-16 19:17:50.795368+03	sdfgred	sdfgrtyhjg	newnewnew@eueueue.ru	test3	\N	f	\N	\N		\N	t
24	bcrypt_sha256$$2b$12$9mactPYih0BJoKt6mHagIupAVRE0tUKF8ZaWX1Ox2nCUJdYC62b4G	2026-04-23 04:19:15.559203+03	f	f	t	2026-03-24 22:39:20.333628+03	Методист	Методистов	isip_n.i.grigorenko@mpt.ru	met	\N	t	методист!	мпт!	certificates/2026/03/24/photo_2026-03-20_16-13-33.jpg	2	f
9	bcrypt_sha256$$2b$12$j0jEB/88bV71IrSt2ee6j.sCDBh0k3lMO3xablRRIvxlwjcCA3MmO	2026-02-15 20:12:48.52073+03	f	f	t	2026-02-15 13:46:57.319662+03	Тест	ы	test@new.ru	ывыфв	\N	t	\N	\N		4	t
2	User123456!	\N	f	f	t	2026-01-28 12:07:30+03	Анастасия	Носова	lis@ex.ru	listener	Романовна	t	\N	\N		4	t
4	bcrypt_sha256$$2b$12$crwN3p.5Oc4mwsPcgWdirehyz/0qYQWxk6THqAparfp0KkZ0SalhS	2026-04-23 18:31:15.910714+03	f	f	t	2026-02-02 23:39:34.448302+03	Препод	Преподов	existenceque@mail.ru	prepod	\N	t	преподаватель в мпт	Московский приборостроительный техникум РЭУ Им. Г.В. Плеханова	certificates/2026/02/02/a23f2bca-6fbb-4a18-bbd7-9244da28836a.jpg	3	f
15	bcrypt_sha256$$2b$12$0xl3og9lW02om1ukhxT51.YUki53k./Pigo.DpRPj0vTYuiWZLGS.	2026-04-23 04:14:12.563589+03	f	f	f	2026-02-16 20:00:15.388142+03	Deleted	User	deleted_15@deleted.unireax	deleted_15_1776906949	\N	t	\N	\N		4	f
20	bcrypt_sha256$$2b$12$S.5eAbsO.yUgmX8dLU8duefUjy8iU4TzTtMavg/tBp6k.oX7RsAjW	2026-04-02 20:31:58.088357+03	f	f	t	2026-03-20 20:33:57.053748+03	wewqe	ываыва	fdsdsf@sdsd.tertertuerterterterertert	123ываыа	\N	t	\N	\N		4	t
1	bcrypt_sha256$$2b$12$kIID3o80o.LkWKdxzx1cBuGvsXX67mYTBG2trhbOhgMxnWr339USa	2026-04-23 20:46:14.770303+03	t	t	t	2026-01-20 15:54:55.853738+03	Администратор	Системы	admin@example.com	admin	\N	t	\N	\N		1	f
16	bcrypt_sha256$$2b$12$ynaqQWb7ju9QT6D7CXn/O.tCRZCXRuwAbQjHrq4HYKlIsmVlZF2Fy	\N	f	f	t	2026-02-17 12:35:31.306665+03	dhdhdhd	dhdhdhd	shshshd@wjehe.ru	test6	\N	t	\N	\N		4	t
17	bcrypt_sha256$$2b$12$kcTYLWhU.AjF8yzBdNG7NOZ1IrGFnOUfzqpqAatewj7NWpfQ3Afjm	\N	f	f	t	2026-02-17 15:55:33.160814+03	паалааоаоа	лплаоаоа	dfgff23@tgdf.ru	test8	\N	t	\N	\N		4	t
11	bcrypt_sha256$$2b$12$nOj6ZDuPh0j9qw8InTATDu9Zg7gi458vzU8T7Zf/c8WKy5ciklwSS	\N	f	f	t	2026-02-16 18:44:26.931317+03	dfsdfds	sdasdsad	newnew123@mailasdasd.ryuuytut	lis123	\N	f	\N	\N		\N	t
37	bcrypt_sha256$$2b$12$8WoYGzt9Gn2ywYp29aA9Cu/1QSz0R/uq/sRQxxGeuXJTcMO3GCxW.	\N	f	f	f	2026-04-13 21:29:43.799763+03	Deleted	User	deleted_37@deleted.unireax	deleted_37_1776116934	\N	t	\N	\N		4	t
18	bcrypt_sha256$$2b$12$GsJtZ5jp7/UC2iuZo0xO2uRsAnT1HZ3Dj.1U7lrtdQcjDWoW5hUqW	2026-02-24 02:00:19.824898+03	f	f	t	2026-02-24 00:28:23.636047+03	Надежда	Ннн	dsfdsfdsfdsfdsfsdfdsfdisip_n.i.grigorenko@mpt.ru	nadya	\N	t	\N	\N		4	t
3	bcrypt_sha256$$2b$12$M3YJP7rb6w5bSfKDwQ7jVune5gRk2dj7Hg2bAjmE04oJ7xUXl8FIe	2026-04-13 19:18:05.347175+03	f	f	t	2026-01-31 21:37:54+03	Тест	Тест	test@test.ru	test1	ываываывав	t	\N	\N		4	f
\.


--
-- TOC entry 5295 (class 0 OID 225243)
-- Dependencies: 264
-- Data for Name: user_answer; Type: TABLE DATA; Schema: public; Owner: postgres
--

COPY public.user_answer (id, answer_text, answer_date, attempt_number, score, question_id, user_id) FROM stdin;
1	\N	2026-02-03 02:30:13.982419+03	1	\N	1	3
2	\N	2026-02-03 02:30:14.029162+03	1	\N	2	3
3	\N	2026-02-03 15:33:31.314319+03	2	\N	1	3
4	\N	2026-02-03 15:33:31.381667+03	2	\N	2	3
5	\N	2026-02-03 16:03:37.584758+03	3	\N	1	3
6	\N	2026-02-03 16:03:37.612767+03	3	\N	2	3
7	\N	2026-02-07 22:16:11.637168+03	7	5	1	3
8	\N	2026-02-07 22:16:11.714922+03	7	5	2	3
9	\N	2026-02-07 22:16:11.738495+03	7	1	3	3
10	\N	2026-02-07 22:26:40.64391+03	8	5	1	3
11	\N	2026-02-07 22:26:40.669767+03	8	5	2	3
12	\N	2026-02-07 22:26:40.694742+03	8	1	3	3
13	\N	2026-02-08 02:24:16.098765+03	9	5	1	3
14	\N	2026-02-08 02:24:16.133011+03	9	5	2	3
15	\N	2026-02-08 02:24:16.15508+03	9	1	3	3
16	\N	2026-02-08 02:26:23.488153+03	10	5	1	3
17	\N	2026-02-08 02:26:23.509159+03	10	5	2	3
18	\N	2026-02-08 02:26:23.529154+03	10	1	3	3
19	\N	2026-02-08 03:11:57.975137+03	1	5	1	6
20	\N	2026-02-08 03:11:58.006617+03	1	5	2	6
21	\N	2026-02-08 03:11:58.038185+03	1	1	3	6
22	runserver	2026-02-10 01:15:08.111899+03	1	1	4	6
23	\N	2026-02-10 01:15:08.15078+03	1	1	5	6
24	\N	2026-02-10 01:15:08.195005+03	1	1	6	6
25	привет	2026-02-11 22:00:48.914617+03	1	1	7	6
26	\N	2026-02-11 22:00:48.930674+03	1	5	8	6
27	\N	2026-02-11 22:00:48.96823+03	1	1	9	6
28	привет	2026-02-15 02:58:10.509771+03	2	1	7	6
29	\N	2026-02-15 02:58:10.535352+03	2	5	8	6
30	\N	2026-02-15 02:58:10.58535+03	2	1	9	6
31	прив	2026-02-15 03:25:54.201095+03	3	0	7	6
32	\N	2026-02-15 03:25:54.212079+03	3	5	8	6
33	\N	2026-02-15 03:25:54.235717+03	3	1	9	6
34	привет	2026-02-15 03:41:09.795567+03	4	1	7	6
35	\N	2026-02-15 03:41:09.812569+03	4	5	8	6
36	\N	2026-02-15 03:41:09.846138+03	4	0	9	6
37	runserver	2026-02-15 13:45:29.914804+03	2	1	4	6
38	\N	2026-02-15 13:45:29.94289+03	2	1	5	6
39	\N	2026-02-15 13:45:29.97861+03	2	1	6	6
174	\N	2026-04-23 18:03:57.69295+03	1	0	13	10
55	привет	2026-02-15 23:28:42.940483+03	1	1	7	10
56	\N	2026-02-15 23:28:42.957981+03	1	5	8	10
46	привет	2026-02-15 17:22:33.148437+03	1	1	7	9
47	\N	2026-02-15 17:22:33.169389+03	1	5	8	9
48	\N	2026-02-15 17:22:33.210842+03	1	0	9	9
49	runserver	2026-02-15 21:55:23.579542+03	1	1	4	10
50	\N	2026-02-15 21:55:23.604655+03	1	1	5	10
51	\N	2026-02-15 21:55:23.634492+03	1	0	6	10
81	\N	2026-02-19 16:33:45.216213+03	4	1	9	10
57	\N	2026-02-15 23:28:42.995486+03	1	1	9	10
58	привет	2026-02-16 02:11:05.827374+03	2	1	7	10
59	\N	2026-02-16 02:11:05.867364+03	2	3	8	10
60	\N	2026-02-16 02:11:05.930661+03	2	1	9	10
61	привет	2026-02-16 18:50:44.767009+03	1	1	7	12
62	\N	2026-02-16 18:50:44.824025+03	1	5	8	12
63	\N	2026-02-16 18:50:44.890782+03	1	1	9	12
64	привет	2026-02-16 19:19:55.002264+03	1	1	7	13
65	\N	2026-02-16 19:19:55.020308+03	1	5	8	13
66	\N	2026-02-16 19:19:55.05592+03	1	1	9	13
67	привет\n	2026-02-16 19:25:55.67741+03	1	1	7	14
68	\N	2026-02-16 19:25:55.68941+03	1	5	8	14
69	\N	2026-02-16 19:25:55.717181+03	1	1	9	14
70	привет\n	2026-02-16 20:03:15.509143+03	1	1	7	15
71	\N	2026-02-16 20:03:15.527217+03	1	5	8	15
72	\N	2026-02-16 20:03:15.562182+03	1	1	9	15
73	\N	2026-02-17 12:32:45.597756+03	1	0	1	10
74	\N	2026-02-17 12:32:45.651952+03	1	0	2	10
75	\N	2026-02-17 12:32:45.676582+03	1	0	3	10
76	привет	2026-02-17 15:53:57.483661+03	3	1	7	10
77	\N	2026-02-17 15:53:57.501796+03	3	5	8	10
78	\N	2026-02-17 15:53:57.536691+03	3	1	9	10
79	привет \n	2026-02-19 16:33:45.104474+03	4	1	7	10
80	\N	2026-02-19 16:33:45.153387+03	4	5	8	10
82	привет 	2026-02-19 16:35:09.585814+03	5	1	7	10
83	\N	2026-02-19 16:35:09.601053+03	5	5	8	10
84	\N	2026-02-19 16:35:09.63548+03	5	1	9	10
85	апвапвап	2026-02-23 17:28:37.403358+03	6	0	7	10
86	\N	2026-02-23 17:28:37.425246+03	6	5	8	10
87	\N	2026-02-23 17:28:37.466236+03	6	0	9	10
88	привет	2026-02-24 01:23:54.8317+03	7	1	7	10
89	\N	2026-02-24 01:23:54.856695+03	7	5	8	10
90	\N	2026-02-24 01:23:54.90848+03	7	1	9	10
95	\N	2026-04-05 21:40:00.337338+03	9	0	7	10
94	\N	2026-04-05 21:40:00.285652+03	9	0	9	10
96	\N	2026-04-05 21:40:00.353462+03	9	0	8	10
97	\N	2026-04-05 22:05:00.91746+03	10	1	9	10
98	привет	2026-04-05 22:05:00.978647+03	10	1	7	10
99	\N	2026-04-05 22:05:01.026446+03	10	5	8	10
175	\N	2026-04-23 18:03:57.711947+03	1	0	12	10
176	авыаыва	2026-04-23 18:03:57.733034+03	1	1	14	10
177	\N	2026-04-23 18:03:57.763162+03	1	0	15	10
178	\N	2026-04-23 18:15:48.395457+03	2	0	13	10
179	\N	2026-04-23 18:15:48.438461+03	2	0	12	10
180	вероятность	2026-04-23 18:15:48.466434+03	2	1	14	10
181	\N	2026-04-23 18:15:48.503337+03	2	0	15	10
182	\N	2026-04-23 18:16:20.743963+03	3	2	13	10
183	\N	2026-04-23 18:16:20.784568+03	3	1	12	10
184	вероятность	2026-04-23 18:16:20.81872+03	3	1	14	10
185	\N	2026-04-23 18:16:20.852718+03	3	1	15	10
186	\N	2026-04-23 18:16:42.797771+03	4	0	13	10
187	\N	2026-04-23 18:16:42.827764+03	4	0	12	10
188	вавыавы	2026-04-23 18:16:42.851768+03	4	1	14	10
125	\N	2026-04-08 21:29:45.483665+03	1	1	17	10
126	хай	2026-04-08 21:29:45.534664+03	1	1	16	10
189	\N	2026-04-23 18:16:42.889908+03	4	0	15	10
\.


--
-- TOC entry 5297 (class 0 OID 225251)
-- Dependencies: 266
-- Data for Name: user_course; Type: TABLE DATA; Schema: public; Owner: postgres
--

COPY public.user_course (id, registration_date, status_course, payment_date, completion_date, course_price, is_active, enrolled_at, course_id, user_id, payment_id) FROM stdin;
9	2026-02-01	f	\N	\N	\N	t	2026-02-01 01:40:42.746587+03	5	3	\N
11	2026-02-01	f	\N	\N	2345.00	t	2026-02-01 19:56:18.229198+03	2	3	\N
12	2026-02-02	f	\N	\N	567.00	t	2026-02-02 12:17:23.168932+03	3	3	\N
13	2026-02-02	f	\N	\N	234.00	t	2026-02-02 12:17:39.16386+03	4	3	\N
10	2026-02-01	t	\N	2026-02-02	234.00	t	2026-02-01 19:18:40.474826+03	1	3	\N
14	2026-02-08	f	\N	\N	120.00	t	2026-02-08 03:11:21.950984+03	1	6	\N
15	2026-02-10	f	2026-02-10 01:04:28+03	\N	123.00	t	2026-02-10 01:04:34.737652+03	5	6	\N
16	2026-02-11	t	2026-02-11 21:56:15+03	2026-02-11	123.00	t	2026-02-11 21:56:16.018662+03	8	6	\N
17	2026-02-15	t	2026-02-15 13:56:24+03	2026-02-15	123.00	t	2026-02-15 13:56:31.430297+03	8	9	\N
18	2026-02-15	f	\N	\N	\N	t	2026-02-15 21:54:59.042164+03	5	10	\N
21	2026-02-15	t	2026-02-15 23:20:51.283683+03	2026-02-15	123.00	t	2026-02-15 23:20:51.291683+03	8	10	\N
20	2026-02-15	f	2026-02-15 22:26:17.820285+03	\N	567.00	f	2026-02-15 22:26:17.829294+03	3	10	\N
24	2026-02-16	f	2026-02-16 17:58:20.339138+03	\N	234.00	t	2026-02-16 17:58:20.345078+03	1	10	31254438-000f-5000-8000-108894c37760
26	2026-02-16	f	\N	\N	\N	t	2026-02-16 18:48:21.075775+03	5	12	\N
27	2026-02-16	f	2026-02-16 18:49:11.04701+03	\N	234.00	t	2026-02-16 18:49:11.057609+03	1	12	3125501e-000f-5000-8000-1854331fb8a6
28	2026-02-16	f	2026-02-16 18:50:22.402108+03	\N	123.00	t	2026-02-16 18:50:22.408105+03	8	12	31255063-000f-5001-9000-117adb59608f
29	2026-02-16	f	2026-02-16 19:19:35.13497+03	\N	123.00	t	2026-02-16 19:19:35.143965+03	8	13	31255743-000f-5001-8000-14dcbd5dabc0
30	2026-02-16	t	2026-02-16 19:24:51.914111+03	2026-02-16	123.00	t	2026-02-16 19:24:51.926546+03	8	14	3125587f-000f-5001-9000-1d626e7b7224
32	2026-02-17	f	2026-02-17 12:36:01.347991+03	\N	123.00	t	2026-02-17 12:36:01.355986+03	8	16	31264a2a-000f-5001-8000-13a2dce4bd72
33	2026-02-17	f	2026-02-17 12:36:35.031257+03	\N	567.00	t	2026-02-17 12:36:35.041254+03	3	16	31264a4b-000f-5001-9000-1dbe4ff22cd0
34	2026-02-17	f	2026-02-17 15:56:17.636455+03	\N	567.00	t	2026-02-17 15:56:17.64704+03	3	17	31267918-000f-5001-8000-12f5d145f80b
35	2026-02-23	f	2026-02-24 00:44:25.110532+03	\N	234.00	t	2026-02-24 00:44:25.119689+03	1	18	312eddcc-000f-5001-9000-180b69421594
23	2026-02-16	f	2026-02-16 17:57:22.991815+03	\N	123.00	t	2026-02-16 17:57:23.002291+03	6	10	312543ef-000f-5001-9000-183e510973b9
38	2026-03-22	f	\N	\N	\N	t	2026-03-22 02:12:17.298785+03	4	18	\N
43	2026-03-24	f	\N	\N	0.00	t	2026-03-24 22:21:00.525819+03	10	18	\N
25	2026-02-16	f	2026-02-16 18:19:05.602789+03	\N	123.00	t	2026-02-16 18:19:05.608791+03	7	10	31254910-000f-5000-b000-1ca3c7bf75f6
19	2026-02-15	f	2026-02-15 22:24:09.189515+03	\N	2345.00	t	2026-02-15 22:24:09.199511+03	2	10	\N
22	2026-02-15	f	2026-02-16 00:32:00.500213+03	\N	234.00	t	2026-02-16 00:32:00.511724+03	4	10	31244eec-000f-5000-b000-1f5c510bc9a9
62	2026-04-13	f	2026-04-13 21:30:25.898973+03	\N	123.00	f	2026-04-13 21:30:25.912972+03	8	37	316f49ed-000f-5000-b000-15fd79ac435a
60	2026-04-07	t	2026-04-07 00:02:32.928802+03	2026-04-19	120.00	t	2026-04-07 00:02:32.944492+03	11	10	3166330a-000f-5000-b000-10055373a27c
64	2026-04-22	f	\N	\N	0.00	f	2026-04-22 19:31:03.578952+03	12	4	\N
65	2026-04-22	f	\N	\N	0.00	t	2026-04-22 19:33:20.314123+03	12	10	\N
31	2026-02-16	f	2026-02-16 20:01:05.451516+03	2026-02-16	123.00	f	2026-02-16 20:01:05.460105+03	8	15	312560fa-000f-5001-9000-1011f9d13dbe
\.


--
-- TOC entry 5263 (class 0 OID 225107)
-- Dependencies: 232
-- Data for Name: user_groups; Type: TABLE DATA; Schema: public; Owner: postgres
--

COPY public.user_groups (id, user_id, group_id) FROM stdin;
\.


--
-- TOC entry 5301 (class 0 OID 225269)
-- Dependencies: 270
-- Data for Name: user_matching_answer; Type: TABLE DATA; Schema: public; Owner: postgres
--

COPY public.user_matching_answer (id, user_selected_right_text, selected_at, matching_pair_id, user_answer_id) FROM stdin;
1	целочисленный	2026-02-07 22:16:11.771229+03	1	9
2	с плавающей точкой	2026-02-07 22:16:11.786284+03	2	9
3	строка	2026-02-07 22:16:11.79123+03	3	9
4	целочисленный	2026-02-07 22:26:40.707954+03	1	12
5	с плавающей точкой	2026-02-07 22:26:40.714743+03	2	12
6	строка	2026-02-07 22:26:40.72083+03	3	12
7	целочисленный	2026-02-08 02:24:16.172081+03	1	15
8	с плавающей точкой	2026-02-08 02:24:16.178085+03	2	15
9	строка	2026-02-08 02:24:16.185079+03	3	15
13	целочисленный	2026-02-08 03:11:58.052334+03	1	21
14	с плавающей точкой	2026-02-08 03:11:58.060333+03	2	21
15	строка	2026-02-08 03:11:58.06733+03	3	21
16	запуск проекта	2026-02-10 01:15:08.230663+03	4	24
17	выполнить миграции в бд	2026-02-10 01:15:08.292114+03	5	24
18	создать миграции	2026-02-10 01:15:08.299114+03	6	24
19	приветствие	2026-02-11 22:00:48.946791+03	7	26
20	что надо сказать перед тем как уйти	2026-02-11 22:00:48.953095+03	8	26
21	здравствуйте	2026-02-11 22:00:48.95922+03	9	26
22	приветствие	2026-02-15 02:58:10.550348+03	7	29
23	что надо сказать перед тем как уйти	2026-02-15 02:58:10.563348+03	8	29
24	здравствуйте	2026-02-15 02:58:10.571355+03	9	29
25	приветствие	2026-02-15 03:25:54.220078+03	7	32
26	что надо сказать перед тем как уйти	2026-02-15 03:25:54.224165+03	8	32
27	здравствуйте	2026-02-15 03:25:54.2287+03	9	32
28	приветствие	2026-02-15 03:41:09.82414+03	7	35
29	что надо сказать перед тем как уйти	2026-02-15 03:41:09.83014+03	8	35
30	здравствуйте	2026-02-15 03:41:09.836149+03	9	35
31	запуск проекта	2026-02-15 13:45:29.995025+03	4	39
32	выполнить миграции в бд	2026-02-15 13:45:30.00603+03	5	39
33	создать миграции	2026-02-15 13:45:30.013648+03	6	39
156	1) Объяснил фотоэффект (фотоны)	2026-04-23 18:03:57.775859+03	10	177
157	2) Волновое уравнение и волновая функция	2026-04-23 18:03:57.783797+03	11	177
158	3) Квант энергии и постоянная h	2026-04-23 18:03:57.791962+03	12	177
159	4) Модель атома с дискретными орбитами	2026-04-23 18:03:57.798794+03	13	177
164	3) Квант энергии и постоянная h	2026-04-23 18:16:20.870722+03	10	185
40	приветствие	2026-02-15 17:22:33.184393+03	7	47
41	что надо сказать перед тем как уйти	2026-02-15 17:22:33.192832+03	8	47
42	здравствуйте	2026-02-15 17:22:33.199846+03	9	47
43	запуск проекта	2026-02-15 21:55:23.656498+03	4	51
44	создать миграции	2026-02-15 21:55:23.662495+03	5	51
45	выполнить миграции в бд	2026-02-15 21:55:23.667526+03	6	51
49	приветствие	2026-02-15 23:28:42.971011+03	7	56
50	что надо сказать перед тем как уйти	2026-02-15 23:28:42.978484+03	8	56
51	здравствуйте	2026-02-15 23:28:42.984825+03	9	56
52	здравствуйте	2026-02-16 02:11:05.907818+03	7	59
53	что надо сказать перед тем как уйти	2026-02-16 02:11:05.913818+03	8	59
54	здравствуйте	2026-02-16 02:11:05.920593+03	9	59
55	приветствие	2026-02-16 18:50:44.862538+03	7	62
56	что надо сказать перед тем как уйти	2026-02-16 18:50:44.87654+03	8	62
57	здравствуйте	2026-02-16 18:50:44.881613+03	9	62
58	приветствие	2026-02-16 19:19:55.034793+03	7	65
59	что надо сказать перед тем как уйти	2026-02-16 19:19:55.040831+03	8	65
60	здравствуйте	2026-02-16 19:19:55.0469+03	9	65
61	приветствие	2026-02-16 19:25:55.699484+03	7	68
62	что надо сказать перед тем как уйти	2026-02-16 19:25:55.704481+03	8	68
63	здравствуйте	2026-02-16 19:25:55.708504+03	9	68
64	приветствие	2026-02-16 20:03:15.542103+03	7	71
65	что надо сказать перед тем как уйти	2026-02-16 20:03:15.547996+03	8	71
66	здравствуйте	2026-02-16 20:03:15.55418+03	9	71
67	строка	2026-02-17 12:32:45.695583+03	1	75
68	с плавающей точкой	2026-02-17 12:32:45.703436+03	2	75
69	строка	2026-02-17 12:32:45.709524+03	3	75
70	приветствие	2026-02-17 15:53:57.51379+03	7	77
71	что надо сказать перед тем как уйти	2026-02-17 15:53:57.519709+03	8	77
72	здравствуйте	2026-02-17 15:53:57.525167+03	9	77
73	приветствие	2026-02-19 16:33:45.187718+03	7	80
74	что надо сказать перед тем как уйти	2026-02-19 16:33:45.200719+03	8	80
75	здравствуйте	2026-02-19 16:33:45.206446+03	9	80
76	приветствие	2026-02-19 16:35:09.614073+03	7	83
77	что надо сказать перед тем как уйти	2026-02-19 16:35:09.621052+03	8	83
78	здравствуйте	2026-02-19 16:35:09.62648+03	9	83
79	приветствие	2026-02-23 17:28:37.441294+03	7	86
80	что надо сказать перед тем как уйти	2026-02-23 17:28:37.450239+03	8	86
81	здравствуйте	2026-02-23 17:28:37.457568+03	9	86
82	приветствие	2026-02-24 01:23:54.878692+03	7	89
83	что надо сказать перед тем как уйти	2026-02-24 01:23:54.885969+03	8	89
84	здравствуйте	2026-02-24 01:23:54.893965+03	9	89
88	приветствие	2026-04-05 22:05:01.05227+03	7	99
89	что надо сказать перед тем как уйти	2026-04-05 22:05:01.068795+03	8	99
90	здравствуйте	2026-04-05 22:05:01.076821+03	9	99
160	3) Квант энергии и постоянная h	2026-04-23 18:15:48.523691+03	10	181
161	3) Квант энергии и постоянная h	2026-04-23 18:15:48.534926+03	11	181
162	4) Модель атома с дискретными орбитами	2026-04-23 18:15:48.541927+03	12	181
163	3) Квант энергии и постоянная h	2026-04-23 18:15:48.548015+03	13	181
165	4) Модель атома с дискретными орбитами	2026-04-23 18:16:20.878716+03	11	185
166	2) Волновое уравнение и волновая функция	2026-04-23 18:16:20.887001+03	12	185
167	1) Объяснил фотоэффект (фотоны)	2026-04-23 18:16:20.89489+03	13	185
168	2) Волновое уравнение и волновая функция	2026-04-23 18:16:42.909716+03	10	189
169	1) Объяснил фотоэффект (фотоны)	2026-04-23 18:16:42.918908+03	11	189
170	3) Квант энергии и постоянная h	2026-04-23 18:16:42.925907+03	12	189
171	4) Модель атома с дискретными орбитами	2026-04-23 18:16:42.933016+03	13	189
\.


--
-- TOC entry 5303 (class 0 OID 225277)
-- Dependencies: 272
-- Data for Name: user_practical_assignment; Type: TABLE DATA; Schema: public; Owner: postgres
--

COPY public.user_practical_assignment (id, submission_date, attempt_number, comment, submitted_at, practical_assignment_id, submission_status_id, user_id) FROM stdin;
1	2026-02-02 23:36:47+03	1	ок	2026-02-02 23:37:07.932654+03	1	1	3
3	2026-02-09 01:43:34.276031+03	1	клево	2026-02-09 01:43:34.381152+03	1	5	6
6	2026-02-10 01:16:32.947999+03	1	поставьте 5	2026-02-10 01:16:33.134037+03	3	5	6
7	2026-02-11 21:59:33+03	1	ура!!	2026-02-11 21:58:56.093878+03	4	1	6
8	2026-02-15 03:11:45.078885+03	2	fdsfdsf!!!	2026-02-15 03:11:29.382647+03	4	5	6
10	2026-02-15 14:04:56.329023+03	1	ура	2026-02-15 14:04:56.396996+03	4	1	9
12	2026-02-16 18:51:09+03	1	ура	2026-02-16 18:51:09.301294+03	4	1	12
13	2026-02-16 19:20:21.895866+03	1	ураура	2026-02-16 19:20:21.967951+03	4	1	13
14	2026-02-16 19:26:22+03	1	вот	2026-02-16 19:26:22.566686+03	4	1	14
15	2026-02-16 20:01:36.778344+03	1	уууу	2026-02-16 20:01:36.852028+03	4	1	15
4	2026-02-09 02:03:17.265106+03	2	ааа	2026-02-09 02:03:17.323457+03	1	1	6
5	2026-02-10 00:17:12.659511+03	1		2026-02-10 00:16:35.688135+03	2	1	6
11	2026-02-15 23:22:27.501553+03	1	ура	2026-02-15 23:22:27.609304+03	4	1	10
19	2026-04-05 18:07:11.269041+03	2	поменял	2026-04-05 18:07:11.275042+03	2	1	10
18	2026-04-05 18:06:47.757697+03	1	все сделал	2026-04-05 18:06:47.762695+03	2	1	10
16	2026-02-24 01:13:55.962694+03	2	прикрепляю	2026-02-24 01:13:55.977695+03	4	1	10
24	2026-04-20 02:16:19.674107+03	1	все сделала	2026-04-20 02:16:19.680105+03	7	1	10
25	2026-04-22 19:39:04.969885+03	1	опоздала чутка	2026-04-22 19:39:04.975464+03	8	5	10
26	2026-04-22 19:59:05.539442+03	2	опоздала чутка	2026-04-22 19:59:05.544445+03	8	5	10
2	2026-02-03 01:51:33.851972+03	1	рпарапр	2026-02-03 01:51:33.864361+03	2	2	3
\.


--
-- TOC entry 5309 (class 0 OID 225303)
-- Dependencies: 278
-- Data for Name: user_selected_choice; Type: TABLE DATA; Schema: public; Owner: postgres
--

COPY public.user_selected_choice (id, selected_at, choice_option_id, user_answer_id) FROM stdin;
1	2026-02-07 22:16:11.680922+03	1	7
2	2026-02-07 22:16:11.72592+03	2	8
3	2026-02-07 22:26:40.657177+03	1	10
4	2026-02-07 22:26:40.680743+03	2	11
5	2026-02-08 02:24:16.119695+03	1	13
9	2026-02-08 03:11:57.991614+03	1	19
10	2026-02-08 03:11:58.022311+03	2	20
11	2026-02-10 01:15:08.172368+03	7	23
12	2026-02-11 22:00:49.00768+03	10	27
13	2026-02-15 02:58:10.601351+03	10	30
14	2026-02-15 03:25:54.243703+03	10	33
15	2026-02-15 03:41:09.857142+03	12	36
16	2026-02-15 13:45:29.960892+03	7	38
19	2026-02-15 17:22:33.225444+03	12	48
20	2026-02-15 21:55:23.623221+03	7	50
22	2026-02-15 23:28:43.009504+03	10	57
23	2026-02-16 02:11:05.959662+03	10	60
24	2026-02-16 18:50:44.926545+03	10	63
25	2026-02-16 19:19:55.06893+03	10	66
26	2026-02-16 19:25:55.725077+03	10	69
27	2026-02-16 20:03:15.576072+03	10	72
28	2026-02-17 12:32:45.639832+03	6	73
29	2026-02-17 12:32:45.664176+03	3	74
30	2026-02-17 15:53:57.547694+03	10	78
31	2026-02-19 16:33:45.249+03	10	81
32	2026-02-19 16:35:09.647421+03	10	84
33	2026-02-23 17:28:37.479239+03	12	87
34	2026-02-24 01:23:54.924605+03	10	90
36	2026-04-05 22:05:00.953621+03	10	97
46	2026-04-08 21:29:45.501663+03	21	125
58	2026-04-23 18:16:20.767572+03	19	182
59	2026-04-23 18:16:20.797525+03	14	183
\.


--
-- TOC entry 5265 (class 0 OID 225113)
-- Dependencies: 234
-- Data for Name: user_user_permissions; Type: TABLE DATA; Schema: public; Owner: postgres
--

COPY public.user_user_permissions (id, user_id, permission_id) FROM stdin;
\.


--
-- TOC entry 5326 (class 0 OID 0)
-- Dependencies: 225
-- Name: answer_type_id_seq; Type: SEQUENCE SET; Schema: public; Owner: postgres
--

SELECT pg_catalog.setval('public.answer_type_id_seq', 4, true);


--
-- TOC entry 5327 (class 0 OID 0)
-- Dependencies: 235
-- Name: assignment_status_id_seq; Type: SEQUENCE SET; Schema: public; Owner: postgres
--

SELECT pg_catalog.setval('public.assignment_status_id_seq', 5, true);


--
-- TOC entry 5328 (class 0 OID 0)
-- Dependencies: 275
-- Name: assignment_submission_file_id_seq; Type: SEQUENCE SET; Schema: public; Owner: postgres
--

SELECT pg_catalog.setval('public.assignment_submission_file_id_seq', 36, true);


--
-- TOC entry 5329 (class 0 OID 0)
-- Dependencies: 221
-- Name: auth_group_id_seq; Type: SEQUENCE SET; Schema: public; Owner: postgres
--

SELECT pg_catalog.setval('public.auth_group_id_seq', 1, false);


--
-- TOC entry 5330 (class 0 OID 0)
-- Dependencies: 223
-- Name: auth_group_permissions_id_seq; Type: SEQUENCE SET; Schema: public; Owner: postgres
--

SELECT pg_catalog.setval('public.auth_group_permissions_id_seq', 1, false);


--
-- TOC entry 5331 (class 0 OID 0)
-- Dependencies: 219
-- Name: auth_permission_id_seq; Type: SEQUENCE SET; Schema: public; Owner: postgres
--

SELECT pg_catalog.setval('public.auth_permission_id_seq', 152, true);


--
-- TOC entry 5332 (class 0 OID 0)
-- Dependencies: 267
-- Name: certificate_id_seq; Type: SEQUENCE SET; Schema: public; Owner: postgres
--

SELECT pg_catalog.setval('public.certificate_id_seq', 9, true);


--
-- TOC entry 5333 (class 0 OID 0)
-- Dependencies: 251
-- Name: choice_option_id_seq; Type: SEQUENCE SET; Schema: public; Owner: postgres
--

SELECT pg_catalog.setval('public.choice_option_id_seq', 23, true);


--
-- TOC entry 5334 (class 0 OID 0)
-- Dependencies: 237
-- Name: course_category_id_seq; Type: SEQUENCE SET; Schema: public; Owner: postgres
--

SELECT pg_catalog.setval('public.course_category_id_seq', 18, true);


--
-- TOC entry 5335 (class 0 OID 0)
-- Dependencies: 239
-- Name: course_id_seq; Type: SEQUENCE SET; Schema: public; Owner: postgres
--

SELECT pg_catalog.setval('public.course_id_seq', 13, true);


--
-- TOC entry 5336 (class 0 OID 0)
-- Dependencies: 279
-- Name: course_teacher_id_seq; Type: SEQUENCE SET; Schema: public; Owner: postgres
--

SELECT pg_catalog.setval('public.course_teacher_id_seq', 9, true);


--
-- TOC entry 5337 (class 0 OID 0)
-- Dependencies: 227
-- Name: course_type_id_seq; Type: SEQUENCE SET; Schema: public; Owner: postgres
--

SELECT pg_catalog.setval('public.course_type_id_seq', 4, true);


--
-- TOC entry 5338 (class 0 OID 0)
-- Dependencies: 281
-- Name: django_admin_log_id_seq; Type: SEQUENCE SET; Schema: public; Owner: postgres
--

SELECT pg_catalog.setval('public.django_admin_log_id_seq', 1452, true);


--
-- TOC entry 5339 (class 0 OID 0)
-- Dependencies: 217
-- Name: django_content_type_id_seq; Type: SEQUENCE SET; Schema: public; Owner: postgres
--

SELECT pg_catalog.setval('public.django_content_type_id_seq', 38, true);


--
-- TOC entry 5340 (class 0 OID 0)
-- Dependencies: 215
-- Name: django_migrations_id_seq; Type: SEQUENCE SET; Schema: public; Owner: postgres
--

SELECT pg_catalog.setval('public.django_migrations_id_seq', 33, true);


--
-- TOC entry 5341 (class 0 OID 0)
-- Dependencies: 286
-- Name: favorite_course_id_seq; Type: SEQUENCE SET; Schema: public; Owner: postgres
--

SELECT pg_catalog.setval('public.favorite_course_id_seq', 8, true);


--
-- TOC entry 5342 (class 0 OID 0)
-- Dependencies: 273
-- Name: feedback_id_seq; Type: SEQUENCE SET; Schema: public; Owner: postgres
--

SELECT pg_catalog.setval('public.feedback_id_seq', 28, true);


--
-- TOC entry 5343 (class 0 OID 0)
-- Dependencies: 241
-- Name: lecture_id_seq; Type: SEQUENCE SET; Schema: public; Owner: postgres
--

SELECT pg_catalog.setval('public.lecture_id_seq', 10, true);


--
-- TOC entry 5344 (class 0 OID 0)
-- Dependencies: 284
-- Name: login_attempts_id_seq; Type: SEQUENCE SET; Schema: public; Owner: postgres
--

SELECT pg_catalog.setval('public.login_attempts_id_seq', 228, true);


--
-- TOC entry 5345 (class 0 OID 0)
-- Dependencies: 249
-- Name: matching_pair_id_seq; Type: SEQUENCE SET; Schema: public; Owner: postgres
--

SELECT pg_catalog.setval('public.matching_pair_id_seq', 13, true);


--
-- TOC entry 5346 (class 0 OID 0)
-- Dependencies: 243
-- Name: password_reset_code_id_seq; Type: SEQUENCE SET; Schema: public; Owner: postgres
--

SELECT pg_catalog.setval('public.password_reset_code_id_seq', 27, true);


--
-- TOC entry 5347 (class 0 OID 0)
-- Dependencies: 245
-- Name: practical_assignment_id_seq; Type: SEQUENCE SET; Schema: public; Owner: postgres
--

SELECT pg_catalog.setval('public.practical_assignment_id_seq', 9, true);


--
-- TOC entry 5348 (class 0 OID 0)
-- Dependencies: 247
-- Name: question_id_seq; Type: SEQUENCE SET; Schema: public; Owner: postgres
--

SELECT pg_catalog.setval('public.question_id_seq', 21, true);


--
-- TOC entry 5349 (class 0 OID 0)
-- Dependencies: 253
-- Name: review_id_seq; Type: SEQUENCE SET; Schema: public; Owner: postgres
--

SELECT pg_catalog.setval('public.review_id_seq', 8, true);


--
-- TOC entry 5350 (class 0 OID 0)
-- Dependencies: 255
-- Name: role_id_seq; Type: SEQUENCE SET; Schema: public; Owner: postgres
--

SELECT pg_catalog.setval('public.role_id_seq', 6, true);


--
-- TOC entry 5351 (class 0 OID 0)
-- Dependencies: 288
-- Name: teacher_application_id_seq; Type: SEQUENCE SET; Schema: public; Owner: postgres
--

SELECT pg_catalog.setval('public.teacher_application_id_seq', 4, true);


--
-- TOC entry 5352 (class 0 OID 0)
-- Dependencies: 257
-- Name: teacher_assignment_file_id_seq; Type: SEQUENCE SET; Schema: public; Owner: postgres
--

SELECT pg_catalog.setval('public.teacher_assignment_file_id_seq', 1, false);


--
-- TOC entry 5353 (class 0 OID 0)
-- Dependencies: 259
-- Name: test_id_seq; Type: SEQUENCE SET; Schema: public; Owner: postgres
--

SELECT pg_catalog.setval('public.test_id_seq', 11, true);


--
-- TOC entry 5354 (class 0 OID 0)
-- Dependencies: 261
-- Name: test_result_id_seq; Type: SEQUENCE SET; Schema: public; Owner: postgres
--

SELECT pg_catalog.setval('public.test_result_id_seq', 62, true);


--
-- TOC entry 5355 (class 0 OID 0)
-- Dependencies: 263
-- Name: user_answer_id_seq; Type: SEQUENCE SET; Schema: public; Owner: postgres
--

SELECT pg_catalog.setval('public.user_answer_id_seq', 189, true);


--
-- TOC entry 5356 (class 0 OID 0)
-- Dependencies: 265
-- Name: user_course_id_seq; Type: SEQUENCE SET; Schema: public; Owner: postgres
--

SELECT pg_catalog.setval('public.user_course_id_seq', 65, true);


--
-- TOC entry 5357 (class 0 OID 0)
-- Dependencies: 231
-- Name: user_groups_id_seq; Type: SEQUENCE SET; Schema: public; Owner: postgres
--

SELECT pg_catalog.setval('public.user_groups_id_seq', 1, false);


--
-- TOC entry 5358 (class 0 OID 0)
-- Dependencies: 229
-- Name: user_id_seq; Type: SEQUENCE SET; Schema: public; Owner: postgres
--

SELECT pg_catalog.setval('public.user_id_seq', 39, true);


--
-- TOC entry 5359 (class 0 OID 0)
-- Dependencies: 269
-- Name: user_matching_answer_id_seq; Type: SEQUENCE SET; Schema: public; Owner: postgres
--

SELECT pg_catalog.setval('public.user_matching_answer_id_seq', 171, true);


--
-- TOC entry 5360 (class 0 OID 0)
-- Dependencies: 271
-- Name: user_practical_assignment_id_seq; Type: SEQUENCE SET; Schema: public; Owner: postgres
--

SELECT pg_catalog.setval('public.user_practical_assignment_id_seq', 27, true);


--
-- TOC entry 5361 (class 0 OID 0)
-- Dependencies: 277
-- Name: user_selected_choice_id_seq; Type: SEQUENCE SET; Schema: public; Owner: postgres
--

SELECT pg_catalog.setval('public.user_selected_choice_id_seq', 59, true);


--
-- TOC entry 5362 (class 0 OID 0)
-- Dependencies: 233
-- Name: user_user_permissions_id_seq; Type: SEQUENCE SET; Schema: public; Owner: postgres
--

SELECT pg_catalog.setval('public.user_user_permissions_id_seq', 1, false);


--
-- TOC entry 4877 (class 2606 OID 225083)
-- Name: answer_type answer_type_answer_type_name_key; Type: CONSTRAINT; Schema: public; Owner: postgres
--

ALTER TABLE ONLY public.answer_type
    ADD CONSTRAINT answer_type_answer_type_name_key UNIQUE (answer_type_name);


--
-- TOC entry 4879 (class 2606 OID 225081)
-- Name: answer_type answer_type_pkey; Type: CONSTRAINT; Schema: public; Owner: postgres
--

ALTER TABLE ONLY public.answer_type
    ADD CONSTRAINT answer_type_pkey PRIMARY KEY (id);


--
-- TOC entry 4908 (class 2606 OID 225126)
-- Name: assignment_status assignment_status_assignment_status_name_key; Type: CONSTRAINT; Schema: public; Owner: postgres
--

ALTER TABLE ONLY public.assignment_status
    ADD CONSTRAINT assignment_status_assignment_status_name_key UNIQUE (assignment_status_name);


--
-- TOC entry 4910 (class 2606 OID 225124)
-- Name: assignment_status assignment_status_pkey; Type: CONSTRAINT; Schema: public; Owner: postgres
--

ALTER TABLE ONLY public.assignment_status
    ADD CONSTRAINT assignment_status_pkey PRIMARY KEY (id);


--
-- TOC entry 5009 (class 2606 OID 225301)
-- Name: assignment_submission_file assignment_submission_file_pkey; Type: CONSTRAINT; Schema: public; Owner: postgres
--

ALTER TABLE ONLY public.assignment_submission_file
    ADD CONSTRAINT assignment_submission_file_pkey PRIMARY KEY (id);


--
-- TOC entry 4866 (class 2606 OID 225072)
-- Name: auth_group auth_group_name_key; Type: CONSTRAINT; Schema: public; Owner: postgres
--

ALTER TABLE ONLY public.auth_group
    ADD CONSTRAINT auth_group_name_key UNIQUE (name);


--
-- TOC entry 4871 (class 2606 OID 225058)
-- Name: auth_group_permissions auth_group_permissions_group_id_permission_id_0cd325b0_uniq; Type: CONSTRAINT; Schema: public; Owner: postgres
--

ALTER TABLE ONLY public.auth_group_permissions
    ADD CONSTRAINT auth_group_permissions_group_id_permission_id_0cd325b0_uniq UNIQUE (group_id, permission_id);


--
-- TOC entry 4874 (class 2606 OID 225047)
-- Name: auth_group_permissions auth_group_permissions_pkey; Type: CONSTRAINT; Schema: public; Owner: postgres
--

ALTER TABLE ONLY public.auth_group_permissions
    ADD CONSTRAINT auth_group_permissions_pkey PRIMARY KEY (id);


--
-- TOC entry 4868 (class 2606 OID 225039)
-- Name: auth_group auth_group_pkey; Type: CONSTRAINT; Schema: public; Owner: postgres
--

ALTER TABLE ONLY public.auth_group
    ADD CONSTRAINT auth_group_pkey PRIMARY KEY (id);


--
-- TOC entry 4861 (class 2606 OID 225049)
-- Name: auth_permission auth_permission_content_type_id_codename_01ab375a_uniq; Type: CONSTRAINT; Schema: public; Owner: postgres
--

ALTER TABLE ONLY public.auth_permission
    ADD CONSTRAINT auth_permission_content_type_id_codename_01ab375a_uniq UNIQUE (content_type_id, codename);


--
-- TOC entry 4863 (class 2606 OID 225033)
-- Name: auth_permission auth_permission_pkey; Type: CONSTRAINT; Schema: public; Owner: postgres
--

ALTER TABLE ONLY public.auth_permission
    ADD CONSTRAINT auth_permission_pkey PRIMARY KEY (id);


--
-- TOC entry 4985 (class 2606 OID 225265)
-- Name: certificate certificate_certificate_number_key; Type: CONSTRAINT; Schema: public; Owner: postgres
--

ALTER TABLE ONLY public.certificate
    ADD CONSTRAINT certificate_certificate_number_key UNIQUE (certificate_number);


--
-- TOC entry 4987 (class 2606 OID 225263)
-- Name: certificate certificate_pkey; Type: CONSTRAINT; Schema: public; Owner: postgres
--

ALTER TABLE ONLY public.certificate
    ADD CONSTRAINT certificate_pkey PRIMARY KEY (id);


--
-- TOC entry 4989 (class 2606 OID 225267)
-- Name: certificate certificate_user_course_id_key; Type: CONSTRAINT; Schema: public; Owner: postgres
--

ALTER TABLE ONLY public.certificate
    ADD CONSTRAINT certificate_user_course_id_key UNIQUE (user_course_id);


--
-- TOC entry 4942 (class 2606 OID 225190)
-- Name: choice_option choice_option_pkey; Type: CONSTRAINT; Schema: public; Owner: postgres
--

ALTER TABLE ONLY public.choice_option
    ADD CONSTRAINT choice_option_pkey PRIMARY KEY (id);


--
-- TOC entry 4913 (class 2606 OID 225136)
-- Name: course_category course_category_course_category_name_key; Type: CONSTRAINT; Schema: public; Owner: postgres
--

ALTER TABLE ONLY public.course_category
    ADD CONSTRAINT course_category_course_category_name_key UNIQUE (course_category_name);


--
-- TOC entry 4915 (class 2606 OID 225134)
-- Name: course_category course_category_pkey; Type: CONSTRAINT; Schema: public; Owner: postgres
--

ALTER TABLE ONLY public.course_category
    ADD CONSTRAINT course_category_pkey PRIMARY KEY (id);


--
-- TOC entry 4920 (class 2606 OID 225144)
-- Name: course course_pkey; Type: CONSTRAINT; Schema: public; Owner: postgres
--

ALTER TABLE ONLY public.course
    ADD CONSTRAINT course_pkey PRIMARY KEY (id);


--
-- TOC entry 5019 (class 2606 OID 225583)
-- Name: course_teacher course_teacher_course_id_teacher_id_1a425740_uniq; Type: CONSTRAINT; Schema: public; Owner: postgres
--

ALTER TABLE ONLY public.course_teacher
    ADD CONSTRAINT course_teacher_course_id_teacher_id_1a425740_uniq UNIQUE (course_id, teacher_id);


--
-- TOC entry 5021 (class 2606 OID 225314)
-- Name: course_teacher course_teacher_pkey; Type: CONSTRAINT; Schema: public; Owner: postgres
--

ALTER TABLE ONLY public.course_teacher
    ADD CONSTRAINT course_teacher_pkey PRIMARY KEY (id);


--
-- TOC entry 4882 (class 2606 OID 225093)
-- Name: course_type course_type_course_type_name_key; Type: CONSTRAINT; Schema: public; Owner: postgres
--

ALTER TABLE ONLY public.course_type
    ADD CONSTRAINT course_type_course_type_name_key UNIQUE (course_type_name);


--
-- TOC entry 4884 (class 2606 OID 225091)
-- Name: course_type course_type_pkey; Type: CONSTRAINT; Schema: public; Owner: postgres
--

ALTER TABLE ONLY public.course_type
    ADD CONSTRAINT course_type_pkey PRIMARY KEY (id);


--
-- TOC entry 5025 (class 2606 OID 225604)
-- Name: django_admin_log django_admin_log_pkey; Type: CONSTRAINT; Schema: public; Owner: postgres
--

ALTER TABLE ONLY public.django_admin_log
    ADD CONSTRAINT django_admin_log_pkey PRIMARY KEY (id);


--
-- TOC entry 4856 (class 2606 OID 225027)
-- Name: django_content_type django_content_type_app_label_model_76bd3d3b_uniq; Type: CONSTRAINT; Schema: public; Owner: postgres
--

ALTER TABLE ONLY public.django_content_type
    ADD CONSTRAINT django_content_type_app_label_model_76bd3d3b_uniq UNIQUE (app_label, model);


--
-- TOC entry 4858 (class 2606 OID 225025)
-- Name: django_content_type django_content_type_pkey; Type: CONSTRAINT; Schema: public; Owner: postgres
--

ALTER TABLE ONLY public.django_content_type
    ADD CONSTRAINT django_content_type_pkey PRIMARY KEY (id);


--
-- TOC entry 4854 (class 2606 OID 225019)
-- Name: django_migrations django_migrations_pkey; Type: CONSTRAINT; Schema: public; Owner: postgres
--

ALTER TABLE ONLY public.django_migrations
    ADD CONSTRAINT django_migrations_pkey PRIMARY KEY (id);


--
-- TOC entry 5029 (class 2606 OID 225623)
-- Name: django_session django_session_pkey; Type: CONSTRAINT; Schema: public; Owner: postgres
--

ALTER TABLE ONLY public.django_session
    ADD CONSTRAINT django_session_pkey PRIMARY KEY (session_key);


--
-- TOC entry 5044 (class 2606 OID 294248)
-- Name: favorite_course favorite_course_pkey; Type: CONSTRAINT; Schema: public; Owner: postgres
--

ALTER TABLE ONLY public.favorite_course
    ADD CONSTRAINT favorite_course_pkey PRIMARY KEY (id);


--
-- TOC entry 5047 (class 2606 OID 294250)
-- Name: favorite_course favorite_course_user_id_course_id_1b21fb41_uniq; Type: CONSTRAINT; Schema: public; Owner: postgres
--

ALTER TABLE ONLY public.favorite_course
    ADD CONSTRAINT favorite_course_user_id_course_id_1b21fb41_uniq UNIQUE (user_id, course_id);


--
-- TOC entry 5005 (class 2606 OID 225291)
-- Name: feedback feedback_pkey; Type: CONSTRAINT; Schema: public; Owner: postgres
--

ALTER TABLE ONLY public.feedback
    ADD CONSTRAINT feedback_pkey PRIMARY KEY (id);


--
-- TOC entry 5007 (class 2606 OID 225293)
-- Name: feedback feedback_user_practical_assignment_id_key; Type: CONSTRAINT; Schema: public; Owner: postgres
--

ALTER TABLE ONLY public.feedback
    ADD CONSTRAINT feedback_user_practical_assignment_id_key UNIQUE (user_practical_assignment_id);


--
-- TOC entry 4923 (class 2606 OID 225152)
-- Name: lecture lecture_pkey; Type: CONSTRAINT; Schema: public; Owner: postgres
--

ALTER TABLE ONLY public.lecture
    ADD CONSTRAINT lecture_pkey PRIMARY KEY (id);


--
-- TOC entry 5036 (class 2606 OID 286042)
-- Name: login_attempts login_attempts_pkey; Type: CONSTRAINT; Schema: public; Owner: postgres
--

ALTER TABLE ONLY public.login_attempts
    ADD CONSTRAINT login_attempts_pkey PRIMARY KEY (id);


--
-- TOC entry 4939 (class 2606 OID 225182)
-- Name: matching_pair matching_pair_pkey; Type: CONSTRAINT; Schema: public; Owner: postgres
--

ALTER TABLE ONLY public.matching_pair
    ADD CONSTRAINT matching_pair_pkey PRIMARY KEY (id);


--
-- TOC entry 4927 (class 2606 OID 225158)
-- Name: password_reset_code password_reset_code_pkey; Type: CONSTRAINT; Schema: public; Owner: postgres
--

ALTER TABLE ONLY public.password_reset_code
    ADD CONSTRAINT password_reset_code_pkey PRIMARY KEY (id);


--
-- TOC entry 4931 (class 2606 OID 225166)
-- Name: practical_assignment practical_assignment_pkey; Type: CONSTRAINT; Schema: public; Owner: postgres
--

ALTER TABLE ONLY public.practical_assignment
    ADD CONSTRAINT practical_assignment_pkey PRIMARY KEY (id);


--
-- TOC entry 4934 (class 2606 OID 225174)
-- Name: question question_pkey; Type: CONSTRAINT; Schema: public; Owner: postgres
--

ALTER TABLE ONLY public.question
    ADD CONSTRAINT question_pkey PRIMARY KEY (id);


--
-- TOC entry 4946 (class 2606 OID 225326)
-- Name: review review_course_id_user_id_b7c30f31_uniq; Type: CONSTRAINT; Schema: public; Owner: postgres
--

ALTER TABLE ONLY public.review
    ADD CONSTRAINT review_course_id_user_id_b7c30f31_uniq UNIQUE (course_id, user_id);


--
-- TOC entry 4948 (class 2606 OID 225198)
-- Name: review review_pkey; Type: CONSTRAINT; Schema: public; Owner: postgres
--

ALTER TABLE ONLY public.review
    ADD CONSTRAINT review_pkey PRIMARY KEY (id);


--
-- TOC entry 4951 (class 2606 OID 225207)
-- Name: role role_pkey; Type: CONSTRAINT; Schema: public; Owner: postgres
--

ALTER TABLE ONLY public.role
    ADD CONSTRAINT role_pkey PRIMARY KEY (id);


--
-- TOC entry 4954 (class 2606 OID 225209)
-- Name: role role_role_name_key; Type: CONSTRAINT; Schema: public; Owner: postgres
--

ALTER TABLE ONLY public.role
    ADD CONSTRAINT role_role_name_key UNIQUE (role_name);


--
-- TOC entry 5050 (class 2606 OID 302465)
-- Name: teacher_application teacher_application_pkey; Type: CONSTRAINT; Schema: public; Owner: postgres
--

ALTER TABLE ONLY public.teacher_application
    ADD CONSTRAINT teacher_application_pkey PRIMARY KEY (id);


--
-- TOC entry 5053 (class 2606 OID 302467)
-- Name: teacher_application teacher_application_teacher_id_course_id_4ef75005_uniq; Type: CONSTRAINT; Schema: public; Owner: postgres
--

ALTER TABLE ONLY public.teacher_application
    ADD CONSTRAINT teacher_application_teacher_id_course_id_4ef75005_uniq UNIQUE (teacher_id, course_id);


--
-- TOC entry 4956 (class 2606 OID 225222)
-- Name: teacher_assignment_file teacher_assignment_file_pkey; Type: CONSTRAINT; Schema: public; Owner: postgres
--

ALTER TABLE ONLY public.teacher_assignment_file
    ADD CONSTRAINT teacher_assignment_file_pkey PRIMARY KEY (id);


--
-- TOC entry 4961 (class 2606 OID 225230)
-- Name: test test_pkey; Type: CONSTRAINT; Schema: public; Owner: postgres
--

ALTER TABLE ONLY public.test
    ADD CONSTRAINT test_pkey PRIMARY KEY (id);


--
-- TOC entry 4963 (class 2606 OID 225241)
-- Name: test_result test_result_pkey; Type: CONSTRAINT; Schema: public; Owner: postgres
--

ALTER TABLE ONLY public.test_result
    ADD CONSTRAINT test_result_pkey PRIMARY KEY (id);


--
-- TOC entry 4967 (class 2606 OID 225341)
-- Name: test_result test_result_user_id_test_id_attempt_number_64d3a05c_uniq; Type: CONSTRAINT; Schema: public; Owner: postgres
--

ALTER TABLE ONLY public.test_result
    ADD CONSTRAINT test_result_user_id_test_id_attempt_number_64d3a05c_uniq UNIQUE (user_id, test_id, attempt_number);


--
-- TOC entry 4925 (class 2606 OID 225320)
-- Name: lecture unique_lecture_order_course; Type: CONSTRAINT; Schema: public; Owner: postgres
--

ALTER TABLE ONLY public.lecture
    ADD CONSTRAINT unique_lecture_order_course UNIQUE (course_id, lecture_order);


--
-- TOC entry 4937 (class 2606 OID 225337)
-- Name: question unique_question_order_test; Type: CONSTRAINT; Schema: public; Owner: postgres
--

ALTER TABLE ONLY public.question
    ADD CONSTRAINT unique_question_order_test UNIQUE (test_id, question_order);


--
-- TOC entry 4997 (class 2606 OID 225356)
-- Name: user_practical_assignment unique_user_assignment_attempt; Type: CONSTRAINT; Schema: public; Owner: postgres
--

ALTER TABLE ONLY public.user_practical_assignment
    ADD CONSTRAINT unique_user_assignment_attempt UNIQUE (user_id, practical_assignment_id, attempt_number);


--
-- TOC entry 4969 (class 2606 OID 225249)
-- Name: user_answer user_answer_pkey; Type: CONSTRAINT; Schema: public; Owner: postgres
--

ALTER TABLE ONLY public.user_answer
    ADD CONSTRAINT user_answer_pkey PRIMARY KEY (id);


--
-- TOC entry 4973 (class 2606 OID 225345)
-- Name: user_answer user_answer_user_id_question_id_attempt_number_c12aabc5_uniq; Type: CONSTRAINT; Schema: public; Owner: postgres
--

ALTER TABLE ONLY public.user_answer
    ADD CONSTRAINT user_answer_user_id_question_id_attempt_number_c12aabc5_uniq UNIQUE (user_id, question_id, attempt_number);


--
-- TOC entry 4977 (class 2606 OID 225255)
-- Name: user_course user_course_pkey; Type: CONSTRAINT; Schema: public; Owner: postgres
--

ALTER TABLE ONLY public.user_course
    ADD CONSTRAINT user_course_pkey PRIMARY KEY (id);


--
-- TOC entry 4982 (class 2606 OID 225350)
-- Name: user_course user_course_user_id_course_id_0aed58f1_uniq; Type: CONSTRAINT; Schema: public; Owner: postgres
--

ALTER TABLE ONLY public.user_course
    ADD CONSTRAINT user_course_user_id_course_id_0aed58f1_uniq UNIQUE (user_id, course_id);


--
-- TOC entry 4887 (class 2606 OID 225103)
-- Name: user user_email_key; Type: CONSTRAINT; Schema: public; Owner: postgres
--

ALTER TABLE ONLY public."user"
    ADD CONSTRAINT user_email_key UNIQUE (email);


--
-- TOC entry 4896 (class 2606 OID 225111)
-- Name: user_groups user_groups_pkey; Type: CONSTRAINT; Schema: public; Owner: postgres
--

ALTER TABLE ONLY public.user_groups
    ADD CONSTRAINT user_groups_pkey PRIMARY KEY (id);


--
-- TOC entry 4899 (class 2606 OID 225365)
-- Name: user_groups user_groups_user_id_group_id_40beef00_uniq; Type: CONSTRAINT; Schema: public; Owner: postgres
--

ALTER TABLE ONLY public.user_groups
    ADD CONSTRAINT user_groups_user_id_group_id_40beef00_uniq UNIQUE (user_id, group_id);


--
-- TOC entry 4992 (class 2606 OID 225275)
-- Name: user_matching_answer user_matching_answer_pkey; Type: CONSTRAINT; Schema: public; Owner: postgres
--

ALTER TABLE ONLY public.user_matching_answer
    ADD CONSTRAINT user_matching_answer_pkey PRIMARY KEY (id);


--
-- TOC entry 4995 (class 2606 OID 225353)
-- Name: user_matching_answer user_matching_answer_user_answer_id_matching__724d2664_uniq; Type: CONSTRAINT; Schema: public; Owner: postgres
--

ALTER TABLE ONLY public.user_matching_answer
    ADD CONSTRAINT user_matching_answer_user_answer_id_matching__724d2664_uniq UNIQUE (user_answer_id, matching_pair_id);


--
-- TOC entry 4889 (class 2606 OID 225101)
-- Name: user user_pkey; Type: CONSTRAINT; Schema: public; Owner: postgres
--

ALTER TABLE ONLY public."user"
    ADD CONSTRAINT user_pkey PRIMARY KEY (id);


--
-- TOC entry 4999 (class 2606 OID 225283)
-- Name: user_practical_assignment user_practical_assignment_pkey; Type: CONSTRAINT; Schema: public; Owner: postgres
--

ALTER TABLE ONLY public.user_practical_assignment
    ADD CONSTRAINT user_practical_assignment_pkey PRIMARY KEY (id);


--
-- TOC entry 5013 (class 2606 OID 225307)
-- Name: user_selected_choice user_selected_choice_pkey; Type: CONSTRAINT; Schema: public; Owner: postgres
--

ALTER TABLE ONLY public.user_selected_choice
    ADD CONSTRAINT user_selected_choice_pkey PRIMARY KEY (id);


--
-- TOC entry 5016 (class 2606 OID 225359)
-- Name: user_selected_choice user_selected_choice_user_answer_id_choice_op_09302079_uniq; Type: CONSTRAINT; Schema: public; Owner: postgres
--

ALTER TABLE ONLY public.user_selected_choice
    ADD CONSTRAINT user_selected_choice_user_answer_id_choice_op_09302079_uniq UNIQUE (user_answer_id, choice_option_id);


--
-- TOC entry 4902 (class 2606 OID 225117)
-- Name: user_user_permissions user_user_permissions_pkey; Type: CONSTRAINT; Schema: public; Owner: postgres
--

ALTER TABLE ONLY public.user_user_permissions
    ADD CONSTRAINT user_user_permissions_pkey PRIMARY KEY (id);


--
-- TOC entry 4905 (class 2606 OID 225379)
-- Name: user_user_permissions user_user_permissions_user_id_permission_id_7dc6e2e0_uniq; Type: CONSTRAINT; Schema: public; Owner: postgres
--

ALTER TABLE ONLY public.user_user_permissions
    ADD CONSTRAINT user_user_permissions_user_id_permission_id_7dc6e2e0_uniq UNIQUE (user_id, permission_id);


--
-- TOC entry 4893 (class 2606 OID 225105)
-- Name: user user_username_key; Type: CONSTRAINT; Schema: public; Owner: postgres
--

ALTER TABLE ONLY public."user"
    ADD CONSTRAINT user_username_key UNIQUE (username);


--
-- TOC entry 4875 (class 1259 OID 225360)
-- Name: answer_type_answer_type_name_173fbdfb_like; Type: INDEX; Schema: public; Owner: postgres
--

CREATE INDEX answer_type_answer_type_name_173fbdfb_like ON public.answer_type USING btree (answer_type_name varchar_pattern_ops);


--
-- TOC entry 4906 (class 1259 OID 225392)
-- Name: assignment_status_assignment_status_name_3ce650fd_like; Type: INDEX; Schema: public; Owner: postgres
--

CREATE INDEX assignment_status_assignment_status_name_3ce650fd_like ON public.assignment_status USING btree (assignment_status_name varchar_pattern_ops);


--
-- TOC entry 5010 (class 1259 OID 225569)
-- Name: assignment_submission_file_user_assignment_id_e57c2f15; Type: INDEX; Schema: public; Owner: postgres
--

CREATE INDEX assignment_submission_file_user_assignment_id_e57c2f15 ON public.assignment_submission_file USING btree (user_assignment_id);


--
-- TOC entry 4864 (class 1259 OID 225073)
-- Name: auth_group_name_a6ea08ec_like; Type: INDEX; Schema: public; Owner: postgres
--

CREATE INDEX auth_group_name_a6ea08ec_like ON public.auth_group USING btree (name varchar_pattern_ops);


--
-- TOC entry 4869 (class 1259 OID 225069)
-- Name: auth_group_permissions_group_id_b120cbf9; Type: INDEX; Schema: public; Owner: postgres
--

CREATE INDEX auth_group_permissions_group_id_b120cbf9 ON public.auth_group_permissions USING btree (group_id);


--
-- TOC entry 4872 (class 1259 OID 225070)
-- Name: auth_group_permissions_permission_id_84c5c92e; Type: INDEX; Schema: public; Owner: postgres
--

CREATE INDEX auth_group_permissions_permission_id_84c5c92e ON public.auth_group_permissions USING btree (permission_id);


--
-- TOC entry 4859 (class 1259 OID 225055)
-- Name: auth_permission_content_type_id_2f476e4b; Type: INDEX; Schema: public; Owner: postgres
--

CREATE INDEX auth_permission_content_type_id_2f476e4b ON public.auth_permission USING btree (content_type_id);


--
-- TOC entry 4983 (class 1259 OID 225522)
-- Name: certificate_certificate_number_8a9605fc_like; Type: INDEX; Schema: public; Owner: postgres
--

CREATE INDEX certificate_certificate_number_8a9605fc_like ON public.certificate USING btree (certificate_number varchar_pattern_ops);


--
-- TOC entry 4943 (class 1259 OID 225447)
-- Name: choice_option_question_id_591bffeb; Type: INDEX; Schema: public; Owner: postgres
--

CREATE INDEX choice_option_question_id_591bffeb ON public.choice_option USING btree (question_id);


--
-- TOC entry 4911 (class 1259 OID 225393)
-- Name: course_category_course_category_name_20319402_like; Type: INDEX; Schema: public; Owner: postgres
--

CREATE INDEX course_category_course_category_name_20319402_like ON public.course_category USING btree (course_category_name varchar_pattern_ops);


--
-- TOC entry 4916 (class 1259 OID 225410)
-- Name: course_course_category_id_4356d303; Type: INDEX; Schema: public; Owner: postgres
--

CREATE INDEX course_course_category_id_4356d303 ON public.course USING btree (course_category_id);


--
-- TOC entry 4917 (class 1259 OID 225411)
-- Name: course_course_type_id_394a09df; Type: INDEX; Schema: public; Owner: postgres
--

CREATE INDEX course_course_type_id_394a09df ON public.course USING btree (course_type_id);


--
-- TOC entry 4918 (class 1259 OID 225409)
-- Name: course_created_by_id_35db9350; Type: INDEX; Schema: public; Owner: postgres
--

CREATE INDEX course_created_by_id_35db9350 ON public.course USING btree (created_by_id);


--
-- TOC entry 5017 (class 1259 OID 225594)
-- Name: course_teacher_course_id_1b7990cd; Type: INDEX; Schema: public; Owner: postgres
--

CREATE INDEX course_teacher_course_id_1b7990cd ON public.course_teacher USING btree (course_id);


--
-- TOC entry 5022 (class 1259 OID 225595)
-- Name: course_teacher_teacher_id_eb2a1071; Type: INDEX; Schema: public; Owner: postgres
--

CREATE INDEX course_teacher_teacher_id_eb2a1071 ON public.course_teacher USING btree (teacher_id);


--
-- TOC entry 4880 (class 1259 OID 225361)
-- Name: course_type_course_type_name_abb5b4d2_like; Type: INDEX; Schema: public; Owner: postgres
--

CREATE INDEX course_type_course_type_name_abb5b4d2_like ON public.course_type USING btree (course_type_name varchar_pattern_ops);


--
-- TOC entry 5023 (class 1259 OID 225615)
-- Name: django_admin_log_content_type_id_c4bce8eb; Type: INDEX; Schema: public; Owner: postgres
--

CREATE INDEX django_admin_log_content_type_id_c4bce8eb ON public.django_admin_log USING btree (content_type_id);


--
-- TOC entry 5026 (class 1259 OID 225616)
-- Name: django_admin_log_user_id_c564eba6; Type: INDEX; Schema: public; Owner: postgres
--

CREATE INDEX django_admin_log_user_id_c564eba6 ON public.django_admin_log USING btree (user_id);


--
-- TOC entry 5027 (class 1259 OID 225625)
-- Name: django_session_expire_date_a5c62663; Type: INDEX; Schema: public; Owner: postgres
--

CREATE INDEX django_session_expire_date_a5c62663 ON public.django_session USING btree (expire_date);


--
-- TOC entry 5030 (class 1259 OID 225624)
-- Name: django_session_session_key_c0390e0f_like; Type: INDEX; Schema: public; Owner: postgres
--

CREATE INDEX django_session_session_key_c0390e0f_like ON public.django_session USING btree (session_key varchar_pattern_ops);


--
-- TOC entry 5040 (class 1259 OID 294264)
-- Name: favorite_co_course__ee5693_idx; Type: INDEX; Schema: public; Owner: postgres
--

CREATE INDEX favorite_co_course__ee5693_idx ON public.favorite_course USING btree (course_id);


--
-- TOC entry 5041 (class 1259 OID 294263)
-- Name: favorite_co_user_id_12abbd_idx; Type: INDEX; Schema: public; Owner: postgres
--

CREATE INDEX favorite_co_user_id_12abbd_idx ON public.favorite_course USING btree (user_id, added_at);


--
-- TOC entry 5042 (class 1259 OID 294261)
-- Name: favorite_course_course_id_ce264247; Type: INDEX; Schema: public; Owner: postgres
--

CREATE INDEX favorite_course_course_id_ce264247 ON public.favorite_course USING btree (course_id);


--
-- TOC entry 5045 (class 1259 OID 294262)
-- Name: favorite_course_user_id_3586b3b3; Type: INDEX; Schema: public; Owner: postgres
--

CREATE INDEX favorite_course_user_id_3586b3b3 ON public.favorite_course USING btree (user_id);


--
-- TOC entry 5003 (class 1259 OID 225563)
-- Name: feedback_given_by_id_d9ac0602; Type: INDEX; Schema: public; Owner: postgres
--

CREATE INDEX feedback_given_by_id_d9ac0602 ON public.feedback USING btree (given_by_id);


--
-- TOC entry 4921 (class 1259 OID 225417)
-- Name: lecture_course_id_70e938b2; Type: INDEX; Schema: public; Owner: postgres
--

CREATE INDEX lecture_course_id_70e938b2 ON public.lecture USING btree (course_id);


--
-- TOC entry 5031 (class 1259 OID 286046)
-- Name: login_attem_ip_addr_d70b51_idx; Type: INDEX; Schema: public; Owner: postgres
--

CREATE INDEX login_attem_ip_addr_d70b51_idx ON public.login_attempts USING btree (ip_address, attempt_time);


--
-- TOC entry 5032 (class 1259 OID 294271)
-- Name: login_attem_user_id_910899_idx; Type: INDEX; Schema: public; Owner: postgres
--

CREATE INDEX login_attem_user_id_910899_idx ON public.login_attempts USING btree (user_id, attempt_time);


--
-- TOC entry 5033 (class 1259 OID 286047)
-- Name: login_attem_usernam_3815a1_idx; Type: INDEX; Schema: public; Owner: postgres
--

CREATE INDEX login_attem_usernam_3815a1_idx ON public.login_attempts USING btree (username, attempt_time);


--
-- TOC entry 5034 (class 1259 OID 286045)
-- Name: login_attempts_ip_address_29028e8c; Type: INDEX; Schema: public; Owner: postgres
--

CREATE INDEX login_attempts_ip_address_29028e8c ON public.login_attempts USING btree (ip_address);


--
-- TOC entry 5037 (class 1259 OID 294272)
-- Name: login_attempts_user_id_8779072f; Type: INDEX; Schema: public; Owner: postgres
--

CREATE INDEX login_attempts_user_id_8779072f ON public.login_attempts USING btree (user_id);


--
-- TOC entry 5038 (class 1259 OID 286043)
-- Name: login_attempts_username_8a8ff234; Type: INDEX; Schema: public; Owner: postgres
--

CREATE INDEX login_attempts_username_8a8ff234 ON public.login_attempts USING btree (username);


--
-- TOC entry 5039 (class 1259 OID 286044)
-- Name: login_attempts_username_8a8ff234_like; Type: INDEX; Schema: public; Owner: postgres
--

CREATE INDEX login_attempts_username_8a8ff234_like ON public.login_attempts USING btree (username varchar_pattern_ops);


--
-- TOC entry 4940 (class 1259 OID 225441)
-- Name: matching_pair_question_id_b626f4fa; Type: INDEX; Schema: public; Owner: postgres
--

CREATE INDEX matching_pair_question_id_b626f4fa ON public.matching_pair USING btree (question_id);


--
-- TOC entry 4928 (class 1259 OID 225423)
-- Name: password_reset_code_user_id_ca6e1962; Type: INDEX; Schema: public; Owner: postgres
--

CREATE INDEX password_reset_code_user_id_ca6e1962 ON public.password_reset_code USING btree (user_id);


--
-- TOC entry 4929 (class 1259 OID 225429)
-- Name: practical_assignment_lecture_id_b866701b; Type: INDEX; Schema: public; Owner: postgres
--

CREATE INDEX practical_assignment_lecture_id_b866701b ON public.practical_assignment USING btree (lecture_id);


--
-- TOC entry 4932 (class 1259 OID 225435)
-- Name: question_answer_type_id_9111b471; Type: INDEX; Schema: public; Owner: postgres
--

CREATE INDEX question_answer_type_id_9111b471 ON public.question USING btree (answer_type_id);


--
-- TOC entry 4935 (class 1259 OID 225480)
-- Name: question_test_id_6c277152; Type: INDEX; Schema: public; Owner: postgres
--

CREATE INDEX question_test_id_6c277152 ON public.question USING btree (test_id);


--
-- TOC entry 4944 (class 1259 OID 225458)
-- Name: review_course_id_0a31fb86; Type: INDEX; Schema: public; Owner: postgres
--

CREATE INDEX review_course_id_0a31fb86 ON public.review USING btree (course_id);


--
-- TOC entry 4949 (class 1259 OID 225459)
-- Name: review_user_id_1520d914; Type: INDEX; Schema: public; Owner: postgres
--

CREATE INDEX review_user_id_1520d914 ON public.review USING btree (user_id);


--
-- TOC entry 4952 (class 1259 OID 225460)
-- Name: role_role_name_d4cf81e5_like; Type: INDEX; Schema: public; Owner: postgres
--

CREATE INDEX role_role_name_d4cf81e5_like ON public.role USING btree (role_name varchar_pattern_ops);


--
-- TOC entry 5048 (class 1259 OID 302478)
-- Name: teacher_application_course_id_54191aee; Type: INDEX; Schema: public; Owner: postgres
--

CREATE INDEX teacher_application_course_id_54191aee ON public.teacher_application USING btree (course_id);


--
-- TOC entry 5051 (class 1259 OID 302479)
-- Name: teacher_application_teacher_id_287f8226; Type: INDEX; Schema: public; Owner: postgres
--

CREATE INDEX teacher_application_teacher_id_287f8226 ON public.teacher_application USING btree (teacher_id);


--
-- TOC entry 4957 (class 1259 OID 225472)
-- Name: teacher_assignment_file_practical_assignment_id_cb7772cf; Type: INDEX; Schema: public; Owner: postgres
--

CREATE INDEX teacher_assignment_file_practical_assignment_id_cb7772cf ON public.teacher_assignment_file USING btree (practical_assignment_id);


--
-- TOC entry 4958 (class 1259 OID 225473)
-- Name: teacher_assignment_file_uploaded_by_id_2bf4186a; Type: INDEX; Schema: public; Owner: postgres
--

CREATE INDEX teacher_assignment_file_uploaded_by_id_2bf4186a ON public.teacher_assignment_file USING btree (uploaded_by_id);


--
-- TOC entry 4959 (class 1259 OID 225479)
-- Name: test_lecture_id_31ebf79a; Type: INDEX; Schema: public; Owner: postgres
--

CREATE INDEX test_lecture_id_31ebf79a ON public.test USING btree (lecture_id);


--
-- TOC entry 4964 (class 1259 OID 225491)
-- Name: test_result_test_id_de0c0a88; Type: INDEX; Schema: public; Owner: postgres
--

CREATE INDEX test_result_test_id_de0c0a88 ON public.test_result USING btree (test_id);


--
-- TOC entry 4965 (class 1259 OID 225492)
-- Name: test_result_user_id_42e76a6b; Type: INDEX; Schema: public; Owner: postgres
--

CREATE INDEX test_result_user_id_42e76a6b ON public.test_result USING btree (user_id);


--
-- TOC entry 4970 (class 1259 OID 225503)
-- Name: user_answer_question_id_62eab67d; Type: INDEX; Schema: public; Owner: postgres
--

CREATE INDEX user_answer_question_id_62eab67d ON public.user_answer USING btree (question_id);


--
-- TOC entry 4971 (class 1259 OID 225504)
-- Name: user_answer_user_id_c5d32cc6; Type: INDEX; Schema: public; Owner: postgres
--

CREATE INDEX user_answer_user_id_c5d32cc6 ON public.user_answer USING btree (user_id);


--
-- TOC entry 4974 (class 1259 OID 233824)
-- Name: user_course_complet_da2eb9_idx; Type: INDEX; Schema: public; Owner: postgres
--

CREATE INDEX user_course_complet_da2eb9_idx ON public.user_course USING btree (completion_date);


--
-- TOC entry 4975 (class 1259 OID 225515)
-- Name: user_course_course_id_01715d98; Type: INDEX; Schema: public; Owner: postgres
--

CREATE INDEX user_course_course_id_01715d98 ON public.user_course USING btree (course_id);


--
-- TOC entry 4978 (class 1259 OID 233823)
-- Name: user_course_registr_190d7f_idx; Type: INDEX; Schema: public; Owner: postgres
--

CREATE INDEX user_course_registr_190d7f_idx ON public.user_course USING btree (registration_date);


--
-- TOC entry 4979 (class 1259 OID 233822)
-- Name: user_course_user_id_33d674_idx; Type: INDEX; Schema: public; Owner: postgres
--

CREATE INDEX user_course_user_id_33d674_idx ON public.user_course USING btree (user_id, status_course);


--
-- TOC entry 4980 (class 1259 OID 225516)
-- Name: user_course_user_id_496a571e; Type: INDEX; Schema: public; Owner: postgres
--

CREATE INDEX user_course_user_id_496a571e ON public.user_course USING btree (user_id);


--
-- TOC entry 4885 (class 1259 OID 225362)
-- Name: user_email_54dc62b2_like; Type: INDEX; Schema: public; Owner: postgres
--

CREATE INDEX user_email_54dc62b2_like ON public."user" USING btree (email varchar_pattern_ops);


--
-- TOC entry 4894 (class 1259 OID 225377)
-- Name: user_groups_group_id_b76f8aba; Type: INDEX; Schema: public; Owner: postgres
--

CREATE INDEX user_groups_group_id_b76f8aba ON public.user_groups USING btree (group_id);


--
-- TOC entry 4897 (class 1259 OID 225376)
-- Name: user_groups_user_id_abaea130; Type: INDEX; Schema: public; Owner: postgres
--

CREATE INDEX user_groups_user_id_abaea130 ON public.user_groups USING btree (user_id);


--
-- TOC entry 4990 (class 1259 OID 225533)
-- Name: user_matching_answer_matching_pair_id_c1596c76; Type: INDEX; Schema: public; Owner: postgres
--

CREATE INDEX user_matching_answer_matching_pair_id_c1596c76 ON public.user_matching_answer USING btree (matching_pair_id);


--
-- TOC entry 4993 (class 1259 OID 225534)
-- Name: user_matching_answer_user_answer_id_d6d41324; Type: INDEX; Schema: public; Owner: postgres
--

CREATE INDEX user_matching_answer_user_answer_id_d6d41324 ON public.user_matching_answer USING btree (user_answer_id);


--
-- TOC entry 5000 (class 1259 OID 225550)
-- Name: user_practical_assignment_practical_assignment_id_5ed6e43d; Type: INDEX; Schema: public; Owner: postgres
--

CREATE INDEX user_practical_assignment_practical_assignment_id_5ed6e43d ON public.user_practical_assignment USING btree (practical_assignment_id);


--
-- TOC entry 5001 (class 1259 OID 225551)
-- Name: user_practical_assignment_submission_status_id_db7a08be; Type: INDEX; Schema: public; Owner: postgres
--

CREATE INDEX user_practical_assignment_submission_status_id_db7a08be ON public.user_practical_assignment USING btree (submission_status_id);


--
-- TOC entry 5002 (class 1259 OID 225552)
-- Name: user_practical_assignment_user_id_ebf31370; Type: INDEX; Schema: public; Owner: postgres
--

CREATE INDEX user_practical_assignment_user_id_ebf31370 ON public.user_practical_assignment USING btree (user_id);


--
-- TOC entry 4890 (class 1259 OID 225461)
-- Name: user_role_id_c3a87a3d; Type: INDEX; Schema: public; Owner: postgres
--

CREATE INDEX user_role_id_c3a87a3d ON public."user" USING btree (role_id);


--
-- TOC entry 5011 (class 1259 OID 225580)
-- Name: user_selected_choice_choice_option_id_a2738e8a; Type: INDEX; Schema: public; Owner: postgres
--

CREATE INDEX user_selected_choice_choice_option_id_a2738e8a ON public.user_selected_choice USING btree (choice_option_id);


--
-- TOC entry 5014 (class 1259 OID 225581)
-- Name: user_selected_choice_user_answer_id_1f8ac803; Type: INDEX; Schema: public; Owner: postgres
--

CREATE INDEX user_selected_choice_user_answer_id_1f8ac803 ON public.user_selected_choice USING btree (user_answer_id);


--
-- TOC entry 4900 (class 1259 OID 225391)
-- Name: user_user_permissions_permission_id_9deb68a3; Type: INDEX; Schema: public; Owner: postgres
--

CREATE INDEX user_user_permissions_permission_id_9deb68a3 ON public.user_user_permissions USING btree (permission_id);


--
-- TOC entry 4903 (class 1259 OID 225390)
-- Name: user_user_permissions_user_id_ed4a47ea; Type: INDEX; Schema: public; Owner: postgres
--

CREATE INDEX user_user_permissions_user_id_ed4a47ea ON public.user_user_permissions USING btree (user_id);


--
-- TOC entry 4891 (class 1259 OID 225363)
-- Name: user_username_cf016618_like; Type: INDEX; Schema: public; Owner: postgres
--

CREATE INDEX user_username_cf016618_like ON public."user" USING btree (username varchar_pattern_ops);


--
-- TOC entry 5091 (class 2606 OID 225564)
-- Name: assignment_submission_file assignment_submissio_user_assignment_id_e57c2f15_fk_user_prac; Type: FK CONSTRAINT; Schema: public; Owner: postgres
--

ALTER TABLE ONLY public.assignment_submission_file
    ADD CONSTRAINT assignment_submissio_user_assignment_id_e57c2f15_fk_user_prac FOREIGN KEY (user_assignment_id) REFERENCES public.user_practical_assignment(id) DEFERRABLE INITIALLY DEFERRED;


--
-- TOC entry 5055 (class 2606 OID 225064)
-- Name: auth_group_permissions auth_group_permissio_permission_id_84c5c92e_fk_auth_perm; Type: FK CONSTRAINT; Schema: public; Owner: postgres
--

ALTER TABLE ONLY public.auth_group_permissions
    ADD CONSTRAINT auth_group_permissio_permission_id_84c5c92e_fk_auth_perm FOREIGN KEY (permission_id) REFERENCES public.auth_permission(id) DEFERRABLE INITIALLY DEFERRED;


--
-- TOC entry 5056 (class 2606 OID 225059)
-- Name: auth_group_permissions auth_group_permissions_group_id_b120cbf9_fk_auth_group_id; Type: FK CONSTRAINT; Schema: public; Owner: postgres
--

ALTER TABLE ONLY public.auth_group_permissions
    ADD CONSTRAINT auth_group_permissions_group_id_b120cbf9_fk_auth_group_id FOREIGN KEY (group_id) REFERENCES public.auth_group(id) DEFERRABLE INITIALLY DEFERRED;


--
-- TOC entry 5054 (class 2606 OID 225050)
-- Name: auth_permission auth_permission_content_type_id_2f476e4b_fk_django_co; Type: FK CONSTRAINT; Schema: public; Owner: postgres
--

ALTER TABLE ONLY public.auth_permission
    ADD CONSTRAINT auth_permission_content_type_id_2f476e4b_fk_django_co FOREIGN KEY (content_type_id) REFERENCES public.django_content_type(id) DEFERRABLE INITIALLY DEFERRED;


--
-- TOC entry 5083 (class 2606 OID 225517)
-- Name: certificate certificate_user_course_id_e50c5039_fk_user_course_id; Type: FK CONSTRAINT; Schema: public; Owner: postgres
--

ALTER TABLE ONLY public.certificate
    ADD CONSTRAINT certificate_user_course_id_e50c5039_fk_user_course_id FOREIGN KEY (user_course_id) REFERENCES public.user_course(id) DEFERRABLE INITIALLY DEFERRED;


--
-- TOC entry 5071 (class 2606 OID 225442)
-- Name: choice_option choice_option_question_id_591bffeb_fk_question_id; Type: FK CONSTRAINT; Schema: public; Owner: postgres
--

ALTER TABLE ONLY public.choice_option
    ADD CONSTRAINT choice_option_question_id_591bffeb_fk_question_id FOREIGN KEY (question_id) REFERENCES public.question(id) DEFERRABLE INITIALLY DEFERRED;


--
-- TOC entry 5062 (class 2606 OID 225399)
-- Name: course course_course_category_id_4356d303_fk_course_category_id; Type: FK CONSTRAINT; Schema: public; Owner: postgres
--

ALTER TABLE ONLY public.course
    ADD CONSTRAINT course_course_category_id_4356d303_fk_course_category_id FOREIGN KEY (course_category_id) REFERENCES public.course_category(id) DEFERRABLE INITIALLY DEFERRED;


--
-- TOC entry 5063 (class 2606 OID 225404)
-- Name: course course_course_type_id_394a09df_fk_course_type_id; Type: FK CONSTRAINT; Schema: public; Owner: postgres
--

ALTER TABLE ONLY public.course
    ADD CONSTRAINT course_course_type_id_394a09df_fk_course_type_id FOREIGN KEY (course_type_id) REFERENCES public.course_type(id) DEFERRABLE INITIALLY DEFERRED;


--
-- TOC entry 5064 (class 2606 OID 225394)
-- Name: course course_created_by_id_35db9350_fk_user_id; Type: FK CONSTRAINT; Schema: public; Owner: postgres
--

ALTER TABLE ONLY public.course
    ADD CONSTRAINT course_created_by_id_35db9350_fk_user_id FOREIGN KEY (created_by_id) REFERENCES public."user"(id) DEFERRABLE INITIALLY DEFERRED;


--
-- TOC entry 5094 (class 2606 OID 225584)
-- Name: course_teacher course_teacher_course_id_1b7990cd_fk_course_id; Type: FK CONSTRAINT; Schema: public; Owner: postgres
--

ALTER TABLE ONLY public.course_teacher
    ADD CONSTRAINT course_teacher_course_id_1b7990cd_fk_course_id FOREIGN KEY (course_id) REFERENCES public.course(id) DEFERRABLE INITIALLY DEFERRED;


--
-- TOC entry 5095 (class 2606 OID 225589)
-- Name: course_teacher course_teacher_teacher_id_eb2a1071_fk_user_id; Type: FK CONSTRAINT; Schema: public; Owner: postgres
--

ALTER TABLE ONLY public.course_teacher
    ADD CONSTRAINT course_teacher_teacher_id_eb2a1071_fk_user_id FOREIGN KEY (teacher_id) REFERENCES public."user"(id) DEFERRABLE INITIALLY DEFERRED;


--
-- TOC entry 5096 (class 2606 OID 225605)
-- Name: django_admin_log django_admin_log_content_type_id_c4bce8eb_fk_django_co; Type: FK CONSTRAINT; Schema: public; Owner: postgres
--

ALTER TABLE ONLY public.django_admin_log
    ADD CONSTRAINT django_admin_log_content_type_id_c4bce8eb_fk_django_co FOREIGN KEY (content_type_id) REFERENCES public.django_content_type(id) DEFERRABLE INITIALLY DEFERRED;


--
-- TOC entry 5097 (class 2606 OID 225610)
-- Name: django_admin_log django_admin_log_user_id_c564eba6_fk_user_id; Type: FK CONSTRAINT; Schema: public; Owner: postgres
--

ALTER TABLE ONLY public.django_admin_log
    ADD CONSTRAINT django_admin_log_user_id_c564eba6_fk_user_id FOREIGN KEY (user_id) REFERENCES public."user"(id) DEFERRABLE INITIALLY DEFERRED;


--
-- TOC entry 5099 (class 2606 OID 294251)
-- Name: favorite_course favorite_course_course_id_ce264247_fk_course_id; Type: FK CONSTRAINT; Schema: public; Owner: postgres
--

ALTER TABLE ONLY public.favorite_course
    ADD CONSTRAINT favorite_course_course_id_ce264247_fk_course_id FOREIGN KEY (course_id) REFERENCES public.course(id) DEFERRABLE INITIALLY DEFERRED;


--
-- TOC entry 5100 (class 2606 OID 294256)
-- Name: favorite_course favorite_course_user_id_3586b3b3_fk_user_id; Type: FK CONSTRAINT; Schema: public; Owner: postgres
--

ALTER TABLE ONLY public.favorite_course
    ADD CONSTRAINT favorite_course_user_id_3586b3b3_fk_user_id FOREIGN KEY (user_id) REFERENCES public."user"(id) DEFERRABLE INITIALLY DEFERRED;


--
-- TOC entry 5089 (class 2606 OID 225553)
-- Name: feedback feedback_given_by_id_d9ac0602_fk_user_id; Type: FK CONSTRAINT; Schema: public; Owner: postgres
--

ALTER TABLE ONLY public.feedback
    ADD CONSTRAINT feedback_given_by_id_d9ac0602_fk_user_id FOREIGN KEY (given_by_id) REFERENCES public."user"(id) DEFERRABLE INITIALLY DEFERRED;


--
-- TOC entry 5090 (class 2606 OID 225558)
-- Name: feedback feedback_user_practical_assig_ebb447a3_fk_user_prac; Type: FK CONSTRAINT; Schema: public; Owner: postgres
--

ALTER TABLE ONLY public.feedback
    ADD CONSTRAINT feedback_user_practical_assig_ebb447a3_fk_user_prac FOREIGN KEY (user_practical_assignment_id) REFERENCES public.user_practical_assignment(id) DEFERRABLE INITIALLY DEFERRED;


--
-- TOC entry 5065 (class 2606 OID 225412)
-- Name: lecture lecture_course_id_70e938b2_fk_course_id; Type: FK CONSTRAINT; Schema: public; Owner: postgres
--

ALTER TABLE ONLY public.lecture
    ADD CONSTRAINT lecture_course_id_70e938b2_fk_course_id FOREIGN KEY (course_id) REFERENCES public.course(id) DEFERRABLE INITIALLY DEFERRED;


--
-- TOC entry 5098 (class 2606 OID 294266)
-- Name: login_attempts login_attempts_user_id_8779072f_fk_user_id; Type: FK CONSTRAINT; Schema: public; Owner: postgres
--

ALTER TABLE ONLY public.login_attempts
    ADD CONSTRAINT login_attempts_user_id_8779072f_fk_user_id FOREIGN KEY (user_id) REFERENCES public."user"(id) DEFERRABLE INITIALLY DEFERRED;


--
-- TOC entry 5070 (class 2606 OID 225436)
-- Name: matching_pair matching_pair_question_id_b626f4fa_fk_question_id; Type: FK CONSTRAINT; Schema: public; Owner: postgres
--

ALTER TABLE ONLY public.matching_pair
    ADD CONSTRAINT matching_pair_question_id_b626f4fa_fk_question_id FOREIGN KEY (question_id) REFERENCES public.question(id) DEFERRABLE INITIALLY DEFERRED;


--
-- TOC entry 5066 (class 2606 OID 225418)
-- Name: password_reset_code password_reset_code_user_id_ca6e1962_fk_user_id; Type: FK CONSTRAINT; Schema: public; Owner: postgres
--

ALTER TABLE ONLY public.password_reset_code
    ADD CONSTRAINT password_reset_code_user_id_ca6e1962_fk_user_id FOREIGN KEY (user_id) REFERENCES public."user"(id) DEFERRABLE INITIALLY DEFERRED;


--
-- TOC entry 5067 (class 2606 OID 225424)
-- Name: practical_assignment practical_assignment_lecture_id_b866701b_fk_lecture_id; Type: FK CONSTRAINT; Schema: public; Owner: postgres
--

ALTER TABLE ONLY public.practical_assignment
    ADD CONSTRAINT practical_assignment_lecture_id_b866701b_fk_lecture_id FOREIGN KEY (lecture_id) REFERENCES public.lecture(id) DEFERRABLE INITIALLY DEFERRED;


--
-- TOC entry 5068 (class 2606 OID 225430)
-- Name: question question_answer_type_id_9111b471_fk_answer_type_id; Type: FK CONSTRAINT; Schema: public; Owner: postgres
--

ALTER TABLE ONLY public.question
    ADD CONSTRAINT question_answer_type_id_9111b471_fk_answer_type_id FOREIGN KEY (answer_type_id) REFERENCES public.answer_type(id) DEFERRABLE INITIALLY DEFERRED;


--
-- TOC entry 5069 (class 2606 OID 225231)
-- Name: question question_test_id_6c277152_fk_test_id; Type: FK CONSTRAINT; Schema: public; Owner: postgres
--

ALTER TABLE ONLY public.question
    ADD CONSTRAINT question_test_id_6c277152_fk_test_id FOREIGN KEY (test_id) REFERENCES public.test(id) DEFERRABLE INITIALLY DEFERRED;


--
-- TOC entry 5072 (class 2606 OID 225448)
-- Name: review review_course_id_0a31fb86_fk_course_id; Type: FK CONSTRAINT; Schema: public; Owner: postgres
--

ALTER TABLE ONLY public.review
    ADD CONSTRAINT review_course_id_0a31fb86_fk_course_id FOREIGN KEY (course_id) REFERENCES public.course(id) DEFERRABLE INITIALLY DEFERRED;


--
-- TOC entry 5073 (class 2606 OID 225453)
-- Name: review review_user_id_1520d914_fk_user_id; Type: FK CONSTRAINT; Schema: public; Owner: postgres
--

ALTER TABLE ONLY public.review
    ADD CONSTRAINT review_user_id_1520d914_fk_user_id FOREIGN KEY (user_id) REFERENCES public."user"(id) DEFERRABLE INITIALLY DEFERRED;


--
-- TOC entry 5101 (class 2606 OID 302468)
-- Name: teacher_application teacher_application_course_id_54191aee_fk_course_id; Type: FK CONSTRAINT; Schema: public; Owner: postgres
--

ALTER TABLE ONLY public.teacher_application
    ADD CONSTRAINT teacher_application_course_id_54191aee_fk_course_id FOREIGN KEY (course_id) REFERENCES public.course(id) DEFERRABLE INITIALLY DEFERRED;


--
-- TOC entry 5102 (class 2606 OID 302473)
-- Name: teacher_application teacher_application_teacher_id_287f8226_fk_user_id; Type: FK CONSTRAINT; Schema: public; Owner: postgres
--

ALTER TABLE ONLY public.teacher_application
    ADD CONSTRAINT teacher_application_teacher_id_287f8226_fk_user_id FOREIGN KEY (teacher_id) REFERENCES public."user"(id) DEFERRABLE INITIALLY DEFERRED;


--
-- TOC entry 5074 (class 2606 OID 225462)
-- Name: teacher_assignment_file teacher_assignment_f_practical_assignment_cb7772cf_fk_practical; Type: FK CONSTRAINT; Schema: public; Owner: postgres
--

ALTER TABLE ONLY public.teacher_assignment_file
    ADD CONSTRAINT teacher_assignment_f_practical_assignment_cb7772cf_fk_practical FOREIGN KEY (practical_assignment_id) REFERENCES public.practical_assignment(id) DEFERRABLE INITIALLY DEFERRED;


--
-- TOC entry 5075 (class 2606 OID 225467)
-- Name: teacher_assignment_file teacher_assignment_file_uploaded_by_id_2bf4186a_fk_user_id; Type: FK CONSTRAINT; Schema: public; Owner: postgres
--

ALTER TABLE ONLY public.teacher_assignment_file
    ADD CONSTRAINT teacher_assignment_file_uploaded_by_id_2bf4186a_fk_user_id FOREIGN KEY (uploaded_by_id) REFERENCES public."user"(id) DEFERRABLE INITIALLY DEFERRED;


--
-- TOC entry 5076 (class 2606 OID 225474)
-- Name: test test_lecture_id_31ebf79a_fk_lecture_id; Type: FK CONSTRAINT; Schema: public; Owner: postgres
--

ALTER TABLE ONLY public.test
    ADD CONSTRAINT test_lecture_id_31ebf79a_fk_lecture_id FOREIGN KEY (lecture_id) REFERENCES public.lecture(id) DEFERRABLE INITIALLY DEFERRED;


--
-- TOC entry 5077 (class 2606 OID 225481)
-- Name: test_result test_result_test_id_de0c0a88_fk_test_id; Type: FK CONSTRAINT; Schema: public; Owner: postgres
--

ALTER TABLE ONLY public.test_result
    ADD CONSTRAINT test_result_test_id_de0c0a88_fk_test_id FOREIGN KEY (test_id) REFERENCES public.test(id) DEFERRABLE INITIALLY DEFERRED;


--
-- TOC entry 5078 (class 2606 OID 225486)
-- Name: test_result test_result_user_id_42e76a6b_fk_user_id; Type: FK CONSTRAINT; Schema: public; Owner: postgres
--

ALTER TABLE ONLY public.test_result
    ADD CONSTRAINT test_result_user_id_42e76a6b_fk_user_id FOREIGN KEY (user_id) REFERENCES public."user"(id) DEFERRABLE INITIALLY DEFERRED;


--
-- TOC entry 5079 (class 2606 OID 225493)
-- Name: user_answer user_answer_question_id_62eab67d_fk_question_id; Type: FK CONSTRAINT; Schema: public; Owner: postgres
--

ALTER TABLE ONLY public.user_answer
    ADD CONSTRAINT user_answer_question_id_62eab67d_fk_question_id FOREIGN KEY (question_id) REFERENCES public.question(id) DEFERRABLE INITIALLY DEFERRED;


--
-- TOC entry 5080 (class 2606 OID 225498)
-- Name: user_answer user_answer_user_id_c5d32cc6_fk_user_id; Type: FK CONSTRAINT; Schema: public; Owner: postgres
--

ALTER TABLE ONLY public.user_answer
    ADD CONSTRAINT user_answer_user_id_c5d32cc6_fk_user_id FOREIGN KEY (user_id) REFERENCES public."user"(id) DEFERRABLE INITIALLY DEFERRED;


--
-- TOC entry 5081 (class 2606 OID 225505)
-- Name: user_course user_course_course_id_01715d98_fk_course_id; Type: FK CONSTRAINT; Schema: public; Owner: postgres
--

ALTER TABLE ONLY public.user_course
    ADD CONSTRAINT user_course_course_id_01715d98_fk_course_id FOREIGN KEY (course_id) REFERENCES public.course(id) DEFERRABLE INITIALLY DEFERRED;


--
-- TOC entry 5082 (class 2606 OID 225510)
-- Name: user_course user_course_user_id_496a571e_fk_user_id; Type: FK CONSTRAINT; Schema: public; Owner: postgres
--

ALTER TABLE ONLY public.user_course
    ADD CONSTRAINT user_course_user_id_496a571e_fk_user_id FOREIGN KEY (user_id) REFERENCES public."user"(id) DEFERRABLE INITIALLY DEFERRED;


--
-- TOC entry 5058 (class 2606 OID 225371)
-- Name: user_groups user_groups_group_id_b76f8aba_fk_auth_group_id; Type: FK CONSTRAINT; Schema: public; Owner: postgres
--

ALTER TABLE ONLY public.user_groups
    ADD CONSTRAINT user_groups_group_id_b76f8aba_fk_auth_group_id FOREIGN KEY (group_id) REFERENCES public.auth_group(id) DEFERRABLE INITIALLY DEFERRED;


--
-- TOC entry 5059 (class 2606 OID 225366)
-- Name: user_groups user_groups_user_id_abaea130_fk_user_id; Type: FK CONSTRAINT; Schema: public; Owner: postgres
--

ALTER TABLE ONLY public.user_groups
    ADD CONSTRAINT user_groups_user_id_abaea130_fk_user_id FOREIGN KEY (user_id) REFERENCES public."user"(id) DEFERRABLE INITIALLY DEFERRED;


--
-- TOC entry 5084 (class 2606 OID 225523)
-- Name: user_matching_answer user_matching_answer_matching_pair_id_c1596c76_fk_matching_; Type: FK CONSTRAINT; Schema: public; Owner: postgres
--

ALTER TABLE ONLY public.user_matching_answer
    ADD CONSTRAINT user_matching_answer_matching_pair_id_c1596c76_fk_matching_ FOREIGN KEY (matching_pair_id) REFERENCES public.matching_pair(id) DEFERRABLE INITIALLY DEFERRED;


--
-- TOC entry 5085 (class 2606 OID 225528)
-- Name: user_matching_answer user_matching_answer_user_answer_id_d6d41324_fk_user_answer_id; Type: FK CONSTRAINT; Schema: public; Owner: postgres
--

ALTER TABLE ONLY public.user_matching_answer
    ADD CONSTRAINT user_matching_answer_user_answer_id_d6d41324_fk_user_answer_id FOREIGN KEY (user_answer_id) REFERENCES public.user_answer(id) DEFERRABLE INITIALLY DEFERRED;


--
-- TOC entry 5086 (class 2606 OID 225535)
-- Name: user_practical_assignment user_practical_assig_practical_assignment_5ed6e43d_fk_practical; Type: FK CONSTRAINT; Schema: public; Owner: postgres
--

ALTER TABLE ONLY public.user_practical_assignment
    ADD CONSTRAINT user_practical_assig_practical_assignment_5ed6e43d_fk_practical FOREIGN KEY (practical_assignment_id) REFERENCES public.practical_assignment(id) DEFERRABLE INITIALLY DEFERRED;


--
-- TOC entry 5087 (class 2606 OID 225540)
-- Name: user_practical_assignment user_practical_assig_submission_status_id_db7a08be_fk_assignmen; Type: FK CONSTRAINT; Schema: public; Owner: postgres
--

ALTER TABLE ONLY public.user_practical_assignment
    ADD CONSTRAINT user_practical_assig_submission_status_id_db7a08be_fk_assignmen FOREIGN KEY (submission_status_id) REFERENCES public.assignment_status(id) DEFERRABLE INITIALLY DEFERRED;


--
-- TOC entry 5088 (class 2606 OID 225545)
-- Name: user_practical_assignment user_practical_assignment_user_id_ebf31370_fk_user_id; Type: FK CONSTRAINT; Schema: public; Owner: postgres
--

ALTER TABLE ONLY public.user_practical_assignment
    ADD CONSTRAINT user_practical_assignment_user_id_ebf31370_fk_user_id FOREIGN KEY (user_id) REFERENCES public."user"(id) DEFERRABLE INITIALLY DEFERRED;


--
-- TOC entry 5057 (class 2606 OID 225210)
-- Name: user user_role_id_c3a87a3d_fk_role_id; Type: FK CONSTRAINT; Schema: public; Owner: postgres
--

ALTER TABLE ONLY public."user"
    ADD CONSTRAINT user_role_id_c3a87a3d_fk_role_id FOREIGN KEY (role_id) REFERENCES public.role(id) DEFERRABLE INITIALLY DEFERRED;


--
-- TOC entry 5092 (class 2606 OID 225570)
-- Name: user_selected_choice user_selected_choice_choice_option_id_a2738e8a_fk_choice_op; Type: FK CONSTRAINT; Schema: public; Owner: postgres
--

ALTER TABLE ONLY public.user_selected_choice
    ADD CONSTRAINT user_selected_choice_choice_option_id_a2738e8a_fk_choice_op FOREIGN KEY (choice_option_id) REFERENCES public.choice_option(id) DEFERRABLE INITIALLY DEFERRED;


--
-- TOC entry 5093 (class 2606 OID 225575)
-- Name: user_selected_choice user_selected_choice_user_answer_id_1f8ac803_fk_user_answer_id; Type: FK CONSTRAINT; Schema: public; Owner: postgres
--

ALTER TABLE ONLY public.user_selected_choice
    ADD CONSTRAINT user_selected_choice_user_answer_id_1f8ac803_fk_user_answer_id FOREIGN KEY (user_answer_id) REFERENCES public.user_answer(id) DEFERRABLE INITIALLY DEFERRED;


--
-- TOC entry 5060 (class 2606 OID 225385)
-- Name: user_user_permissions user_user_permission_permission_id_9deb68a3_fk_auth_perm; Type: FK CONSTRAINT; Schema: public; Owner: postgres
--

ALTER TABLE ONLY public.user_user_permissions
    ADD CONSTRAINT user_user_permission_permission_id_9deb68a3_fk_auth_perm FOREIGN KEY (permission_id) REFERENCES public.auth_permission(id) DEFERRABLE INITIALLY DEFERRED;


--
-- TOC entry 5061 (class 2606 OID 225380)
-- Name: user_user_permissions user_user_permissions_user_id_ed4a47ea_fk_user_id; Type: FK CONSTRAINT; Schema: public; Owner: postgres
--

ALTER TABLE ONLY public.user_user_permissions
    ADD CONSTRAINT user_user_permissions_user_id_ed4a47ea_fk_user_id FOREIGN KEY (user_id) REFERENCES public."user"(id) DEFERRABLE INITIALLY DEFERRED;


-- Completed on 2026-04-23 20:46:23

--
-- PostgreSQL database dump complete
--

