--
-- PostgreSQL database dump
--

-- Dumped from database version 16.3
-- Dumped by pg_dump version 16.3

-- Started on 2026-03-16 00:45:51

SET statement_timeout = 0;
SET lock_timeout = 0;
SET idle_in_transaction_session_timeout = 0;
SET client_encoding = 'UTF8';
SET standard_conforming_strings = on;
SELECT pg_catalog.set_config('search_path', '', false);
SET check_function_bodies = false;
SET xmloption = content;
SET client_min_messages = warning;
SET row_security = off;

SET default_tablespace = '';

SET default_table_access_method = heap;

--
-- TOC entry 226 (class 1259 OID 225075)
-- Name: answer_type; Type: TABLE; Schema: public; Owner: postgres
--

CREATE TABLE public.answer_type (
    id bigint NOT NULL,
    answer_type_name character varying(50) NOT NULL,
    answer_type_description text
);


ALTER TABLE public.answer_type OWNER TO postgres;

--
-- TOC entry 225 (class 1259 OID 225074)
-- Name: answer_type_id_seq; Type: SEQUENCE; Schema: public; Owner: postgres
--

ALTER TABLE public.answer_type ALTER COLUMN id ADD GENERATED BY DEFAULT AS IDENTITY (
    SEQUENCE NAME public.answer_type_id_seq
    START WITH 1
    INCREMENT BY 1
    NO MINVALUE
    NO MAXVALUE
    CACHE 1
);


--
-- TOC entry 236 (class 1259 OID 225119)
-- Name: assignment_status; Type: TABLE; Schema: public; Owner: postgres
--

CREATE TABLE public.assignment_status (
    id bigint NOT NULL,
    assignment_status_name character varying(50) NOT NULL,
    CONSTRAINT assignment_status_valid_chars CHECK (((assignment_status_name)::text ~ '^[а-яА-Яa-zA-Z_\- ]+$'::text))
);


ALTER TABLE public.assignment_status OWNER TO postgres;

--
-- TOC entry 235 (class 1259 OID 225118)
-- Name: assignment_status_id_seq; Type: SEQUENCE; Schema: public; Owner: postgres
--

ALTER TABLE public.assignment_status ALTER COLUMN id ADD GENERATED BY DEFAULT AS IDENTITY (
    SEQUENCE NAME public.assignment_status_id_seq
    START WITH 1
    INCREMENT BY 1
    NO MINVALUE
    NO MAXVALUE
    CACHE 1
);


--
-- TOC entry 276 (class 1259 OID 225295)
-- Name: assignment_submission_file; Type: TABLE; Schema: public; Owner: postgres
--

CREATE TABLE public.assignment_submission_file (
    id bigint NOT NULL,
    file character varying(100) NOT NULL,
    uploaded_at timestamp with time zone NOT NULL,
    file_name character varying(255) NOT NULL,
    file_size bigint NOT NULL,
    description character varying(500),
    user_assignment_id bigint NOT NULL,
    CONSTRAINT assignment_file_size_check CHECK ((file_size >= 0))
);


ALTER TABLE public.assignment_submission_file OWNER TO postgres;

--
-- TOC entry 275 (class 1259 OID 225294)
-- Name: assignment_submission_file_id_seq; Type: SEQUENCE; Schema: public; Owner: postgres
--

ALTER TABLE public.assignment_submission_file ALTER COLUMN id ADD GENERATED BY DEFAULT AS IDENTITY (
    SEQUENCE NAME public.assignment_submission_file_id_seq
    START WITH 1
    INCREMENT BY 1
    NO MINVALUE
    NO MAXVALUE
    CACHE 1
);


--
-- TOC entry 222 (class 1259 OID 225035)
-- Name: auth_group; Type: TABLE; Schema: public; Owner: postgres
--

CREATE TABLE public.auth_group (
    id integer NOT NULL,
    name character varying(150) NOT NULL
);


ALTER TABLE public.auth_group OWNER TO postgres;

--
-- TOC entry 221 (class 1259 OID 225034)
-- Name: auth_group_id_seq; Type: SEQUENCE; Schema: public; Owner: postgres
--

ALTER TABLE public.auth_group ALTER COLUMN id ADD GENERATED BY DEFAULT AS IDENTITY (
    SEQUENCE NAME public.auth_group_id_seq
    START WITH 1
    INCREMENT BY 1
    NO MINVALUE
    NO MAXVALUE
    CACHE 1
);


--
-- TOC entry 224 (class 1259 OID 225043)
-- Name: auth_group_permissions; Type: TABLE; Schema: public; Owner: postgres
--

CREATE TABLE public.auth_group_permissions (
    id integer NOT NULL,
    group_id integer NOT NULL,
    permission_id integer NOT NULL
);


ALTER TABLE public.auth_group_permissions OWNER TO postgres;

--
-- TOC entry 223 (class 1259 OID 225042)
-- Name: auth_group_permissions_id_seq; Type: SEQUENCE; Schema: public; Owner: postgres
--

ALTER TABLE public.auth_group_permissions ALTER COLUMN id ADD GENERATED BY DEFAULT AS IDENTITY (
    SEQUENCE NAME public.auth_group_permissions_id_seq
    START WITH 1
    INCREMENT BY 1
    NO MINVALUE
    NO MAXVALUE
    CACHE 1
);


--
-- TOC entry 220 (class 1259 OID 225029)
-- Name: auth_permission; Type: TABLE; Schema: public; Owner: postgres
--

CREATE TABLE public.auth_permission (
    id integer NOT NULL,
    name character varying(255) NOT NULL,
    content_type_id integer NOT NULL,
    codename character varying(100) NOT NULL
);


ALTER TABLE public.auth_permission OWNER TO postgres;

--
-- TOC entry 219 (class 1259 OID 225028)
-- Name: auth_permission_id_seq; Type: SEQUENCE; Schema: public; Owner: postgres
--

ALTER TABLE public.auth_permission ALTER COLUMN id ADD GENERATED BY DEFAULT AS IDENTITY (
    SEQUENCE NAME public.auth_permission_id_seq
    START WITH 1
    INCREMENT BY 1
    NO MINVALUE
    NO MAXVALUE
    CACHE 1
);


--
-- TOC entry 268 (class 1259 OID 225257)
-- Name: certificate; Type: TABLE; Schema: public; Owner: postgres
--

CREATE TABLE public.certificate (
    id bigint NOT NULL,
    certificate_number character varying(50) NOT NULL,
    issue_date date NOT NULL,
    certificate_file_path character varying(500),
    user_course_id bigint NOT NULL,
    CONSTRAINT certificate_number_format CHECK (((certificate_number)::text ~ '^[A-Z0-9\-_]+$'::text))
);


ALTER TABLE public.certificate OWNER TO postgres;

--
-- TOC entry 267 (class 1259 OID 225256)
-- Name: certificate_id_seq; Type: SEQUENCE; Schema: public; Owner: postgres
--

ALTER TABLE public.certificate ALTER COLUMN id ADD GENERATED BY DEFAULT AS IDENTITY (
    SEQUENCE NAME public.certificate_id_seq
    START WITH 1
    INCREMENT BY 1
    NO MINVALUE
    NO MAXVALUE
    CACHE 1
);


--
-- TOC entry 252 (class 1259 OID 225184)
-- Name: choice_option; Type: TABLE; Schema: public; Owner: postgres
--

CREATE TABLE public.choice_option (
    id bigint NOT NULL,
    option_text text NOT NULL,
    is_correct boolean NOT NULL,
    question_id bigint NOT NULL
);


ALTER TABLE public.choice_option OWNER TO postgres;

--
-- TOC entry 251 (class 1259 OID 225183)
-- Name: choice_option_id_seq; Type: SEQUENCE; Schema: public; Owner: postgres
--

ALTER TABLE public.choice_option ALTER COLUMN id ADD GENERATED BY DEFAULT AS IDENTITY (
    SEQUENCE NAME public.choice_option_id_seq
    START WITH 1
    INCREMENT BY 1
    NO MINVALUE
    NO MAXVALUE
    CACHE 1
);


--
-- TOC entry 240 (class 1259 OID 225138)
-- Name: course; Type: TABLE; Schema: public; Owner: postgres
--

CREATE TABLE public.course (
    id bigint NOT NULL,
    course_name character varying(200) NOT NULL,
    course_description text,
    course_price numeric(10,2),
    course_photo_path character varying(100),
    has_certificate boolean NOT NULL,
    course_max_places integer,
    course_hours integer NOT NULL,
    is_completed boolean NOT NULL,
    code_link character varying(200),
    is_active boolean NOT NULL,
    created_at timestamp with time zone NOT NULL,
    created_by_id bigint,
    course_category_id bigint,
    course_type_id bigint NOT NULL,
    CONSTRAINT course_hours_positive_check CHECK ((course_hours > 0)),
    CONSTRAINT course_max_places_positive_check CHECK (((course_max_places IS NULL) OR (course_max_places > 0))),
    CONSTRAINT course_price_non_negative_check CHECK (((course_price IS NULL) OR (course_price >= (0)::numeric)))
);


ALTER TABLE public.course OWNER TO postgres;

--
-- TOC entry 238 (class 1259 OID 225128)
-- Name: course_category; Type: TABLE; Schema: public; Owner: postgres
--

CREATE TABLE public.course_category (
    id bigint NOT NULL,
    course_category_name character varying(100) NOT NULL,
    CONSTRAINT course_category_name_valid_chars CHECK (((course_category_name)::text ~ '^[а-яА-Яa-zA-Z0-9_\- ]+$'::text)),
    CONSTRAINT course_category_not_only_spaces CHECK ((NOT ((course_category_name)::text ~ '^\s*$'::text)))
);


ALTER TABLE public.course_category OWNER TO postgres;

--
-- TOC entry 237 (class 1259 OID 225127)
-- Name: course_category_id_seq; Type: SEQUENCE; Schema: public; Owner: postgres
--

ALTER TABLE public.course_category ALTER COLUMN id ADD GENERATED BY DEFAULT AS IDENTITY (
    SEQUENCE NAME public.course_category_id_seq
    START WITH 1
    INCREMENT BY 1
    NO MINVALUE
    NO MAXVALUE
    CACHE 1
);


--
-- TOC entry 239 (class 1259 OID 225137)
-- Name: course_id_seq; Type: SEQUENCE; Schema: public; Owner: postgres
--

ALTER TABLE public.course ALTER COLUMN id ADD GENERATED BY DEFAULT AS IDENTITY (
    SEQUENCE NAME public.course_id_seq
    START WITH 1
    INCREMENT BY 1
    NO MINVALUE
    NO MAXVALUE
    CACHE 1
);


--
-- TOC entry 280 (class 1259 OID 225309)
-- Name: course_teacher; Type: TABLE; Schema: public; Owner: postgres
--

CREATE TABLE public.course_teacher (
    id bigint NOT NULL,
    start_date date,
    is_active boolean NOT NULL,
    course_id bigint NOT NULL,
    teacher_id bigint NOT NULL,
    CONSTRAINT course_teacher_start_date_future_check CHECK (((start_date IS NULL) OR (start_date >= '2026-03-02'::date)))
);


ALTER TABLE public.course_teacher OWNER TO postgres;

--
-- TOC entry 279 (class 1259 OID 225308)
-- Name: course_teacher_id_seq; Type: SEQUENCE; Schema: public; Owner: postgres
--

ALTER TABLE public.course_teacher ALTER COLUMN id ADD GENERATED BY DEFAULT AS IDENTITY (
    SEQUENCE NAME public.course_teacher_id_seq
    START WITH 1
    INCREMENT BY 1
    NO MINVALUE
    NO MAXVALUE
    CACHE 1
);


--
-- TOC entry 228 (class 1259 OID 225085)
-- Name: course_type; Type: TABLE; Schema: public; Owner: postgres
--

CREATE TABLE public.course_type (
    id bigint NOT NULL,
    course_type_name character varying(100) NOT NULL,
    course_type_description text
);


ALTER TABLE public.course_type OWNER TO postgres;

--
-- TOC entry 227 (class 1259 OID 225084)
-- Name: course_type_id_seq; Type: SEQUENCE; Schema: public; Owner: postgres
--

ALTER TABLE public.course_type ALTER COLUMN id ADD GENERATED BY DEFAULT AS IDENTITY (
    SEQUENCE NAME public.course_type_id_seq
    START WITH 1
    INCREMENT BY 1
    NO MINVALUE
    NO MAXVALUE
    CACHE 1
);


--
-- TOC entry 282 (class 1259 OID 225597)
-- Name: django_admin_log; Type: TABLE; Schema: public; Owner: postgres
--

CREATE TABLE public.django_admin_log (
    id integer NOT NULL,
    action_time timestamp with time zone NOT NULL,
    object_id text,
    object_repr character varying(200) NOT NULL,
    action_flag smallint NOT NULL,
    change_message text NOT NULL,
    content_type_id integer,
    user_id bigint NOT NULL,
    CONSTRAINT django_admin_log_action_flag_check CHECK ((action_flag >= 0))
);


ALTER TABLE public.django_admin_log OWNER TO postgres;

--
-- TOC entry 281 (class 1259 OID 225596)
-- Name: django_admin_log_id_seq; Type: SEQUENCE; Schema: public; Owner: postgres
--

ALTER TABLE public.django_admin_log ALTER COLUMN id ADD GENERATED BY DEFAULT AS IDENTITY (
    SEQUENCE NAME public.django_admin_log_id_seq
    START WITH 1
    INCREMENT BY 1
    NO MINVALUE
    NO MAXVALUE
    CACHE 1
);


--
-- TOC entry 218 (class 1259 OID 225021)
-- Name: django_content_type; Type: TABLE; Schema: public; Owner: postgres
--

CREATE TABLE public.django_content_type (
    id integer NOT NULL,
    app_label character varying(100) NOT NULL,
    model character varying(100) NOT NULL
);


ALTER TABLE public.django_content_type OWNER TO postgres;

--
-- TOC entry 217 (class 1259 OID 225020)
-- Name: django_content_type_id_seq; Type: SEQUENCE; Schema: public; Owner: postgres
--

ALTER TABLE public.django_content_type ALTER COLUMN id ADD GENERATED BY DEFAULT AS IDENTITY (
    SEQUENCE NAME public.django_content_type_id_seq
    START WITH 1
    INCREMENT BY 1
    NO MINVALUE
    NO MAXVALUE
    CACHE 1
);


--
-- TOC entry 216 (class 1259 OID 225013)
-- Name: django_migrations; Type: TABLE; Schema: public; Owner: postgres
--

CREATE TABLE public.django_migrations (
    id integer NOT NULL,
    app character varying(255) NOT NULL,
    name character varying(255) NOT NULL,
    applied timestamp with time zone NOT NULL
);


ALTER TABLE public.django_migrations OWNER TO postgres;

--
-- TOC entry 215 (class 1259 OID 225012)
-- Name: django_migrations_id_seq; Type: SEQUENCE; Schema: public; Owner: postgres
--

ALTER TABLE public.django_migrations ALTER COLUMN id ADD GENERATED BY DEFAULT AS IDENTITY (
    SEQUENCE NAME public.django_migrations_id_seq
    START WITH 1
    INCREMENT BY 1
    NO MINVALUE
    NO MAXVALUE
    CACHE 1
);


--
-- TOC entry 283 (class 1259 OID 225617)
-- Name: django_session; Type: TABLE; Schema: public; Owner: postgres
--

CREATE TABLE public.django_session (
    session_key character varying(40) NOT NULL,
    session_data text NOT NULL,
    expire_date timestamp with time zone NOT NULL
);


ALTER TABLE public.django_session OWNER TO postgres;

--
-- TOC entry 274 (class 1259 OID 225285)
-- Name: feedback; Type: TABLE; Schema: public; Owner: postgres
--

CREATE TABLE public.feedback (
    id bigint NOT NULL,
    score integer,
    is_passed boolean,
    comment_feedback text,
    given_at timestamp with time zone NOT NULL,
    given_by_id bigint,
    user_practical_assignment_id bigint NOT NULL
);


ALTER TABLE public.feedback OWNER TO postgres;

--
-- TOC entry 273 (class 1259 OID 225284)
-- Name: feedback_id_seq; Type: SEQUENCE; Schema: public; Owner: postgres
--

ALTER TABLE public.feedback ALTER COLUMN id ADD GENERATED BY DEFAULT AS IDENTITY (
    SEQUENCE NAME public.feedback_id_seq
    START WITH 1
    INCREMENT BY 1
    NO MINVALUE
    NO MAXVALUE
    CACHE 1
);


--
-- TOC entry 242 (class 1259 OID 225146)
-- Name: lecture; Type: TABLE; Schema: public; Owner: postgres
--

CREATE TABLE public.lecture (
    id bigint NOT NULL,
    lecture_name character varying(200) NOT NULL,
    lecture_content text NOT NULL,
    lecture_document_path character varying(100),
    lecture_order integer NOT NULL,
    is_active boolean NOT NULL,
    created_at timestamp with time zone NOT NULL,
    updated_at timestamp with time zone NOT NULL,
    course_id bigint NOT NULL,
    CONSTRAINT lecture_order_positive_check CHECK ((lecture_order > 0))
);


ALTER TABLE public.lecture OWNER TO postgres;

--
-- TOC entry 241 (class 1259 OID 225145)
-- Name: lecture_id_seq; Type: SEQUENCE; Schema: public; Owner: postgres
--

ALTER TABLE public.lecture ALTER COLUMN id ADD GENERATED BY DEFAULT AS IDENTITY (
    SEQUENCE NAME public.lecture_id_seq
    START WITH 1
    INCREMENT BY 1
    NO MINVALUE
    NO MAXVALUE
    CACHE 1
);


--
-- TOC entry 250 (class 1259 OID 225176)
-- Name: matching_pair; Type: TABLE; Schema: public; Owner: postgres
--

CREATE TABLE public.matching_pair (
    id bigint NOT NULL,
    left_text text NOT NULL,
    right_text text NOT NULL,
    question_id bigint NOT NULL
);


ALTER TABLE public.matching_pair OWNER TO postgres;

--
-- TOC entry 249 (class 1259 OID 225175)
-- Name: matching_pair_id_seq; Type: SEQUENCE; Schema: public; Owner: postgres
--

ALTER TABLE public.matching_pair ALTER COLUMN id ADD GENERATED BY DEFAULT AS IDENTITY (
    SEQUENCE NAME public.matching_pair_id_seq
    START WITH 1
    INCREMENT BY 1
    NO MINVALUE
    NO MAXVALUE
    CACHE 1
);


--
-- TOC entry 244 (class 1259 OID 225154)
-- Name: password_reset_code; Type: TABLE; Schema: public; Owner: postgres
--

CREATE TABLE public.password_reset_code (
    id bigint NOT NULL,
    code character varying(6) NOT NULL,
    created_at timestamp with time zone NOT NULL,
    is_used boolean NOT NULL,
    user_id bigint NOT NULL,
    expires_at timestamp with time zone,
    CONSTRAINT password_reset_code_format_check CHECK (((code)::text ~ '^[0-9]{6}$'::text))
);


ALTER TABLE public.password_reset_code OWNER TO postgres;

--
-- TOC entry 243 (class 1259 OID 225153)
-- Name: password_reset_code_id_seq; Type: SEQUENCE; Schema: public; Owner: postgres
--

ALTER TABLE public.password_reset_code ALTER COLUMN id ADD GENERATED BY DEFAULT AS IDENTITY (
    SEQUENCE NAME public.password_reset_code_id_seq
    START WITH 1
    INCREMENT BY 1
    NO MINVALUE
    NO MAXVALUE
    CACHE 1
);


--
-- TOC entry 246 (class 1259 OID 225160)
-- Name: practical_assignment; Type: TABLE; Schema: public; Owner: postgres
--

CREATE TABLE public.practical_assignment (
    id bigint NOT NULL,
    practical_assignment_name character varying(200) NOT NULL,
    practical_assignment_description text NOT NULL,
    assignment_document_path character varying(100),
    assignment_criteria text,
    assignment_deadline timestamp with time zone,
    grading_type character varying(20) NOT NULL,
    max_score integer,
    is_active boolean NOT NULL,
    created_at timestamp with time zone NOT NULL,
    updated_at timestamp with time zone NOT NULL,
    is_can_pin_after_deadline boolean NOT NULL,
    lecture_id bigint NOT NULL,
    passing_score integer,
    CONSTRAINT grading_type_check CHECK (((grading_type)::text = ANY ((ARRAY['points'::character varying, 'pass_fail'::character varying])::text[]))),
    CONSTRAINT max_score_required_for_points_check CHECK (((NOT ((grading_type)::text = 'points'::text)) OR ((max_score IS NOT NULL) AND (max_score > 0)))),
    CONSTRAINT passing_score_non_negative_check CHECK (((passing_score IS NULL) OR (passing_score >= 0)))
);


ALTER TABLE public.practical_assignment OWNER TO postgres;

--
-- TOC entry 245 (class 1259 OID 225159)
-- Name: practical_assignment_id_seq; Type: SEQUENCE; Schema: public; Owner: postgres
--

ALTER TABLE public.practical_assignment ALTER COLUMN id ADD GENERATED BY DEFAULT AS IDENTITY (
    SEQUENCE NAME public.practical_assignment_id_seq
    START WITH 1
    INCREMENT BY 1
    NO MINVALUE
    NO MAXVALUE
    CACHE 1
);


--
-- TOC entry 248 (class 1259 OID 225168)
-- Name: question; Type: TABLE; Schema: public; Owner: postgres
--

CREATE TABLE public.question (
    id bigint NOT NULL,
    question_text text NOT NULL,
    question_score integer NOT NULL,
    correct_text text,
    question_order integer NOT NULL,
    answer_type_id bigint NOT NULL,
    test_id bigint NOT NULL,
    CONSTRAINT question_order_check CHECK ((question_order > 0)),
    CONSTRAINT question_score_check CHECK ((question_score >= 0))
);


ALTER TABLE public.question OWNER TO postgres;

--
-- TOC entry 247 (class 1259 OID 225167)
-- Name: question_id_seq; Type: SEQUENCE; Schema: public; Owner: postgres
--

ALTER TABLE public.question ALTER COLUMN id ADD GENERATED BY DEFAULT AS IDENTITY (
    SEQUENCE NAME public.question_id_seq
    START WITH 1
    INCREMENT BY 1
    NO MINVALUE
    NO MAXVALUE
    CACHE 1
);


--
-- TOC entry 254 (class 1259 OID 225192)
-- Name: review; Type: TABLE; Schema: public; Owner: postgres
--

CREATE TABLE public.review (
    id bigint NOT NULL,
    rating integer NOT NULL,
    publish_date timestamp with time zone NOT NULL,
    comment_review text,
    is_approved boolean NOT NULL,
    course_id bigint NOT NULL,
    user_id bigint NOT NULL,
    CONSTRAINT review_rating_range_check CHECK (((rating >= 1) AND (rating <= 5)))
);


ALTER TABLE public.review OWNER TO postgres;

--
-- TOC entry 253 (class 1259 OID 225191)
-- Name: review_id_seq; Type: SEQUENCE; Schema: public; Owner: postgres
--

ALTER TABLE public.review ALTER COLUMN id ADD GENERATED BY DEFAULT AS IDENTITY (
    SEQUENCE NAME public.review_id_seq
    START WITH 1
    INCREMENT BY 1
    NO MINVALUE
    NO MAXVALUE
    CACHE 1
);


--
-- TOC entry 256 (class 1259 OID 225200)
-- Name: role; Type: TABLE; Schema: public; Owner: postgres
--

CREATE TABLE public.role (
    id bigint NOT NULL,
    role_name character varying(40) NOT NULL,
    CONSTRAINT role_length_check CHECK (((role_name)::text ~ '^.{3,40}$'::text)),
    CONSTRAINT role_not_only_spaces CHECK ((NOT ((role_name)::text ~ '^\s*$'::text))),
    CONSTRAINT role_valid_chars CHECK (((role_name)::text ~ '^[а-яА-Яa-zA-Z_\- ]+$'::text))
);


ALTER TABLE public.role OWNER TO postgres;

--
-- TOC entry 255 (class 1259 OID 225199)
-- Name: role_id_seq; Type: SEQUENCE; Schema: public; Owner: postgres
--

ALTER TABLE public.role ALTER COLUMN id ADD GENERATED BY DEFAULT AS IDENTITY (
    SEQUENCE NAME public.role_id_seq
    START WITH 1
    INCREMENT BY 1
    NO MINVALUE
    NO MAXVALUE
    CACHE 1
);


--
-- TOC entry 258 (class 1259 OID 225216)
-- Name: teacher_assignment_file; Type: TABLE; Schema: public; Owner: postgres
--

CREATE TABLE public.teacher_assignment_file (
    id bigint NOT NULL,
    file_path character varying(500) NOT NULL,
    original_filename character varying(255) NOT NULL,
    file_type character varying(20) NOT NULL,
    uploaded_at timestamp with time zone NOT NULL,
    file_size bigint NOT NULL,
    is_active boolean NOT NULL,
    practical_assignment_id bigint NOT NULL,
    uploaded_by_id bigint,
    CONSTRAINT teacher_file_type_check CHECK (((file_type)::text = ANY ((ARRAY['example'::character varying, 'material'::character varying, 'correction'::character varying, 'template'::character varying, 'other'::character varying])::text[])))
);


ALTER TABLE public.teacher_assignment_file OWNER TO postgres;

--
-- TOC entry 257 (class 1259 OID 225215)
-- Name: teacher_assignment_file_id_seq; Type: SEQUENCE; Schema: public; Owner: postgres
--

ALTER TABLE public.teacher_assignment_file ALTER COLUMN id ADD GENERATED BY DEFAULT AS IDENTITY (
    SEQUENCE NAME public.teacher_assignment_file_id_seq
    START WITH 1
    INCREMENT BY 1
    NO MINVALUE
    NO MAXVALUE
    CACHE 1
);


--
-- TOC entry 260 (class 1259 OID 225224)
-- Name: test; Type: TABLE; Schema: public; Owner: postgres
--

CREATE TABLE public.test (
    id bigint NOT NULL,
    test_name character varying(200) NOT NULL,
    test_description text,
    is_final boolean NOT NULL,
    max_attempts integer,
    grading_form character varying(20) NOT NULL,
    passing_score integer,
    is_active boolean NOT NULL,
    created_at timestamp with time zone NOT NULL,
    updated_at timestamp with time zone NOT NULL,
    lecture_id bigint NOT NULL,
    CONSTRAINT test_grading_form_check CHECK (((grading_form)::text = ANY ((ARRAY['points'::character varying, 'pass_fail'::character varying])::text[]))),
    CONSTRAINT test_max_attempts_check CHECK (((max_attempts IS NULL) OR (max_attempts > 0)))
);


ALTER TABLE public.test OWNER TO postgres;

--
-- TOC entry 259 (class 1259 OID 225223)
-- Name: test_id_seq; Type: SEQUENCE; Schema: public; Owner: postgres
--

ALTER TABLE public.test ALTER COLUMN id ADD GENERATED BY DEFAULT AS IDENTITY (
    SEQUENCE NAME public.test_id_seq
    START WITH 1
    INCREMENT BY 1
    NO MINVALUE
    NO MAXVALUE
    CACHE 1
);


--
-- TOC entry 262 (class 1259 OID 225237)
-- Name: test_result; Type: TABLE; Schema: public; Owner: postgres
--

CREATE TABLE public.test_result (
    id bigint NOT NULL,
    completion_date timestamp with time zone NOT NULL,
    final_score integer,
    is_passed boolean,
    attempt_number integer NOT NULL,
    time_spent integer,
    test_id bigint NOT NULL,
    user_id bigint NOT NULL,
    CONSTRAINT test_result_attempt_number_check CHECK ((attempt_number > 0)),
    CONSTRAINT test_result_time_spent_check CHECK (((time_spent IS NULL) OR ((time_spent >= 0) AND (time_spent <= 86400))))
);


ALTER TABLE public.test_result OWNER TO postgres;

--
-- TOC entry 261 (class 1259 OID 225236)
-- Name: test_result_id_seq; Type: SEQUENCE; Schema: public; Owner: postgres
--

ALTER TABLE public.test_result ALTER COLUMN id ADD GENERATED BY DEFAULT AS IDENTITY (
    SEQUENCE NAME public.test_result_id_seq
    START WITH 1
    INCREMENT BY 1
    NO MINVALUE
    NO MAXVALUE
    CACHE 1
);


--
-- TOC entry 230 (class 1259 OID 225095)
-- Name: user; Type: TABLE; Schema: public; Owner: postgres
--

CREATE TABLE public."user" (
    id bigint NOT NULL,
    password character varying(128) NOT NULL,
    last_login timestamp with time zone,
    is_superuser boolean NOT NULL,
    is_staff boolean NOT NULL,
    is_active boolean NOT NULL,
    date_joined timestamp with time zone NOT NULL,
    first_name character varying(50) NOT NULL,
    last_name character varying(50) NOT NULL,
    email character varying(254) NOT NULL,
    username character varying(150) NOT NULL,
    patronymic character varying(50),
    is_verified boolean NOT NULL,
    "position" character varying(100),
    educational_institution character varying(100),
    certificate_file character varying(100),
    role_id bigint,
    is_light_theme boolean NOT NULL,
    CONSTRAINT user_email_format CHECK (((email)::text ~ '^[a-zA-Z0-9._%+-]+@[a-zA-Z0-9.-]+\.[a-zA-Z]{2,}$'::text)),
    CONSTRAINT user_first_name_format CHECK (((first_name)::text ~ '^[а-яА-Яa-zA-Z\- ]+$'::text)),
    CONSTRAINT user_last_name_format CHECK (((last_name)::text ~ '^[а-яА-Яa-zA-Z\- ]+$'::text)),
    CONSTRAINT user_username_format CHECK (((username)::text ~ '^[\w.@-]+$'::text))
);


ALTER TABLE public."user" OWNER TO postgres;

--
-- TOC entry 264 (class 1259 OID 225243)
-- Name: user_answer; Type: TABLE; Schema: public; Owner: postgres
--

CREATE TABLE public.user_answer (
    id bigint NOT NULL,
    answer_text text,
    answer_date timestamp with time zone NOT NULL,
    attempt_number integer NOT NULL,
    score integer,
    question_id bigint NOT NULL,
    user_id bigint NOT NULL,
    CONSTRAINT user_answer_attempt_number_check CHECK ((attempt_number > 0)),
    CONSTRAINT user_answer_score_check CHECK (((score IS NULL) OR (score >= 0)))
);


ALTER TABLE public.user_answer OWNER TO postgres;

--
-- TOC entry 263 (class 1259 OID 225242)
-- Name: user_answer_id_seq; Type: SEQUENCE; Schema: public; Owner: postgres
--

ALTER TABLE public.user_answer ALTER COLUMN id ADD GENERATED BY DEFAULT AS IDENTITY (
    SEQUENCE NAME public.user_answer_id_seq
    START WITH 1
    INCREMENT BY 1
    NO MINVALUE
    NO MAXVALUE
    CACHE 1
);


--
-- TOC entry 266 (class 1259 OID 225251)
-- Name: user_course; Type: TABLE; Schema: public; Owner: postgres
--

CREATE TABLE public.user_course (
    id bigint NOT NULL,
    registration_date date NOT NULL,
    status_course boolean NOT NULL,
    payment_date timestamp with time zone,
    completion_date date,
    course_price numeric(10,2),
    is_active boolean NOT NULL,
    enrolled_at timestamp with time zone NOT NULL,
    course_id bigint NOT NULL,
    user_id bigint NOT NULL,
    payment_id character varying(255),
    CONSTRAINT user_course_completion_date_check CHECK (((completion_date IS NULL) OR (completion_date >= registration_date))),
    CONSTRAINT user_course_completion_date_required_check CHECK (((NOT status_course) OR (completion_date IS NOT NULL))),
    CONSTRAINT user_course_price_non_negative_check CHECK (((course_price IS NULL) OR (course_price >= (0)::numeric)))
);


ALTER TABLE public.user_course OWNER TO postgres;

--
-- TOC entry 265 (class 1259 OID 225250)
-- Name: user_course_id_seq; Type: SEQUENCE; Schema: public; Owner: postgres
--

ALTER TABLE public.user_course ALTER COLUMN id ADD GENERATED BY DEFAULT AS IDENTITY (
    SEQUENCE NAME public.user_course_id_seq
    START WITH 1
    INCREMENT BY 1
    NO MINVALUE
    NO MAXVALUE
    CACHE 1
);


--
-- TOC entry 232 (class 1259 OID 225107)
-- Name: user_groups; Type: TABLE; Schema: public; Owner: postgres
--

CREATE TABLE public.user_groups (
    id integer NOT NULL,
    user_id bigint NOT NULL,
    group_id integer NOT NULL
);


ALTER TABLE public.user_groups OWNER TO postgres;

--
-- TOC entry 231 (class 1259 OID 225106)
-- Name: user_groups_id_seq; Type: SEQUENCE; Schema: public; Owner: postgres
--

ALTER TABLE public.user_groups ALTER COLUMN id ADD GENERATED BY DEFAULT AS IDENTITY (
    SEQUENCE NAME public.user_groups_id_seq
    START WITH 1
    INCREMENT BY 1
    NO MINVALUE
    NO MAXVALUE
    CACHE 1
);


--
-- TOC entry 229 (class 1259 OID 225094)
-- Name: user_id_seq; Type: SEQUENCE; Schema: public; Owner: postgres
--

ALTER TABLE public."user" ALTER COLUMN id ADD GENERATED BY DEFAULT AS IDENTITY (
    SEQUENCE NAME public.user_id_seq
    START WITH 1
    INCREMENT BY 1
    NO MINVALUE
    NO MAXVALUE
    CACHE 1
);


--
-- TOC entry 270 (class 1259 OID 225269)
-- Name: user_matching_answer; Type: TABLE; Schema: public; Owner: postgres
--

CREATE TABLE public.user_matching_answer (
    id bigint NOT NULL,
    user_selected_right_text text NOT NULL,
    selected_at timestamp with time zone NOT NULL,
    matching_pair_id bigint NOT NULL,
    user_answer_id bigint NOT NULL
);


ALTER TABLE public.user_matching_answer OWNER TO postgres;

--
-- TOC entry 269 (class 1259 OID 225268)
-- Name: user_matching_answer_id_seq; Type: SEQUENCE; Schema: public; Owner: postgres
--

ALTER TABLE public.user_matching_answer ALTER COLUMN id ADD GENERATED BY DEFAULT AS IDENTITY (
    SEQUENCE NAME public.user_matching_answer_id_seq
    START WITH 1
    INCREMENT BY 1
    NO MINVALUE
    NO MAXVALUE
    CACHE 1
);


--
-- TOC entry 272 (class 1259 OID 225277)
-- Name: user_practical_assignment; Type: TABLE; Schema: public; Owner: postgres
--

CREATE TABLE public.user_practical_assignment (
    id bigint NOT NULL,
    submission_date timestamp with time zone,
    attempt_number integer NOT NULL,
    comment text,
    submitted_at timestamp with time zone NOT NULL,
    practical_assignment_id bigint NOT NULL,
    submission_status_id bigint NOT NULL,
    user_id bigint NOT NULL,
    CONSTRAINT user_practical_assignment_attempt_number_check CHECK ((attempt_number > 0))
);


ALTER TABLE public.user_practical_assignment OWNER TO postgres;

--
-- TOC entry 271 (class 1259 OID 225276)
-- Name: user_practical_assignment_id_seq; Type: SEQUENCE; Schema: public; Owner: postgres
--

ALTER TABLE public.user_practical_assignment ALTER COLUMN id ADD GENERATED BY DEFAULT AS IDENTITY (
    SEQUENCE NAME public.user_practical_assignment_id_seq
    START WITH 1
    INCREMENT BY 1
    NO MINVALUE
    NO MAXVALUE
    CACHE 1
);


--
-- TOC entry 278 (class 1259 OID 225303)
-- Name: user_selected_choice; Type: TABLE; Schema: public; Owner: postgres
--

CREATE TABLE public.user_selected_choice (
    id bigint NOT NULL,
    selected_at timestamp with time zone NOT NULL,
    choice_option_id bigint NOT NULL,
    user_answer_id bigint NOT NULL
);


ALTER TABLE public.user_selected_choice OWNER TO postgres;

--
-- TOC entry 277 (class 1259 OID 225302)
-- Name: user_selected_choice_id_seq; Type: SEQUENCE; Schema: public; Owner: postgres
--

ALTER TABLE public.user_selected_choice ALTER COLUMN id ADD GENERATED BY DEFAULT AS IDENTITY (
    SEQUENCE NAME public.user_selected_choice_id_seq
    START WITH 1
    INCREMENT BY 1
    NO MINVALUE
    NO MAXVALUE
    CACHE 1
);


--
-- TOC entry 234 (class 1259 OID 225113)
-- Name: user_user_permissions; Type: TABLE; Schema: public; Owner: postgres
--

CREATE TABLE public.user_user_permissions (
    id integer NOT NULL,
    user_id bigint NOT NULL,
    permission_id integer NOT NULL
);


ALTER TABLE public.user_user_permissions OWNER TO postgres;

--
-- TOC entry 233 (class 1259 OID 225112)
-- Name: user_user_permissions_id_seq; Type: SEQUENCE; Schema: public; Owner: postgres
--

ALTER TABLE public.user_user_permissions ALTER COLUMN id ADD GENERATED BY DEFAULT AS IDENTITY (
    SEQUENCE NAME public.user_user_permissions_id_seq
    START WITH 1
    INCREMENT BY 1
    NO MINVALUE
    NO MAXVALUE
    CACHE 1
);


--
-- TOC entry 5215 (class 0 OID 225075)
-- Dependencies: 226
-- Data for Name: answer_type; Type: TABLE DATA; Schema: public; Owner: postgres
--

COPY public.answer_type (id, answer_type_name, answer_type_description) FROM stdin;
1	один ответ	Вопрос с одним правильным ответом
2	несколько ответов	Вопрос с несколькими правильными ответами
3	текст	Текстовый ответ
4	сопоставление	Вопрос на сопоставление элементов
\.


--
-- TOC entry 5225 (class 0 OID 225119)
-- Dependencies: 236
-- Data for Name: assignment_status; Type: TABLE DATA; Schema: public; Owner: postgres
--

COPY public.assignment_status (id, assignment_status_name) FROM stdin;
1	завершено
2	на доработке
3	отклонено
4	просрочено
5	на проверке
\.


--
-- TOC entry 5265 (class 0 OID 225295)
-- Dependencies: 276
-- Data for Name: assignment_submission_file; Type: TABLE DATA; Schema: public; Owner: postgres
--

COPY public.assignment_submission_file (id, file, uploaded_at, file_name, file_size, description, user_assignment_id) FROM stdin;
1	assignment_submissions/2026/02/02/Практическая_работа_8.docx	2026-02-02 23:41:25.090757+03	практос	3	практическая работа	1
2	assignment_submissions/2026/02/03/0855a58b-b165-4c6a-bc4e-dc3f27f9683e.jpg	2026-02-03 01:51:33.883582+03	0855a58b-b165-4c6a-bc4e-dc3f27f9683e.jpg	322058	\N	2
3	assignment_submissions/2026/02/09/Сетевые_графы.docx	2026-02-09 01:43:34.41008+03	Сетевые графы.docx	254938	\N	3
4	assignment_submissions/2026/02/09/статистика_слушателей_2025-09-04_по_2025-11-20.pdf	2026-02-09 01:43:34.441204+03	статистика_слушателей_2025-09-04_по_2025-11-20.pdf	23390	\N	3
5	assignment_submissions/2026/02/09/Сетевые_графы_EdXhGH6.docx	2026-02-09 02:03:17.329965+03	Сетевые графы.docx	254938	\N	4
7	assignment_submissions/2026/02/10/ПР5_Расчет_больничного_листа.docx	2026-02-10 00:16:58.269746+03	ПР5 Расчет больничного листа.docx	203269	\N	5
8	assignment_submissions/2026/02/10/Графы.docx	2026-02-10 00:17:12.647862+03	Графы.docx	18255412	\N	5
9	assignment_submissions/2026/02/10/Графы_TL4qbiN.docx	2026-02-10 01:16:33.161907+03	Графы.docx	18255412	\N	6
10	assignment_submissions/2026/02/10/Модель_межотраслевого_баланса.docx	2026-02-10 01:16:33.17029+03	Модель межотраслевого баланса.docx	24923	\N	6
12	assignment_submissions/2026/02/11/Транспортные_задачи_1_HaZwyPE_1.pdf	2026-02-11 21:59:27.120123+03	Транспортные_задачи_1_HaZwyPE (1).pdf	1184510	\N	7
14	assignment_submissions/2026/02/15/мм_лекции_1.docx	2026-02-15 03:11:45.076889+03	мм_лекции (1).docx	159227	\N	8
16	assignment_submissions/2026/02/15/мм_лекции_2_0n7URP4.docx	2026-02-15 14:04:56.410995+03	мм_лекции (2).docx	159227	\N	10
17	assignment_submissions/2026/02/15/мм_лекции_2_ngUi7aH.docx	2026-02-15 23:22:27.617417+03	мм_лекции (2).docx	159227	\N	11
18	assignment_submissions/2026/02/16/Транспортные_задачи_1_HaZwyPE_1.pdf	2026-02-16 18:51:09.318295+03	Транспортные_задачи_1_HaZwyPE (1).pdf	1184510	\N	12
19	assignment_submissions/2026/02/16/мм_лекции_2.docx	2026-02-16 19:20:21.974964+03	мм_лекции (2).docx	159227	\N	13
20	assignment_submissions/2026/02/16/Сетевые_графы.docx	2026-02-16 19:26:22.572611+03	Сетевые графы.docx	254938	\N	14
21	assignment_submissions/2026/02/16/Сетевые_графы_4StoNcH.docx	2026-02-16 20:01:36.860596+03	Сетевые графы.docx	254938	\N	15
22	assignment_submissions/2026/02/24/receipt_ЧК_20260216_0E0ADE5A_1771880563929.pdf	2026-02-24 01:13:55.988698+03	receipt_ЧК_20260216_0E0ADE5A_1771880563929.pdf	35324	\N	16
23	assignment_submissions/2026/03/12/чек.pdf	2026-03-12 12:22:11.97138+03	чек.pdf	35342	\N	17
\.


--
-- TOC entry 5211 (class 0 OID 225035)
-- Dependencies: 222
-- Data for Name: auth_group; Type: TABLE DATA; Schema: public; Owner: postgres
--

COPY public.auth_group (id, name) FROM stdin;
\.


--
-- TOC entry 5213 (class 0 OID 225043)
-- Dependencies: 224
-- Data for Name: auth_group_permissions; Type: TABLE DATA; Schema: public; Owner: postgres
--

COPY public.auth_group_permissions (id, group_id, permission_id) FROM stdin;
\.


--
-- TOC entry 5209 (class 0 OID 225029)
-- Dependencies: 220
-- Data for Name: auth_permission; Type: TABLE DATA; Schema: public; Owner: postgres
--

COPY public.auth_permission (id, name, content_type_id, codename) FROM stdin;
1	Can add log entry	1	add_logentry
2	Can change log entry	1	change_logentry
3	Can delete log entry	1	delete_logentry
4	Can view log entry	1	view_logentry
5	Can add permission	2	add_permission
6	Can change permission	2	change_permission
7	Can delete permission	2	delete_permission
8	Can view permission	2	view_permission
9	Can add group	3	add_group
10	Can change group	3	change_group
11	Can delete group	3	delete_group
12	Can view group	3	view_group
13	Can add content type	4	add_contenttype
14	Can change content type	4	change_contenttype
15	Can delete content type	4	delete_contenttype
16	Can view content type	4	view_contenttype
17	Can add session	5	add_session
18	Can change session	5	change_session
19	Can delete session	5	delete_session
20	Can view session	5	view_session
21	Can add Сданная практическая работа	6	add_viewassignmentsubmissions
22	Can change Сданная практическая работа	6	change_viewassignmentsubmissions
23	Can delete Сданная практическая работа	6	delete_viewassignmentsubmissions
24	Can view Сданная практическая работа	6	view_viewassignmentsubmissions
25	Can add Лекция курса	7	add_viewcourselectures
26	Can change Лекция курса	7	change_viewcourselectures
27	Can delete Лекция курса	7	delete_viewcourselectures
28	Can view Лекция курса	7	view_viewcourselectures
29	Can add Практическая работа курса	8	add_viewcoursepracticalassignments
30	Can change Практическая работа курса	8	change_viewcoursepracticalassignments
31	Can delete Практическая работа курса	8	delete_viewcoursepracticalassignments
32	Can view Практическая работа курса	8	view_viewcoursepracticalassignments
33	Can add Тест курса	9	add_viewcoursetests
34	Can change Тест курса	9	change_viewcoursetests
35	Can delete Тест курса	9	delete_viewcoursetests
36	Can view Тест курса	9	view_viewcoursetests
37	Can add Тип ответа	10	add_answertype
38	Can change Тип ответа	10	change_answertype
39	Can delete Тип ответа	10	delete_answertype
40	Can view Тип ответа	10	view_answertype
41	Can add Тип курса	11	add_coursetype
42	Can change Тип курса	11	change_coursetype
43	Can delete Тип курса	11	delete_coursetype
44	Can view Тип курса	11	view_coursetype
45	Can add Пользователь	12	add_user
46	Can change Пользователь	12	change_user
47	Can delete Пользователь	12	delete_user
48	Can view Пользователь	12	view_user
49	Can add Статус задания	13	add_assignmentstatus
50	Can change Статус задания	13	change_assignmentstatus
51	Can delete Статус задания	13	delete_assignmentstatus
52	Can view Статус задания	13	view_assignmentstatus
53	Can add Категория курса	14	add_coursecategory
54	Can change Категория курса	14	change_coursecategory
55	Can delete Категория курса	14	delete_coursecategory
56	Can view Категория курса	14	view_coursecategory
57	Can add Курс	15	add_course
58	Can change Курс	15	change_course
59	Can delete Курс	15	delete_course
60	Can view Курс	15	view_course
61	Can add Лекция	16	add_lecture
62	Can change Лекция	16	change_lecture
63	Can delete Лекция	16	delete_lecture
64	Can view Лекция	16	view_lecture
65	Can add Код восстановления пароля	17	add_passwordresetcode
66	Can change Код восстановления пароля	17	change_passwordresetcode
67	Can delete Код восстановления пароля	17	delete_passwordresetcode
68	Can view Код восстановления пароля	17	view_passwordresetcode
69	Can add Практическое задание	18	add_practicalassignment
70	Can change Практическое задание	18	change_practicalassignment
71	Can delete Практическое задание	18	delete_practicalassignment
72	Can view Практическое задание	18	view_practicalassignment
73	Can add Вопрос	19	add_question
74	Can change Вопрос	19	change_question
75	Can delete Вопрос	19	delete_question
76	Can view Вопрос	19	view_question
77	Can add Пара соответствия	20	add_matchingpair
78	Can change Пара соответствия	20	change_matchingpair
79	Can delete Пара соответствия	20	delete_matchingpair
80	Can view Пара соответствия	20	view_matchingpair
81	Can add Вариант ответа	21	add_choiceoption
82	Can change Вариант ответа	21	change_choiceoption
83	Can delete Вариант ответа	21	delete_choiceoption
84	Can view Вариант ответа	21	view_choiceoption
85	Can add Отзыв	22	add_review
86	Can change Отзыв	22	change_review
87	Can delete Отзыв	22	delete_review
88	Can view Отзыв	22	view_review
89	Can add Роль	23	add_role
90	Can change Роль	23	change_role
91	Can delete Роль	23	delete_role
92	Can view Роль	23	view_role
93	Can add Файл преподавателя к заданию	24	add_teacherassignmentfile
94	Can change Файл преподавателя к заданию	24	change_teacherassignmentfile
95	Can delete Файл преподавателя к заданию	24	delete_teacherassignmentfile
96	Can view Файл преподавателя к заданию	24	view_teacherassignmentfile
97	Can add Тест	25	add_test
98	Can change Тест	25	change_test
99	Can delete Тест	25	delete_test
100	Can view Тест	25	view_test
101	Can add Результат теста	26	add_testresult
102	Can change Результат теста	26	change_testresult
103	Can delete Результат теста	26	delete_testresult
104	Can view Результат теста	26	view_testresult
105	Can add Ответ пользователя	27	add_useranswer
106	Can change Ответ пользователя	27	change_useranswer
107	Can delete Ответ пользователя	27	delete_useranswer
108	Can view Ответ пользователя	27	view_useranswer
109	Can add Пользователь на курсе	28	add_usercourse
110	Can change Пользователь на курсе	28	change_usercourse
111	Can delete Пользователь на курсе	28	delete_usercourse
112	Can view Пользователь на курсе	28	view_usercourse
113	Can add Сертификат	29	add_certificate
114	Can change Сертификат	29	change_certificate
115	Can delete Сертификат	29	delete_certificate
116	Can view Сертификат	29	view_certificate
117	Can add Ответ на сопоставление	30	add_usermatchinganswer
118	Can change Ответ на сопоставление	30	change_usermatchinganswer
119	Can delete Ответ на сопоставление	30	delete_usermatchinganswer
120	Can view Ответ на сопоставление	30	view_usermatchinganswer
121	Can add Сдача практического задания	31	add_userpracticalassignment
122	Can change Сдача практического задания	31	change_userpracticalassignment
123	Can delete Сдача практического задания	31	delete_userpracticalassignment
124	Can view Сдача практического задания	31	view_userpracticalassignment
125	Can add Обратная связь	32	add_feedback
126	Can change Обратная связь	32	change_feedback
127	Can delete Обратная связь	32	delete_feedback
128	Can view Обратная связь	32	view_feedback
129	Can add Файл сдачи задания	33	add_assignmentsubmissionfile
130	Can change Файл сдачи задания	33	change_assignmentsubmissionfile
131	Can delete Файл сдачи задания	33	delete_assignmentsubmissionfile
132	Can view Файл сдачи задания	33	view_assignmentsubmissionfile
133	Can add Выбранный вариант	34	add_userselectedchoice
134	Can change Выбранный вариант	34	change_userselectedchoice
135	Can delete Выбранный вариант	34	delete_userselectedchoice
136	Can view Выбранный вариант	34	view_userselectedchoice
137	Can add Персонал курса	35	add_courseteacher
138	Can change Персонал курса	35	change_courseteacher
139	Can delete Персонал курса	35	delete_courseteacher
140	Can view Персонал курса	35	view_courseteacher
\.


--
-- TOC entry 5257 (class 0 OID 225257)
-- Dependencies: 268
-- Data for Name: certificate; Type: TABLE DATA; Schema: public; Owner: postgres
--

COPY public.certificate (id, certificate_number, issue_date, certificate_file_path, user_course_id) FROM stdin;
1	CERT-20260211202953-FW6UXI	2026-02-11	certificates/certificate_CERT-20260211202953-FW6UXI.pdf	16
4	CERT-20260215142233-PVVF9V	2026-02-15	certificates/certificate_CERT-20260215142233-PVVF9V.pdf	17
5	CERT-20260215202553-VQS4CQ	2026-02-15	certificates/certificate_CERT-20260215202553-VQS4CQ.pdf	21
6	CERT-20260216163914-CZ3YMP	2026-02-16	certificates/certificate_CERT-20260216163914-CZ3YMP.pdf	30
7	CERT-20260216170315-BZEAGH	2026-02-16	certificates/certificate_CERT-20260216170315-BZEAGH.pdf	31
\.


--
-- TOC entry 5241 (class 0 OID 225184)
-- Dependencies: 252
-- Data for Name: choice_option; Type: TABLE DATA; Schema: public; Owner: postgres
--

COPY public.choice_option (id, option_text, is_correct, question_id) FROM stdin;
1	Целочисленный тип данных	t	1
2	Тип данных с плавающей точкой	t	2
3	не знаю	f	2
4	не тип данных	f	2
5	кто здесь	f	1
6	компьютер	f	1
7	целочисленный тип данных	t	5
8	компьютер	f	5
9	чего	f	5
10	хорошо	t	9
11	не оч	f	9
12	кто это?	f	9
\.


--
-- TOC entry 5229 (class 0 OID 225138)
-- Dependencies: 240
-- Data for Name: course; Type: TABLE DATA; Schema: public; Owner: postgres
--

COPY public.course (id, course_name, course_description, course_price, course_photo_path, has_certificate, course_max_places, course_hours, is_completed, code_link, is_active, created_at, created_by_id, course_category_id, course_type_id) FROM stdin;
2	тест	выавызалвыавыаывавыавыа	2345.00	course_photos/2026/01/25/suspiciouscat.jpg	f	30	5	t	\N	t	2026-01-25 23:34:21.863798+03	\N	2	1
3	еще один	ваоыдвлаодлвыоалдывоадлываодвыоалвыоа	567.00	course_photos/2026/01/25/funnycat.jpg	f	\N	20	t	\N	t	2026-01-25 23:37:41.42721+03	\N	12	1
4	ну еще	выавыавыавыавыаываываываывавыа	234.00	course_photos/2026/01/25/sobanya.png	f	23	12	t	\N	t	2026-01-25 23:38:20.129822+03	\N	15	1
6	Основы программирования на Java	Это очень крутой курс прям очень честно	123.00		f	\N	43	t	\N	t	2026-02-02 14:10:55.706886+03	\N	12	1
1	новый	тестооооооооооооовыыыыыыый	234.00		t	10	52	t	\N	t	2026-01-24 01:40:14.191818+03	\N	3	1
5	тест бесплатный	выаовылаовыдлаолдаодвылоавдлыоадлвыоа	\N	course_photos/2026/01/25/django.png	t	\N	30	t	\N	t	2026-01-25 23:47:21.696318+03	\N	12	4
7	Аналитика данных	Данный курс направлен на изучение слушателями основных понятий по разделу аналитики данных. Результатом курса станет собственный проект с использованием датасета и Python-библиотек.	123.00	course_photos/2026/02/24/reu.jpg	f	\N	50	t	\N	t	2026-02-03 16:11:24.086339+03	\N	3	1
8	проверка123	Данный курс направлен на освоение слушателями материала по астрономии за 10-11 классы школы	123.00		t	12	12	t	\N	t	2026-02-11 21:52:16.593811+03	\N	2	1
\.


--
-- TOC entry 5227 (class 0 OID 225128)
-- Dependencies: 238
-- Data for Name: course_category; Type: TABLE DATA; Schema: public; Owner: postgres
--

COPY public.course_category (id, course_category_name) FROM stdin;
1	физика
2	астрономия
3	математика
4	программирование
5	информационные технологии
6	литература
7	история
8	география
9	психология
10	алгебра
11	геометрия
12	информатика
13	музыка
14	дизайн
15	химия
16	биология
\.


--
-- TOC entry 5269 (class 0 OID 225309)
-- Dependencies: 280
-- Data for Name: course_teacher; Type: TABLE DATA; Schema: public; Owner: postgres
--

COPY public.course_teacher (id, start_date, is_active, course_id, teacher_id) FROM stdin;
\.


--
-- TOC entry 5217 (class 0 OID 225085)
-- Dependencies: 228
-- Data for Name: course_type; Type: TABLE DATA; Schema: public; Owner: postgres
--

COPY public.course_type (id, course_type_name, course_type_description) FROM stdin;
1	образовательная программа	Полноценная образовательная программа с учебным планом
2	профессиональная переподготовка	Программа профессиональной переподготовки для получения новой квалификации
3	классная комната	Интерактивная классная комната для проведения занятий, преимущественн используется преподавателями для своих учебных целей
4	подготовка к экзаменам	Курс подготовки к экзаменам и тестированиям, например ОГЭ, ЕГЭ, ДВИ в ВУЗы или же иные виды проверки уровня знаний
\.


--
-- TOC entry 5271 (class 0 OID 225597)
-- Dependencies: 282
-- Data for Name: django_admin_log; Type: TABLE DATA; Schema: public; Owner: postgres
--

COPY public.django_admin_log (id, action_time, object_id, object_repr, action_flag, change_message, content_type_id, user_id) FROM stdin;
1	2026-01-22 11:32:46.664329+03	5	фывыфвфывфыв	1	[{"added": {}}]	23	1
2	2026-01-22 11:33:00.284512+03	5	фывыфвфывфыв	3		23	1
3	2026-01-24 01:40:14.209465+03	1	новый	1	[{"added": {}}]	15	1
4	2026-01-25 23:34:21.876793+03	2	тест	1	[{"added": {}}]	15	1
5	2026-01-25 23:37:41.436443+03	3	еще один	1	[{"added": {}}]	15	1
6	2026-01-25 23:38:20.132814+03	4	ну еще	1	[{"added": {}}]	15	1
7	2026-01-25 23:47:21.702315+03	5	тест бесплатный	1	[{"added": {}}]	15	1
8	2026-01-28 12:09:43.623408+03	2	Носова Анастасия	1	[{"added": {}}]	12	1
9	2026-01-31 21:37:42.805347+03	2	Носова Анастасия	2	[]	12	1
10	2026-01-31 21:38:19.033918+03	3	Купер Шелдон	1	[{"added": {}}]	12	1
11	2026-02-01 01:21:28.206328+03	3	Купер Шелдон	2	[]	12	1
12	2026-02-01 01:21:40.083282+03	3	Купер Шелдон	2	[{"changed": {"fields": ["\\u041f\\u0430\\u0440\\u043e\\u043b\\u044c"]}}]	12	1
13	2026-02-02 14:10:55.723991+03	6	Основы программирования на Java	1	[{"added": {}}]	15	1
14	2026-02-02 14:11:49.992053+03	1	Типы данных	1	[{"added": {}}]	16	1
15	2026-02-02 14:22:12.174124+03	1	новое задание!	1	[{"added": {}}]	18	1
16	2026-02-02 23:35:52.927715+03	10	Купер Шелдон - новый	2	[{"changed": {"fields": ["\\u041a\\u0443\\u0440\\u0441 \\u0437\\u0430\\u0432\\u0435\\u0440\\u0448\\u0451\\u043d", "\\u0414\\u0430\\u0442\\u0430 \\u0437\\u0430\\u0432\\u0435\\u0440\\u0448\\u0435\\u043d\\u0438\\u044f"]}}]	28	1
17	2026-02-02 23:37:07.945066+03	1	Купер Шелдон - новое задание! (попытка 1)	1	[{"added": {}}]	31	1
18	2026-02-02 23:39:35.438542+03	4	Преподов Препод	1	[{"added": {}}]	12	1
19	2026-02-02 23:40:18.380829+03	3	Купер Шелдон	2	[{"changed": {"fields": ["\\u041f\\u0430\\u0440\\u043e\\u043b\\u044c", "\\u041e\\u0442\\u0447\\u0435\\u0441\\u0442\\u0432\\u043e"]}}]	12	1
20	2026-02-02 23:41:25.110674+03	1	практос	1	[{"added": {}}]	33	1
21	2026-02-02 23:41:39.80891+03	1	Обратная связь для Купер Шелдон - новое задание! (попытка 1)	1	[{"added": {}}]	32	1
22	2026-02-02 23:42:03.35027+03	1	Типы данных	1	[{"added": {}}]	25	1
23	2026-02-02 23:43:35.412335+03	1	новый	2	[{"changed": {"fields": ["\\u0415\\u0441\\u0442\\u044c \\u0441\\u0435\\u0440\\u0442\\u0438\\u0444\\u0438\\u043a\\u0430\\u0442"]}}]	15	1
24	2026-02-02 23:52:05.289444+03	1	Типы данных	2	[{"changed": {"fields": ["\\u041a\\u0443\\u0440\\u0441"]}}]	16	1
25	2026-02-03 00:04:21.809716+03	1	Обратная связь для Купер Шелдон - новое задание! (попытка 1)	2	[]	32	1
26	2026-02-03 00:57:44.756743+03	2	новое задание 1	1	[{"added": {}}]	18	1
27	2026-02-03 02:18:00.325624+03	1	int это?	1	[{"added": {}}]	19	1
28	2026-02-03 02:18:21.04966+03	2	double - это?	1	[{"added": {}}]	19	1
29	2026-02-03 02:18:42.780416+03	1	Целочисленный тип данных	1	[{"added": {}}]	21	1
30	2026-02-03 02:19:03.283113+03	2	Тип данных с плавающей точкой	1	[{"added": {}}]	21	1
31	2026-02-03 02:19:15.352092+03	3	не знаю	1	[{"added": {}}]	21	1
32	2026-02-03 02:19:21.791414+03	4	не тип данных	1	[{"added": {}}]	21	1
33	2026-02-03 02:19:27.198559+03	5	кто здесь	1	[{"added": {}}]	21	1
34	2026-02-03 02:19:37.748203+03	6	компьютер	1	[{"added": {}}]	21	1
35	2026-02-03 16:11:24.091397+03	7	тест123	1	[{"added": {}}]	15	1
36	2026-02-04 23:00:58.499456+03	3	сопоставьте варианты ответов	1	[{"added": {}}]	19	1
37	2026-02-04 23:01:15.423262+03	1	int -> целочисленный	1	[{"added": {}}]	20	1
38	2026-02-04 23:01:38.862478+03	2	double -> с плавающей точкой	1	[{"added": {}}]	20	1
39	2026-02-04 23:02:35.192113+03	3	string -> строка	1	[{"added": {}}]	20	1
40	2026-02-08 03:01:46.056686+03	10	Тест Тесттт - Типы данных (попытка 10)	3		26	1
41	2026-02-08 03:04:49.077635+03	11	Тест Тесттт - Типы данных (попытка 10)	3		26	1
42	2026-02-08 03:05:37.133172+03	12	Тест Тесттт - сопоставьте варианты ответов - string -> строка	3		30	1
43	2026-02-08 03:05:37.133172+03	11	Тест Тесттт - сопоставьте варианты ответов - double -> с плавающей точкой	3		30	1
44	2026-02-08 03:05:37.133172+03	10	Тест Тесттт - сопоставьте варианты ответов - int -> целочисленный	3		30	1
45	2026-02-08 03:06:07.30152+03	12	Тест Тесттт - Типы данных (попытка 10)	3		26	1
46	2026-02-08 03:06:34.885693+03	8	Тест Тесттт - double - это? - Тип данных с плавающей точкой	3		34	1
47	2026-02-08 03:06:34.885693+03	7	Тест Тесттт - int это? - Целочисленный тип данных	3		34	1
48	2026-02-08 03:06:34.885693+03	6	Тест Тесттт - double - это? - Тип данных с плавающей точкой	3		34	1
49	2026-02-08 03:11:21.969983+03	14	newnew newnew - новый	1	[{"added": {}}]	28	1
50	2026-02-09 01:44:50.068809+03	2	Обратная связь для newnew newnew - новое задание! (попытка 1)	1	[{"added": {}}]	32	1
51	2026-02-09 01:45:16.730816+03	2	Обратная связь для newnew newnew - новое задание! (попытка 1)	2	[]	32	1
52	2026-02-09 02:15:40.82972+03	3	Обратная связь для newnew newnew - новое задание! (попытка 2)	1	[{"added": {}}]	32	1
53	2026-02-09 14:43:10.387747+03	1	Отзыв от Тест Тесттт на новый	1	[{"added": {}}]	22	1
54	2026-02-10 00:36:49.653675+03	4	Обратная связь для newnew newnew - новое задание 1 (попытка 1)	1	[{"added": {}}]	32	1
55	2026-02-10 00:37:23.754518+03	4	Обратная связь для newnew newnew - новое задание 1 (попытка 1)	2	[{"changed": {"fields": ["\\u0411\\u0430\\u043b\\u043b"]}}]	32	1
56	2026-02-10 00:37:58.391215+03	4	Обратная связь для newnew newnew - новое задание 1 (попытка 1)	2	[{"changed": {"fields": ["\\u0411\\u0430\\u043b\\u043b"]}}]	32	1
57	2026-02-10 01:04:34.755475+03	15	newnew newnew - тест бесплатный	1	[{"added": {}}]	28	1
58	2026-02-10 01:07:06.421732+03	2	лекция1	1	[{"added": {}}]	16	1
59	2026-02-10 01:09:03.578052+03	2	джанго начало	1	[{"added": {}}]	25	1
60	2026-02-10 01:09:43.498014+03	4	как называется команда для запуска сервера проекта	1	[{"added": {}}]	19	1
61	2026-02-10 01:10:25.712564+03	5	int - это?	1	[{"added": {}}]	19	1
62	2026-02-10 01:11:05.45982+03	7	целочисленный тип данных	1	[{"added": {}}]	21	1
63	2026-02-10 01:11:10.684747+03	8	компьютер	1	[{"added": {}}]	21	1
64	2026-02-10 01:11:19.914158+03	9	чего	1	[{"added": {}}]	21	1
65	2026-02-10 01:11:44.73311+03	6	сопоставьте джанго команды с их описанием	1	[{"added": {}}]	19	1
66	2026-02-10 01:12:03.966764+03	4	runserver -> запуск проекта	1	[{"added": {}}]	20	1
67	2026-02-10 01:12:15.32936+03	5	migrate -> выполнить миграции в бд	1	[{"added": {}}]	20	1
68	2026-02-10 01:12:37.884399+03	6	makemigrations -> создать миграции	1	[{"added": {}}]	20	1
69	2026-02-10 01:14:10.622586+03	3	практос джанго1	1	[{"added": {}}]	18	1
70	2026-02-10 01:17:28.490124+03	5	Обратная связь для newnew newnew - практос джанго1 (попытка 1)	1	[{"added": {}}]	32	1
71	2026-02-10 01:48:49.241299+03	5	Обратная связь для newnew newnew - практос джанго1 (попытка 1)	2	[{"changed": {"fields": ["\\u0411\\u0430\\u043b\\u043b"]}}]	32	1
72	2026-02-10 01:49:04.243328+03	5	Обратная связь для newnew newnew - практос джанго1 (попытка 1)	2	[{"changed": {"fields": ["\\u0411\\u0430\\u043b\\u043b"]}}]	32	1
73	2026-02-11 20:15:23.207191+03	15	newnew newnew - тест бесплатный	2	[{"changed": {"fields": ["\\u041a\\u0443\\u0440\\u0441 \\u0437\\u0430\\u0432\\u0435\\u0440\\u0448\\u0451\\u043d", "\\u0414\\u0430\\u0442\\u0430 \\u0437\\u0430\\u0432\\u0435\\u0440\\u0448\\u0435\\u043d\\u0438\\u044f"]}}]	28	1
74	2026-02-11 20:16:52.161812+03	5	тест бесплатный	2	[{"changed": {"fields": ["\\u0415\\u0441\\u0442\\u044c \\u0441\\u0435\\u0440\\u0442\\u0438\\u0444\\u0438\\u043a\\u0430\\u0442"]}}]	15	1
75	2026-02-11 21:49:06.956571+03	15	newnew newnew - тест бесплатный	2	[{"changed": {"fields": ["\\u041a\\u0443\\u0440\\u0441 \\u0437\\u0430\\u0432\\u0435\\u0440\\u0448\\u0451\\u043d", "\\u0414\\u0430\\u0442\\u0430 \\u0437\\u0430\\u0432\\u0435\\u0440\\u0448\\u0435\\u043d\\u0438\\u044f"]}}]	28	1
76	2026-02-11 21:52:16.606669+03	8	проверка1	1	[{"added": {}}]	15	1
77	2026-02-11 21:52:58.514977+03	3	проверка лекции	1	[{"added": {}}]	16	1
78	2026-02-11 21:53:22.309523+03	3	тест_проверка1	1	[{"added": {}}]	25	1
79	2026-02-11 21:53:51.837792+03	7	напишите привет	1	[{"added": {}}]	19	1
80	2026-02-11 21:54:15.84918+03	8	сопоставьте слова по смыслу	1	[{"added": {}}]	19	1
81	2026-02-11 21:54:34.175814+03	7	привет -> приветствие	1	[{"added": {}}]	20	1
82	2026-02-11 21:54:52.730762+03	8	пока-пока -> что надо сказать перед тем как	1	[{"added": {}}]	20	1
83	2026-02-11 21:55:05.330737+03	9	вежливое приветствие -> здравствуйте	1	[{"added": {}}]	20	1
84	2026-02-11 21:55:30.78604+03	9	как жизнь	1	[{"added": {}}]	19	1
85	2026-02-11 21:55:38.99766+03	10	хорошо	1	[{"added": {}}]	21	1
86	2026-02-11 21:55:43.441343+03	11	не оч	1	[{"added": {}}]	21	1
87	2026-02-11 21:55:50.762882+03	12	кто это	1	[{"added": {}}]	21	1
88	2026-02-11 21:56:16.02092+03	16	newnew newnew - проверка1	1	[{"added": {}}]	28	1
89	2026-02-11 21:57:50.332113+03	4	проверка задания1	1	[{"added": {}}]	18	1
90	2026-02-11 22:03:27.221428+03	6	Обратная связь для newnew newnew - проверка задания1 (попытка 1)	1	[{"added": {}}]	32	1
91	2026-02-11 22:16:42.518109+03	7	newnew newnew - проверка задания1 (попытка 1)	2	[{"changed": {"fields": ["\\u0421\\u0442\\u0430\\u0442\\u0443\\u0441 \\u0441\\u0434\\u0430\\u0447\\u0438"]}}]	31	1
92	2026-02-11 22:28:26.937927+03	16	newnew newnew - проверка1	2	[{"changed": {"fields": ["\\u041a\\u0443\\u0440\\u0441 \\u0437\\u0430\\u0432\\u0435\\u0440\\u0448\\u0451\\u043d", "\\u0414\\u0430\\u0442\\u0430 \\u0437\\u0430\\u0432\\u0435\\u0440\\u0448\\u0435\\u043d\\u0438\\u044f"]}}]	28	1
93	2026-02-11 22:28:50.344795+03	16	newnew newnew - проверка1	2	[{"changed": {"fields": ["\\u041a\\u0443\\u0440\\u0441 \\u0437\\u0430\\u0432\\u0435\\u0440\\u0448\\u0451\\u043d", "\\u0414\\u0430\\u0442\\u0430 \\u0437\\u0430\\u0432\\u0435\\u0440\\u0448\\u0435\\u043d\\u0438\\u044f"]}}]	28	1
94	2026-02-11 23:14:56.148293+03	16	newnew newnew - проверка1	2	[{"changed": {"fields": ["\\u041a\\u0443\\u0440\\u0441 \\u0437\\u0430\\u0432\\u0435\\u0440\\u0448\\u0451\\u043d", "\\u0414\\u0430\\u0442\\u0430 \\u0437\\u0430\\u0432\\u0435\\u0440\\u0448\\u0435\\u043d\\u0438\\u044f"]}}]	28	1
95	2026-02-15 13:56:31.455298+03	17	ы Тест - проверка1	1	[{"added": {}}]	28	1
96	2026-02-15 13:59:20.721918+03	7	Обратная связь для ы Тест - проверка задания1 (попытка 1)	1	[{"added": {}}]	32	1
97	2026-02-15 14:00:17.802145+03	1	Обратная связь для Тест Тест - новое задание! (попытка 1)	2	[]	32	1
98	2026-02-15 14:03:16.710966+03	9	ы Тест - проверка задания1 (попытка 1)	3		31	1
99	2026-02-15 14:05:25.273426+03	8	Обратная связь для ы Тест - проверка задания1 (попытка 1)	1	[{"added": {}}]	32	1
100	2026-02-15 14:10:55.933095+03	8	Обратная связь для ы Тест - проверка задания1 (попытка 1)	3		32	1
101	2026-02-15 15:53:02.04395+03	9	ы Тест	2	[{"changed": {"fields": ["\\u041f\\u0430\\u0440\\u043e\\u043b\\u044c", "\\u0420\\u043e\\u043b\\u044c", "\\u041f\\u043e\\u0434\\u0442\\u0432\\u0435\\u0440\\u0436\\u0434\\u0451\\u043d"]}}]	12	1
102	2026-02-15 15:54:10.765702+03	9	Обратная связь для ы Тест - проверка задания1 (попытка 1)	1	[{"added": {}}]	32	1
103	2026-02-15 16:05:10.40371+03	9	Обратная связь для ы Тест - проверка задания1 (попытка 1)	3		32	1
104	2026-02-15 16:05:34.475785+03	10	Обратная связь для ы Тест - проверка задания1 (попытка 1)	1	[{"added": {}}]	32	1
105	2026-02-15 16:08:15.348899+03	10	Обратная связь для ы Тест - проверка задания1 (попытка 1)	3		32	1
106	2026-02-15 16:10:07.513275+03	11	Обратная связь для ы Тест - проверка задания1 (попытка 1)	1	[{"added": {}}]	32	1
107	2026-02-15 16:11:24.393055+03	11	Обратная связь для ы Тест - проверка задания1 (попытка 1)	3		32	1
108	2026-02-15 16:21:11.040327+03	1	Системы Администратор	2	[{"changed": {"fields": ["\\u041f\\u0430\\u0440\\u043e\\u043b\\u044c", "\\u0420\\u043e\\u043b\\u044c"]}}]	12	1
109	2026-02-15 16:59:04.817217+03	21	ы Тест - тест_проверка1 (попытка 1)	3		26	1
110	2026-02-15 16:59:15.055893+03	17	ы Тест - как жизнь - хорошо	3		34	1
111	2026-02-15 16:59:27.17485+03	42	ы Тест - как жизнь	3		27	1
112	2026-02-15 16:59:27.17485+03	41	ы Тест - сопоставьте слова по смыслу	3		27	1
113	2026-02-15 16:59:27.17485+03	40	ы Тест - напишите привет	3		27	1
114	2026-02-15 17:17:05.760158+03	2	Сертификат CERT-20260215140955-ORI9T4 - ы Тест	3		29	1
115	2026-02-15 17:17:24.363642+03	3	Сертификат CERT-20260215141711-FN4I1D - ы Тест	3		29	1
116	2026-02-15 17:20:55.497897+03	18	ы Тест - как жизнь - кто это	3		34	1
117	2026-02-15 17:21:09.215839+03	45	ы Тест - как жизнь	3		27	1
118	2026-02-15 17:21:09.215839+03	44	ы Тест - сопоставьте слова по смыслу	3		27	1
119	2026-02-15 17:21:09.215839+03	43	ы Тест - напишите привет	3		27	1
120	2026-02-15 17:21:45.654394+03	22	ы Тест - тест_проверка1 (попытка 1)	3		26	1
121	2026-02-15 20:29:18.197801+03	2	Отзыв от ы Тест на проверка1	2	[{"changed": {"fields": ["\\u041e\\u0434\\u043e\\u0431\\u0440\\u0435\\u043d"]}}]	22	1
122	2026-02-15 23:28:09.616075+03	21	носова анастасия - как жизнь - хорошо	3		34	1
123	2026-02-15 23:28:19.786026+03	54	носова анастасия - как жизнь	3		27	1
124	2026-02-15 23:28:19.786026+03	53	носова анастасия - сопоставьте слова по смыслу	3		27	1
125	2026-02-15 23:28:19.786026+03	52	носова анастасия - напишите привет	3		27	1
126	2026-02-15 23:28:26.968166+03	25	носова анастасия - тест_проверка1 (попытка 1)	3		26	1
127	2026-02-16 18:59:35.095658+03	12	sdfdsf sfdsfsdf	2	[{"changed": {"fields": ["\\u041f\\u0430\\u0440\\u043e\\u043b\\u044c", "\\u0420\\u043e\\u043b\\u044c"]}}]	12	1
128	2026-02-16 19:13:22.245229+03	14	Обратная связь для sdfdsf sfdsfsdf - проверка задания1 (попытка 1)	3		32	1
129	2026-02-16 19:15:28.26341+03	12	sdfdsf sfdsfsdf - проверка задания1 (попытка 1)	2	[{"changed": {"fields": ["\\u0421\\u0442\\u0430\\u0442\\u0443\\u0441 \\u0441\\u0434\\u0430\\u0447\\u0438"]}}]	31	1
130	2026-02-16 19:38:18.787852+03	17	Обратная связь для dasd asdasd - проверка задания1 (попытка 1)	3		32	1
131	2026-02-16 19:38:56.221521+03	14	dasd asdasd - проверка задания1 (попытка 1)	2	[{"changed": {"fields": ["\\u0421\\u0442\\u0430\\u0442\\u0443\\u0441 \\u0441\\u0434\\u0430\\u0447\\u0438"]}}]	31	1
132	2026-02-17 15:03:17.119299+03	8	проверка1	2	[{"changed": {"fields": ["\\u041e\\u043f\\u0438\\u0441\\u0430\\u043d\\u0438\\u0435 \\u043a\\u0443\\u0440\\u0441\\u0430"]}}]	15	1
133	2026-02-17 15:04:17.365667+03	7	Аналитика данных	2	[{"changed": {"fields": ["\\u041d\\u0430\\u0437\\u0432\\u0430\\u043d\\u0438\\u0435 \\u043a\\u0443\\u0440\\u0441\\u0430", "\\u041e\\u043f\\u0438\\u0441\\u0430\\u043d\\u0438\\u0435 \\u043a\\u0443\\u0440\\u0441\\u0430"]}}]	15	1
134	2026-02-24 00:32:51.46448+03	7	Аналитика данных	2	[{"changed": {"fields": ["\\u0424\\u043e\\u0442\\u043e\\u0433\\u0440\\u0430\\u0444\\u0438\\u044f \\u043a\\u0443\\u0440\\u0441\\u0430"]}}]	15	1
135	2026-03-02 20:10:14.245158+03	12	кто это?	2	[{"changed": {"fields": ["\\u0422\\u0435\\u043a\\u0441\\u0442 \\u0432\\u0430\\u0440\\u0438\\u0430\\u043d\\u0442\\u0430"]}}]	21	1
136	2026-03-02 20:43:40.960105+03	9	ы Тест	2	[{"changed": {"fields": ["Password"]}}]	12	1
137	2026-03-02 20:47:50.968294+03	9	ы Тест	2	[]	12	1
138	2026-03-02 20:57:30.421675+03	9	ы Тест	2	[{"changed": {"fields": ["password"]}}]	12	1
139	2026-03-02 20:58:52.317392+03	8	проверка1123	2	[{"changed": {"fields": ["\\u041d\\u0430\\u0437\\u0432\\u0430\\u043d\\u0438\\u0435 \\u043a\\u0443\\u0440\\u0441\\u0430"]}}]	15	1
140	2026-03-02 20:59:02.305145+03	8	проверка123	2	[{"changed": {"fields": ["\\u041d\\u0430\\u0437\\u0432\\u0430\\u043d\\u0438\\u0435 \\u043a\\u0443\\u0440\\u0441\\u0430"]}}]	15	1
141	2026-03-11 02:24:47.327202+03	6	ррррр	1	[Админка] role_name: 'ррррр'	23	1
142	2026-03-11 02:24:47.346779+03	6	ррррр	1	[{"added": {}}]	23	1
143	2026-03-11 02:25:04.204883+03	6	новая роль	2	[Админка] role_name: 'ррррр' -> 'новая роль'	23	1
144	2026-03-11 02:25:04.207626+03	6	новая роль	2	[{"changed": {"fields": ["\\u041d\\u0430\\u0437\\u0432\\u0430\\u043d\\u0438\\u0435 \\u0440\\u043e\\u043b\\u0438"]}}]	23	1
145	2026-03-11 22:17:07.48669+03	6	новая роль	3		23	1
146	2026-03-11 22:17:07.511246+03	6	новая роль	3	[Админка] Объект удален: новая роль	23	1
147	2026-03-12 12:21:23.56333+03	36	аоалала алалала - проверка123	1	user: 'аоалала алалала', course: 'проверка123', registration_date: '2026-03-12', status_course: 'False', payment_date: '2026-03-12 09:21:23.536288+00:00', completion_date: 'None', course_price: '123.00', is_active: 'True', enrolled_at: '2026-03-12 09:21:23.547180+00:00', payment_id: '31449938-000f-5000-8000-150b228f7595'	28	19
148	2026-03-12 12:22:11.960379+03	17	аоалала алалала - проверка задания1 (попытка 1)	1	user: 'аоалала алалала', practical_assignment: 'проверка задания1', submission_date: '2026-03-12 12:22:11.936405+03:00', submission_status: 'на проверке', attempt_number: '1', comment: '', submitted_at: '2026-03-12 09:22:11.949415+00:00'	31	19
149	2026-03-12 12:22:11.983025+03	23	чек.pdf	1	user_assignment: 'аоалала алалала - проверка задания1 (попытка 1)', file: 'assignment_submissions/2026/03/12/чек.pdf', uploaded_at: '2026-03-12 09:22:11.971380+00:00', file_name: 'чек.pdf', file_size: '35342', description: 'None'	33	19
150	2026-03-12 12:22:27.001605+03	17	аоалала алалала - проверка задания1 (попытка 1)	2	submission_date: '2026-03-12 09:22:11.936405+00:00' -> '2026-03-12 09:22:26.985204+00:00', comment: '' -> 'я ничего не понял помогите'	31	19
151	2026-03-12 12:23:17.50188+03	38	аоалала алалала - тест_проверка1 (попытка 1)	1	user: 'аоалала алалала', test: 'тест_проверка1', completion_date: '2026-03-12 09:23:17.431688+00:00', final_score: '6', is_passed: 'None', attempt_number: '1', time_spent: '30'	26	19
152	2026-03-12 12:23:17.535525+03	91	аоалала алалала - напишите привет	1	user: 'аоалала алалала', question: 'напишите привет', answer_text: 'None', answer_date: '2026-03-12 09:23:17.506952+00:00', attempt_number: '1', score: 'None'	27	19
153	2026-03-12 12:23:17.547164+03	91	аоалала алалала - напишите привет	2	answer_text: 'None' -> 'привет ', score: 'None' -> '1'	27	19
154	2026-03-12 12:23:17.556947+03	92	аоалала алалала - сопоставьте слова по смыслу	1	user: 'аоалала алалала', question: 'сопоставьте слова по смыслу', answer_text: 'None', answer_date: '2026-03-12 09:23:17.550948+00:00', attempt_number: '1', score: 'None'	27	19
155	2026-03-12 12:23:17.581963+03	85	аоалала алалала - сопоставьте слова по смыслу - привет -> приветствие	1	user_answer: 'аоалала алалала - сопоставьте слова по смыслу', matching_pair: 'привет -> приветствие', user_selected_right_text: 'приветствие', selected_at: '2026-03-12 09:23:17.574226+00:00'	30	19
156	2026-03-12 12:23:17.593099+03	86	аоалала алалала - сопоставьте слова по смыслу - пока-пока -> что надо сказать перед тем как	1	user_answer: 'аоалала алалала - сопоставьте слова по смыслу', matching_pair: 'пока-пока -> что надо сказать перед тем как', user_selected_right_text: 'что надо сказать перед тем как уйти', selected_at: '2026-03-12 09:23:17.592588+00:00'	30	19
157	2026-03-12 12:23:17.601135+03	87	аоалала алалала - сопоставьте слова по смыслу - вежливое приветствие -> здравствуйте	1	user_answer: 'аоалала алалала - сопоставьте слова по смыслу', matching_pair: 'вежливое приветствие -> здравствуйте', user_selected_right_text: 'здравствуйте', selected_at: '2026-03-12 09:23:17.599135+00:00'	30	19
158	2026-03-12 12:23:17.611618+03	92	аоалала алалала - сопоставьте слова по смыслу	2	score: 'None' -> '5'	27	19
159	2026-03-12 12:23:17.620481+03	93	аоалала алалала - как жизнь	1	user: 'аоалала алалала', question: 'как жизнь', answer_text: 'None', answer_date: '2026-03-12 09:23:17.613640+00:00', attempt_number: '1', score: 'None'	27	19
160	2026-03-12 12:23:17.63916+03	35	аоалала алалала - как жизнь - не оч	1	user_answer: 'аоалала алалала - как жизнь', choice_option: 'не оч', selected_at: '2026-03-12 09:23:17.633159+00:00'	34	19
161	2026-03-12 12:23:17.654773+03	93	аоалала алалала - как жизнь	2	score: 'None' -> '0'	27	19
162	2026-03-12 12:24:06.152874+03	37	аоалала алалала - тест бесплатный	1	user: 'аоалала алалала', course: 'тест бесплатный', registration_date: '2026-03-12', status_course: 'False', payment_date: 'None', completion_date: 'None', course_price: 'None', is_active: 'True', enrolled_at: '2026-03-12 09:24:06.149116+00:00', payment_id: 'None'	28	19
\.


--
-- TOC entry 5207 (class 0 OID 225021)
-- Dependencies: 218
-- Data for Name: django_content_type; Type: TABLE DATA; Schema: public; Owner: postgres
--

COPY public.django_content_type (id, app_label, model) FROM stdin;
1	admin	logentry
2	auth	permission
3	auth	group
4	contenttypes	contenttype
5	sessions	session
6	unireax_main	viewassignmentsubmissions
7	unireax_main	viewcourselectures
8	unireax_main	viewcoursepracticalassignments
9	unireax_main	viewcoursetests
10	unireax_main	answertype
11	unireax_main	coursetype
12	unireax_main	user
13	unireax_main	assignmentstatus
14	unireax_main	coursecategory
15	unireax_main	course
16	unireax_main	lecture
17	unireax_main	passwordresetcode
18	unireax_main	practicalassignment
19	unireax_main	question
20	unireax_main	matchingpair
21	unireax_main	choiceoption
22	unireax_main	review
23	unireax_main	role
24	unireax_main	teacherassignmentfile
25	unireax_main	test
26	unireax_main	testresult
27	unireax_main	useranswer
28	unireax_main	usercourse
29	unireax_main	certificate
30	unireax_main	usermatchinganswer
31	unireax_main	userpracticalassignment
32	unireax_main	feedback
33	unireax_main	assignmentsubmissionfile
34	unireax_main	userselectedchoice
35	unireax_main	courseteacher
\.


--
-- TOC entry 5205 (class 0 OID 225013)
-- Dependencies: 216
-- Data for Name: django_migrations; Type: TABLE DATA; Schema: public; Owner: postgres
--

COPY public.django_migrations (id, app, name, applied) FROM stdin;
1	contenttypes	0001_initial	2026-01-20 15:54:51.427063+03
2	contenttypes	0002_remove_content_type_name	2026-01-20 15:54:51.435625+03
3	auth	0001_initial	2026-01-20 15:54:51.50409+03
4	auth	0002_alter_permission_name_max_length	2026-01-20 15:54:51.51109+03
5	auth	0003_alter_user_email_max_length	2026-01-20 15:54:51.519093+03
6	auth	0004_alter_user_username_opts	2026-01-20 15:54:51.52609+03
7	auth	0005_alter_user_last_login_null	2026-01-20 15:54:51.53409+03
8	auth	0006_require_contenttypes_0002	2026-01-20 15:54:51.536089+03
9	auth	0007_alter_validators_add_error_messages	2026-01-20 15:54:51.54209+03
10	auth	0008_alter_user_username_max_length	2026-01-20 15:54:51.549655+03
11	auth	0009_alter_user_last_name_max_length	2026-01-20 15:54:51.556657+03
12	auth	0010_alter_group_name_max_length	2026-01-20 15:54:51.568454+03
13	auth	0011_update_proxy_permissions	2026-01-20 15:54:51.57617+03
14	auth	0012_alter_user_first_name_max_length	2026-01-20 15:54:51.584165+03
15	unireax_main	0001_initial	2026-01-20 15:54:53.01553+03
16	admin	0001_initial	2026-01-20 15:54:53.077114+03
17	admin	0002_logentry_remove_auto_add	2026-01-20 15:54:53.094134+03
18	admin	0003_logentry_add_action_flag_choices	2026-01-20 15:54:53.114494+03
19	sessions	0001_initial	2026-01-20 15:54:53.135137+03
20	unireax_main	0002_remove_courseteacher_course_teacher_start_date_future_check_and_more	2026-01-25 19:13:51.038496+03
21	unireax_main	0003_alter_course_options_and_more	2026-02-01 01:33:58.185584+03
22	unireax_main	0004_remove_usercourse_user_course_registration_date_past_check_and_more	2026-02-01 01:40:28.268624+03
23	unireax_main	0005_remove_courseteacher_course_teacher_start_date_future_check_and_more	2026-02-09 00:16:50.343579+03
24	unireax_main	0006_remove_courseteacher_course_teacher_start_date_future_check_and_more	2026-02-10 00:47:04.218059+03
25	unireax_main	0007_remove_courseteacher_course_teacher_start_date_future_check_and_more	2026-02-15 15:50:22.418672+03
26	unireax_main	0008_usercourse_payment_id	2026-02-16 00:22:57.461811+03
27	unireax_main	0009_delete_viewassignmentsubmissions_and_more	2026-03-02 20:07:26.684366+03
\.


--
-- TOC entry 5272 (class 0 OID 225617)
-- Dependencies: 283
-- Data for Name: django_session; Type: TABLE DATA; Schema: public; Owner: postgres
--

COPY public.django_session (session_key, session_data, expire_date) FROM stdin;
dsue7n12lgua2pk25g6ratlyrv7ky1up	.eJxVjDsOwyAQBe9CHSFYfiZl-pwBLSwOTiKQjF1FvrtjyUXSvpl5HxZwXUpYe57DROzKJLv8bhHTK9cD0BPro_HU6jJPkR8KP2nn90b5fTvdv4OCvXxrSNn4qAizBuFROyestEqCTdr4waJ32oykMEnQVgwRBEpQBBFGowSybQfAqTbG:1viBGM:NuVbPJIPmbDES7hTU1t76h4R3Uu-sgFhieAcpMjTj9c	2026-02-03 15:55:14.35492+03
umreexuzm4u29d4g77rruvyzav03xewq	.eJxVjDsOwyAQBe9CHSFYfiZl-pwBLSwOTiKQjF1FvrtjyUXSvpl5HxZwXUpYe57DROzKJLv8bhHTK9cD0BPro_HU6jJPkR8KP2nn90b5fTvdv4OCvXxrSNn4qAizBuFROyestEqCTdr4waJ32oykMEnQVgwRBEpQBBFGowSybQfAqTbG:1vl1WG:g_30BPq2vNwwE0BllXBRi9Kp8qwfwiTkva7UMkijra8	2026-02-11 12:07:24.880606+03
dn3y1biacvi9ho66dkloj66k3c1nppvx	.eJxVjDsOwyAQBe9CHSFYfiZl-pwBLSwOTiKQjF1FvrtjyUXSvpl5HxZwXUpYe57DROzKJLv8bhHTK9cD0BPro_HU6jJPkR8KP2nn90b5fTvdv4OCvXxrSNn4qAizBuFROyestEqCTdr4waJ32oykMEnQVgwRBEpQBBFGowSybQfAqTbG:1vlOWU:lXsC7NhF6AMpghVxCNbLvS7XTGZ_kTatoXqXH1WXa7c	2026-02-12 12:41:10.491159+03
4yjmov4n0n9j2r827cq3r9p4n5kid8rs	.eJxVjDsOwyAQBe9CHSFYfiZl-pwBLSwOTiKQjF1FvrtjyUXSvpl5HxZwXUpYe57DROzKJLv8bhHTK9cD0BPro_HU6jJPkR8KP2nn90b5fTvdv4OCvXxrSNn4qAizBuFROyestEqCTdr4waJ32oykMEnQVgwRBEpQBBFGowSybQfAqTbG:1vmD5u:9iQUC2fixzYGc14_zuhc1_b6nWYhwum0roEDWtKGQ6E	2026-02-14 18:41:06.659206+03
wbp7vj1ityu76btwnn4wuvx8s14eg8je	.eJxVjDsOwyAQBe9CHSFYfiZl-pwBLSwOTiKQjF1FvrtjyUXSvpl5HxZwXUpYe57DROzKJLv8bhHTK9cD0BPro_HU6jJPkR8KP2nn90b5fTvdv4OCvXxrSNn4qAizBuFROyestEqCTdr4waJ32oykMEnQVgwRBEpQBBFGowSybQfAqTbG:1vniwC:rQbrMHHBURTI_KhpCOMWC5gcCNeMCgK1OUCzYDR1n4w	2026-02-18 22:53:20.824169+03
1s281fgopa63on6nm3kta7dwi6yu3c7i	.eJxVjEEOwiAQRe_C2hBahgIu3fcMZJgBqZqSlHZlvLsh6UK3_7333yLgsZdwtLSFhcVVDOLyu0WkZ1o74Aeu9yqprvu2RNkVedIm58rpdTvdv4OCrfR6YpMwarAa1IhGW4uJIAJli9F5NUHGgSGr0XmOIxA7SopzJuOtJ_H5AviROMc:1vrc3q:WARCFAMSyRS5ujPBEl594k8dgY7GFCIv5YA47OQQ750	2026-03-01 16:21:18.985365+03
bceahhvapzdezbkf23nffsnyht2gfwp6	.eJxVjEEOwiAQRe_C2hBahgIu3fcMZJgBqZqSlHZlvLsh6UK3_7333yLgsZdwtLSFhcVVDOLyu0WkZ1o74Aeu9yqprvu2RNkVedIm58rpdTvdv4OCrfR6YpMwarAa1IhGW4uJIAJli9F5NUHGgSGr0XmOIxA7SopzJuOtJ_H5AviROMc:1vx7WM:OlCR4yF9Pniju5M9z32URvxV8hruYvvodNlCA2NnQKY	2026-03-16 20:57:30.484925+03
xjp1dt1bpo3mi0qk6508g6z8ixvy8zpj	.eJxVjEEOwiAQRe_C2hBKaSku3XsGMswMFjVgSptojHc3JF3o9r_331t42NbZb5UXn0gcRScOv1sAvHFugK6QL0ViyeuSgmyK3GmV50J8P-3uX2CGOrf3SAND6I3tjdIw9NYCowkGo4UwOTWaCB2ZqPTkKGiDNCErihEHZx22aOVaU8men4-0vMSx08qNSn2-NSZBNg:1vxT7q:0u4R3tdANYuDsAbflkQWPz0jjMEOC6mxQDP8vCwvExk	2026-03-17 20:01:38.663818+03
7os0gi79zdp9cs916tjahdyp8lq4fpol	.eJxVjEEOwiAQRe_C2hDa0lK6dO8ZyDAzWNRAU9pEY7y7IelCt_-9_97Cwb7Nbi-8ukhiEo04_W4e8M6pArpBumaJOW1r9LIq8qBFXjLx43y4f4EZylzfA_UMvtOm06qFvjMGGLXXGAz40apBB2hIB9WOlnyrkUZkRSFgb43FGi1cSszJ8XOJ60tM6vMFsnNABA:1w06RF:szfhhaSGJ5LuQXda2Lnv1skKc4rigjoR8BhLLvmIQmk	2026-03-25 02:24:33.61493+03
0ixbo5yh3zxi2ieyuivu4nfmbaonevmv	.eJxVjEEOwiAQRe_C2hBahgIu3fcMZJgBqZqSlHZlvLsh6UK3_7333yLgsZdwtLSFhcVVDOLyu0WkZ1o74Aeu9yqprvu2RNkVedIm58rpdTvdv4OCrfR6YpMwarAa1IhGW4uJIAJli9F5NUHGgSGr0XmOIxA7SopzJuOtJ_H5AviROMc:1w0cNz:GH74OwU5dajADVj_5DgCDXWMTQFYbU5P4s6GT3HvAhQ	2026-03-26 12:31:19.638519+03
kh1kb20jy5nva1ph4yhi8rkxhsfrs7pc	.eJxVjEEOwiAQRe_C2hBKaSku3XsGMswMFjVgSptojHc3JF3o9r_331t42NbZb5UXn0gcRScOv1sAvHFugK6QL0ViyeuSgmyK3GmV50J8P-3uX2CGOrf3SAND6I3tjdIw9NYCowkGo4UwOTWaCB2ZqPTkKGiDNCErihEHZx22aOVaU8men4-0vMSx08qNSn2-NSZBNg:1w13Kc:VjwzHo5fU9gCemw01CCQbnpicZwHLzAFM49atOQkj-M	2026-03-27 17:17:38.354689+03
gwthvrx303k0s5pguht2jmk5k0i61ipl	.eJxVjEEOwiAQRe_C2hBKaSku3XsGMswMFjVgSptojHc3JF3o9r_331t42NbZb5UXn0gcRScOv1sAvHFugK6QL0ViyeuSgmyK3GmV50J8P-3uX2CGOrf3SAND6I3tjdIw9NYCowkGo4UwOTWaCB2ZqPTkKGiDNCErihEHZx22aOVaU8men4-0vMSx08qNSn2-NSZBNg:1w1Vdb:GtQA5v5lBNfGFZN8QBNd-pJCeMlE8jdvMxfrVxaT35k	2026-03-28 23:31:07.478932+03
be8ddyt2xs7cqtjipmwerx8vllvzf9ds	.eJxVjEEOwiAQRe_C2hBKaSku3XsGMswMFjVgSptojHc3JF3o9r_331t42NbZb5UXn0gcRScOv1sAvHFugK6QL0ViyeuSgmyK3GmV50J8P-3uX2CGOrf3SAND6I3tjdIw9NYCowkGo4UwOTWaCB2ZqPTkKGiDNCErihEHZx22aOVaU8men4-0vMSx08qNSn2-NSZBNg:1w1tHC:GvLZ9rOSmvX6hNd7qJiONzKQ0GtRpy3k7-6EqycwI00	2026-03-30 00:45:34.916765+03
\.


--
-- TOC entry 5263 (class 0 OID 225285)
-- Dependencies: 274
-- Data for Name: feedback; Type: TABLE DATA; Schema: public; Owner: postgres
--

COPY public.feedback (id, score, is_passed, comment_feedback, given_at, given_by_id, user_practical_assignment_id) FROM stdin;
2	5	\N	клево	2026-02-09 01:44:50.057409+03	4	3
3	5	\N	klass	2026-02-09 02:15:40.827614+03	4	4
4	10	\N	молодец ваще	2026-02-10 00:36:49.63915+03	4	5
5	5	\N	маладес	2026-02-10 01:17:28.487062+03	4	6
6	7	\N	маладес	2026-02-11 22:03:27.21921+03	4	7
1	5	\N	круто	2026-02-02 23:41:39.798039+03	4	1
12	7	\N	маладес!	2026-02-15 16:21:25.163117+03	1	10
13	7	\N	супер	2026-02-15 23:25:29.590673+03	1	11
15	7	\N	супер	2026-02-16 19:15:40.70186+03	1	12
16	7	\N	супер	2026-02-16 19:20:43.948097+03	1	13
18	7	\N	супер	2026-02-16 19:39:04.171053+03	1	14
19	7	\N	супер	2026-02-16 20:02:51.780983+03	1	15
\.


--
-- TOC entry 5231 (class 0 OID 225146)
-- Dependencies: 242
-- Data for Name: lecture; Type: TABLE DATA; Schema: public; Owner: postgres
--

COPY public.lecture (id, lecture_name, lecture_content, lecture_document_path, lecture_order, is_active, created_at, updated_at, course_id) FROM stdin;
1	Типы данных	выавыавыавыаываывавыаывыавыаываывыаываываываывавыавыа	lectures/2026/02/02/ERD-DIPLOM.pdf	1	t	2026-02-02 14:11:49.979508+03	2026-02-02 23:52:05.287438+03	1
2	лекция1	очень круто прям ващеееееееееееееееееееееееееееее!!!!!!!!!!!!!!!!!!!!!!!!!!	lectures/2026/02/10/Графы.docx	1	t	2026-02-10 01:07:06.411609+03	2026-02-10 01:07:06.411609+03	5
3	проверка лекции	выавырашвыащшывагщывшагвышаовыдлаодыводвыоаывдаоывдлоавыдоавыдлоадывлоадывоадвыоадывоадылвоалдвыоадывоаывавыа	lectures/2026/02/11/мм_лекции.docx	1	t	2026-02-11 21:52:58.51297+03	2026-02-11 21:52:58.51297+03	8
\.


--
-- TOC entry 5239 (class 0 OID 225176)
-- Dependencies: 250
-- Data for Name: matching_pair; Type: TABLE DATA; Schema: public; Owner: postgres
--

COPY public.matching_pair (id, left_text, right_text, question_id) FROM stdin;
1	int	целочисленный	3
2	double	с плавающей точкой	3
3	string	строка	3
4	runserver	запуск проекта	6
5	migrate	выполнить миграции в бд	6
6	makemigrations	создать миграции	6
7	привет	приветствие	8
8	пока-пока	что надо сказать перед тем как уйти	8
9	вежливое приветствие	здравствуйте	8
\.


--
-- TOC entry 5233 (class 0 OID 225154)
-- Dependencies: 244
-- Data for Name: password_reset_code; Type: TABLE DATA; Schema: public; Owner: postgres
--

COPY public.password_reset_code (id, code, created_at, is_used, user_id, expires_at) FROM stdin;
17	756032	2026-02-09 00:28:30.411003+03	t	8	2026-02-09 00:43:30.406009+03
18	730127	2026-02-16 00:59:13.73233+03	t	8	2026-02-16 01:14:13.730331+03
21	550663	2026-02-24 01:55:01.946289+03	t	18	2026-02-24 02:10:01.943351+03
\.


--
-- TOC entry 5235 (class 0 OID 225160)
-- Dependencies: 246
-- Data for Name: practical_assignment; Type: TABLE DATA; Schema: public; Owner: postgres
--

COPY public.practical_assignment (id, practical_assignment_name, practical_assignment_description, assignment_document_path, assignment_criteria, assignment_deadline, grading_type, max_score, is_active, created_at, updated_at, is_can_pin_after_deadline, lecture_id, passing_score) FROM stdin;
1	новое задание!	ыавыавыавывыавыавыавыавыавыавыаы	assignments/2026/02/02/Практическая_работа_8.docx	надо много чего сделать	\N	points	5	t	2026-02-02 14:22:12.163948+03	2026-02-02 14:22:12.163948+03	t	1	\N
2	новое задание 1	выаывавыавыаываываывавыаывавыа	assignments/2026/02/03/certificate_CERT-20251122173424-3RH854.pdf		\N	points	10	t	2026-02-03 00:57:44.75007+03	2026-02-03 00:57:44.75007+03	t	1	\N
3	практос джанго1	прикрепите тестовый проект с лекционной пары	assignments/2026/02/10/Практическая_работа_8.docx	всё по красоте	\N	points	10	t	2026-02-10 01:14:10.613624+03	2026-02-10 01:14:10.613624+03	t	2	5
4	проверка задания1	ыларывларвлыоарывлоарловыарвывщхуцшкцеурпшавьылхцушку9г0еп8ауш0-3459гепшалдвьупавв	assignments/2026/02/11/мм_лекции.docx	должно быть все хорошо	\N	points	10	t	2026-02-11 21:57:50.329493+03	2026-02-11 21:57:50.329493+03	t	3	5
\.


--
-- TOC entry 5237 (class 0 OID 225168)
-- Dependencies: 248
-- Data for Name: question; Type: TABLE DATA; Schema: public; Owner: postgres
--

COPY public.question (id, question_text, question_score, correct_text, question_order, answer_type_id, test_id) FROM stdin;
1	int это?	5		1	1	1
2	double - это?	5		2	1	1
3	сопоставьте варианты ответов	1		3	4	1
4	как называется команда для запуска сервера проекта	1	runserver	1	3	2
5	int - это?	1		2	1	2
6	сопоставьте джанго команды с их описанием	1		3	4	2
7	напишите привет	1	привет	1	3	3
8	сопоставьте слова по смыслу	5		2	4	3
9	как жизнь	1		3	1	3
\.


--
-- TOC entry 5243 (class 0 OID 225192)
-- Dependencies: 254
-- Data for Name: review; Type: TABLE DATA; Schema: public; Owner: postgres
--

COPY public.review (id, rating, publish_date, comment_review, is_approved, course_id, user_id) FROM stdin;
1	5	2026-02-09 14:42:52+03	круто классно	t	1	3
3	5	2026-02-15 21:04:13.984209+03	хороший курс	t	8	9
4	5	2026-02-16 02:10:01.093495+03	крутой курс, но хотелось бы больше материала!!!!!	t	8	10
5	5	2026-03-04 01:10:36.007538+03	круто	f	8	1
\.


--
-- TOC entry 5245 (class 0 OID 225200)
-- Dependencies: 256
-- Data for Name: role; Type: TABLE DATA; Schema: public; Owner: postgres
--

COPY public.role (id, role_name) FROM stdin;
1	администратор
2	методист
3	преподаватель
4	слушатель курсов
\.


--
-- TOC entry 5247 (class 0 OID 225216)
-- Dependencies: 258
-- Data for Name: teacher_assignment_file; Type: TABLE DATA; Schema: public; Owner: postgres
--

COPY public.teacher_assignment_file (id, file_path, original_filename, file_type, uploaded_at, file_size, is_active, practical_assignment_id, uploaded_by_id) FROM stdin;
\.


--
-- TOC entry 5249 (class 0 OID 225224)
-- Dependencies: 260
-- Data for Name: test; Type: TABLE DATA; Schema: public; Owner: postgres
--

COPY public.test (id, test_name, test_description, is_final, max_attempts, grading_form, passing_score, is_active, created_at, updated_at, lecture_id) FROM stdin;
1	Типы данных	крутой тест	f	10	points	10	t	2026-02-02 23:42:03.339475+03	2026-02-02 23:42:03.339475+03	1
2	джанго начало	крутой тест	f	15	points	5	t	2026-02-10 01:09:03.565398+03	2026-02-10 01:09:03.565398+03	2
3	тест_проверка1	цкуекнегншлорпарглварвылоарлвоыраолыварываываываываыва	f	10	points	5	t	2026-02-11 21:53:22.307341+03	2026-02-11 21:53:22.307341+03	3
\.


--
-- TOC entry 5251 (class 0 OID 225237)
-- Dependencies: 262
-- Data for Name: test_result; Type: TABLE DATA; Schema: public; Owner: postgres
--

COPY public.test_result (id, completion_date, final_score, is_passed, attempt_number, time_spent, test_id, user_id) FROM stdin;
1	2026-02-03 02:30:14.037713+03	0	\N	1	20	1	3
2	2026-02-03 15:33:31.398689+03	0	\N	2	16	1	3
3	2026-02-03 16:03:37.630764+03	0	\N	3	20	1	3
4	2026-02-03 16:09:08.349529+03	0	\N	4	2	1	3
5	2026-02-03 16:33:45.576703+03	0	\N	5	3	1	3
6	2026-02-07 22:11:17.616518+03	11	\N	6	9	1	3
7	2026-02-07 22:16:11.624041+03	11	\N	7	8	1	3
8	2026-02-07 22:26:40.635037+03	11	\N	8	12	1	3
9	2026-02-08 02:24:16.072698+03	11	\N	9	12	1	3
13	2026-02-08 03:07:31.017032+03	11	\N	10	8	1	3
14	2026-02-08 03:11:57.964615+03	11	\N	1	10	1	6
15	2026-02-10 01:15:08.090502+03	3	\N	1	21	2	6
16	2026-02-11 22:00:48.904683+03	7	\N	1	23	3	6
17	2026-02-15 02:58:10.455773+03	7	\N	2	14	3	6
18	2026-02-15 03:25:54.193078+03	6	\N	3	22	3	6
19	2026-02-15 03:41:09.782566+03	6	\N	4	31	3	6
20	2026-02-15 13:45:29.884024+03	3	\N	2	25	2	6
23	2026-02-15 17:22:33.13639+03	6	\N	1	11	3	9
24	2026-02-15 21:55:23.571604+03	2	\N	1	14	2	10
26	2026-02-15 23:28:42.931488+03	7	\N	1	11	3	10
27	2026-02-16 02:11:05.817446+03	5	\N	2	13	3	10
28	2026-02-16 18:50:44.748216+03	7	\N	1	12	3	12
29	2026-02-16 19:19:54.995262+03	7	\N	1	12	3	13
30	2026-02-16 19:25:55.667415+03	7	\N	1	10	3	14
31	2026-02-16 20:03:15.499224+03	7	\N	1	12	3	15
32	2026-02-17 12:32:45.526069+03	0	\N	1	13	1	10
33	2026-02-17 15:53:57.45172+03	7	\N	3	12	3	10
34	2026-02-19 16:33:45.067449+03	7	\N	4	13	3	10
35	2026-02-19 16:35:09.523711+03	7	\N	5	12	3	10
36	2026-02-23 17:28:37.37136+03	5	\N	6	10	3	10
37	2026-02-24 01:23:54.817379+03	7	\N	7	73	3	10
38	2026-03-12 12:23:17.431688+03	6	\N	1	30	3	19
\.


--
-- TOC entry 5219 (class 0 OID 225095)
-- Dependencies: 230
-- Data for Name: user; Type: TABLE DATA; Schema: public; Owner: postgres
--

COPY public."user" (id, password, last_login, is_superuser, is_staff, is_active, date_joined, first_name, last_name, email, username, patronymic, is_verified, "position", educational_institution, certificate_file, role_id, is_light_theme) FROM stdin;
6	bcrypt_sha256$$2b$12$a72ItfBzP3hLUt0wf77RfOPRaB4p0eTclBaFg4hfmxlJUwhXnIWbO	2026-02-15 13:25:38.428212+03	f	f	t	2026-02-08 03:08:55.972908+03	newnew	newnew	newnew@mail.ru	newnew	\N	f	\N	\N		\N	t
4	bcrypt_sha256$$2b$12$crwN3p.5Oc4mwsPcgWdirehyz/0qYQWxk6THqAparfp0KkZ0SalhS	\N	f	f	t	2026-02-02 23:39:34.448302+03	Препод	Преподов	prepod@mpt.ru	prepod	\N	t	преподаватель в мпт	Московский приборостроительный техникум РЭУ Им. Г.В. Плеханова	certificates/2026/02/02/a23f2bca-6fbb-4a18-bbd7-9244da28836a.jpg	3	t
5	bcrypt_sha256$$2b$12$XgJUDaT95t3l65OMM2465udkgyg/uUfCG.doFUronydGj6HcpC/EG	\N	f	f	t	2026-02-04 00:16:52.338092+03	ddd	fddd	example@isdadasd.com	dddd	\N	f	\N	\N		\N	t
7	bcrypt_sha256$$2b$12$TWRgvy.BbzQEScrBctavmuqBLM3mb5FES4l9l.lxiDG/IsEOvVRha	\N	f	f	t	2026-02-08 18:58:41.775066+03	edfdsf	sdfdsf	testik1@tfdsfdsf.ru	testik1	\N	f	\N	\N		\N	t
12	bcrypt_sha256$$2b$12$zwWyxLyJaWYvWva9pnZJSuYKZSzH6uzGqGYxgPKcSB5TahEOY6WPa	2026-02-16 19:14:20.008644+03	f	f	t	2026-02-16 18:48:06.929158+03	sfdsfsdf	sdfdsf	test2@oisiofjsdfdsfewr.rtyu	test2	\N	t	\N	\N		4	t
13	bcrypt_sha256$$2b$12$zmAnPZYKkq4AIfvlykpe5er2hkT5TgOee5JDijz0bkKpL8uX3PBlm	\N	f	f	t	2026-02-16 19:17:50.795368+03	sdfgred	sdfgrtyhjg	newnewnew@eueueue.ru	test3	\N	f	\N	\N		\N	t
14	bcrypt_sha256$$2b$12$R.85wjmKAHW5HjTUtAxwb.t8Ucqudt7FercUIcxXbPB9cRdK7ifQ.	\N	f	f	t	2026-02-16 19:23:57.845649+03	asdasd	dasd	asdadsd@fjfjdjht.tu	test4	\N	f	\N	\N		\N	t
15	bcrypt_sha256$$2b$12$0xl3og9lW02om1ukhxT51.YUki53k./Pigo.DpRPj0vTYuiWZLGS.	\N	f	f	t	2026-02-16 20:00:15.388142+03	вавыа	ываыва	sdfsdf@mdfisdf.rrttert	test5	\N	t	\N	\N		4	t
9	bcrypt_sha256$$2b$12$j0jEB/88bV71IrSt2ee6j.sCDBh0k3lMO3xablRRIvxlwjcCA3MmO	2026-02-15 20:12:48.52073+03	f	f	t	2026-02-15 13:46:57.319662+03	Тест	ы	test@new.ru	ывыфв	\N	t	\N	\N		4	t
2	User123456!	\N	f	f	t	2026-01-28 12:07:30+03	Анастасия	Носова	lis@ex.ru	listener	Романовна	t	\N	\N		4	t
3	bcrypt_sha256$$2b$12$M3YJP7rb6w5bSfKDwQ7jVune5gRk2dj7Hg2bAjmE04oJ7xUXl8FIe	2026-02-16 23:56:04.445973+03	f	f	t	2026-01-31 21:37:54+03	Тест	Тест	test@test.ru	test1	ываываыва	t	\N	\N		4	f
16	bcrypt_sha256$$2b$12$ynaqQWb7ju9QT6D7CXn/O.tCRZCXRuwAbQjHrq4HYKlIsmVlZF2Fy	\N	f	f	t	2026-02-17 12:35:31.306665+03	dhdhdhd	dhdhdhd	shshshd@wjehe.ru	test6	\N	t	\N	\N		4	t
19	bcrypt_sha256$$2b$12$Up6NK8S8bVr25w6JTQZ0Nu8nvSQ4gr7.DPwnLR4SpIq/Cz/Oi6xDW	\N	f	f	t	2026-03-12 12:11:17.292506+03	алалала	аоалала	new12347@mail.ru	user123	\N	t	\N	\N		4	t
17	bcrypt_sha256$$2b$12$kcTYLWhU.AjF8yzBdNG7NOZ1IrGFnOUfzqpqAatewj7NWpfQ3Afjm	\N	f	f	t	2026-02-17 15:55:33.160814+03	паалааоаоа	лплаоаоа	dfgff23@tgdf.ru	test8	\N	t	\N	\N		4	t
8	bcrypt_sha256$$2b$12$2xIo7CtKOrK5AjnWf87mkO0w/Wt2e5PIZhJkNggImCI5LbveXynjq	2026-02-16 01:00:15.580509+03	f	f	t	2026-02-08 22:14:39.605836+03	dsfsdf	sdfsddf	existenceque@mail.ru	lis	\N	f	\N	\N		\N	t
10	bcrypt_sha256$$2b$12$USEPY74s2nPvb4D.28GYtevGe5/6ivZkoi7HHuZyN9kSCobsW0qvO	2026-03-14 12:27:04.599142+03	f	f	t	2026-02-15 21:23:16.865683+03	Анастасия	Носова	new123@main.ru	nastya123	\N	f	\N	\N		\N	t
11	bcrypt_sha256$$2b$12$nOj6ZDuPh0j9qw8InTATDu9Zg7gi458vzU8T7Zf/c8WKy5ciklwSS	\N	f	f	t	2026-02-16 18:44:26.931317+03	dfsdfds	sdasdsad	newnew123@mailasdasd.ryuuytut	lis123	\N	f	\N	\N		\N	t
1	bcrypt_sha256$$2b$12$kIID3o80o.LkWKdxzx1cBuGvsXX67mYTBG2trhbOhgMxnWr339USa	2026-03-16 00:45:34.838263+03	t	t	t	2026-01-20 15:54:55.853738+03	Администратор	Системы	admin@example.com	admin	\N	t	\N	\N		1	t
18	bcrypt_sha256$$2b$12$GsJtZ5jp7/UC2iuZo0xO2uRsAnT1HZ3Dj.1U7lrtdQcjDWoW5hUqW	2026-02-24 02:00:19.824898+03	f	f	t	2026-02-24 00:28:23.636047+03	Надежда	Ннн	isip_n.i.grigorenko@mpt.ru	nadya	\N	t	\N	\N		4	t
\.


--
-- TOC entry 5253 (class 0 OID 225243)
-- Dependencies: 264
-- Data for Name: user_answer; Type: TABLE DATA; Schema: public; Owner: postgres
--

COPY public.user_answer (id, answer_text, answer_date, attempt_number, score, question_id, user_id) FROM stdin;
1	\N	2026-02-03 02:30:13.982419+03	1	\N	1	3
2	\N	2026-02-03 02:30:14.029162+03	1	\N	2	3
3	\N	2026-02-03 15:33:31.314319+03	2	\N	1	3
4	\N	2026-02-03 15:33:31.381667+03	2	\N	2	3
5	\N	2026-02-03 16:03:37.584758+03	3	\N	1	3
6	\N	2026-02-03 16:03:37.612767+03	3	\N	2	3
7	\N	2026-02-07 22:16:11.637168+03	7	5	1	3
8	\N	2026-02-07 22:16:11.714922+03	7	5	2	3
9	\N	2026-02-07 22:16:11.738495+03	7	1	3	3
10	\N	2026-02-07 22:26:40.64391+03	8	5	1	3
11	\N	2026-02-07 22:26:40.669767+03	8	5	2	3
12	\N	2026-02-07 22:26:40.694742+03	8	1	3	3
13	\N	2026-02-08 02:24:16.098765+03	9	5	1	3
14	\N	2026-02-08 02:24:16.133011+03	9	5	2	3
15	\N	2026-02-08 02:24:16.15508+03	9	1	3	3
16	\N	2026-02-08 02:26:23.488153+03	10	5	1	3
17	\N	2026-02-08 02:26:23.509159+03	10	5	2	3
18	\N	2026-02-08 02:26:23.529154+03	10	1	3	3
19	\N	2026-02-08 03:11:57.975137+03	1	5	1	6
20	\N	2026-02-08 03:11:58.006617+03	1	5	2	6
21	\N	2026-02-08 03:11:58.038185+03	1	1	3	6
22	runserver	2026-02-10 01:15:08.111899+03	1	1	4	6
23	\N	2026-02-10 01:15:08.15078+03	1	1	5	6
24	\N	2026-02-10 01:15:08.195005+03	1	1	6	6
25	привет	2026-02-11 22:00:48.914617+03	1	1	7	6
26	\N	2026-02-11 22:00:48.930674+03	1	5	8	6
27	\N	2026-02-11 22:00:48.96823+03	1	1	9	6
28	привет	2026-02-15 02:58:10.509771+03	2	1	7	6
29	\N	2026-02-15 02:58:10.535352+03	2	5	8	6
30	\N	2026-02-15 02:58:10.58535+03	2	1	9	6
31	прив	2026-02-15 03:25:54.201095+03	3	0	7	6
32	\N	2026-02-15 03:25:54.212079+03	3	5	8	6
33	\N	2026-02-15 03:25:54.235717+03	3	1	9	6
34	привет	2026-02-15 03:41:09.795567+03	4	1	7	6
35	\N	2026-02-15 03:41:09.812569+03	4	5	8	6
36	\N	2026-02-15 03:41:09.846138+03	4	0	9	6
37	runserver	2026-02-15 13:45:29.914804+03	2	1	4	6
38	\N	2026-02-15 13:45:29.94289+03	2	1	5	6
39	\N	2026-02-15 13:45:29.97861+03	2	1	6	6
55	привет	2026-02-15 23:28:42.940483+03	1	1	7	10
56	\N	2026-02-15 23:28:42.957981+03	1	5	8	10
46	привет	2026-02-15 17:22:33.148437+03	1	1	7	9
47	\N	2026-02-15 17:22:33.169389+03	1	5	8	9
48	\N	2026-02-15 17:22:33.210842+03	1	0	9	9
49	runserver	2026-02-15 21:55:23.579542+03	1	1	4	10
50	\N	2026-02-15 21:55:23.604655+03	1	1	5	10
51	\N	2026-02-15 21:55:23.634492+03	1	0	6	10
81	\N	2026-02-19 16:33:45.216213+03	4	1	9	10
57	\N	2026-02-15 23:28:42.995486+03	1	1	9	10
58	привет	2026-02-16 02:11:05.827374+03	2	1	7	10
59	\N	2026-02-16 02:11:05.867364+03	2	3	8	10
60	\N	2026-02-16 02:11:05.930661+03	2	1	9	10
61	привет	2026-02-16 18:50:44.767009+03	1	1	7	12
62	\N	2026-02-16 18:50:44.824025+03	1	5	8	12
63	\N	2026-02-16 18:50:44.890782+03	1	1	9	12
64	привет	2026-02-16 19:19:55.002264+03	1	1	7	13
65	\N	2026-02-16 19:19:55.020308+03	1	5	8	13
66	\N	2026-02-16 19:19:55.05592+03	1	1	9	13
67	привет\n	2026-02-16 19:25:55.67741+03	1	1	7	14
68	\N	2026-02-16 19:25:55.68941+03	1	5	8	14
69	\N	2026-02-16 19:25:55.717181+03	1	1	9	14
70	привет\n	2026-02-16 20:03:15.509143+03	1	1	7	15
71	\N	2026-02-16 20:03:15.527217+03	1	5	8	15
72	\N	2026-02-16 20:03:15.562182+03	1	1	9	15
73	\N	2026-02-17 12:32:45.597756+03	1	0	1	10
74	\N	2026-02-17 12:32:45.651952+03	1	0	2	10
75	\N	2026-02-17 12:32:45.676582+03	1	0	3	10
76	привет	2026-02-17 15:53:57.483661+03	3	1	7	10
77	\N	2026-02-17 15:53:57.501796+03	3	5	8	10
78	\N	2026-02-17 15:53:57.536691+03	3	1	9	10
79	привет \n	2026-02-19 16:33:45.104474+03	4	1	7	10
80	\N	2026-02-19 16:33:45.153387+03	4	5	8	10
82	привет 	2026-02-19 16:35:09.585814+03	5	1	7	10
83	\N	2026-02-19 16:35:09.601053+03	5	5	8	10
84	\N	2026-02-19 16:35:09.63548+03	5	1	9	10
85	апвапвап	2026-02-23 17:28:37.403358+03	6	0	7	10
86	\N	2026-02-23 17:28:37.425246+03	6	5	8	10
87	\N	2026-02-23 17:28:37.466236+03	6	0	9	10
88	привет	2026-02-24 01:23:54.8317+03	7	1	7	10
89	\N	2026-02-24 01:23:54.856695+03	7	5	8	10
90	\N	2026-02-24 01:23:54.90848+03	7	1	9	10
91	привет 	2026-03-12 12:23:17.506952+03	1	1	7	19
92	\N	2026-03-12 12:23:17.550948+03	1	5	8	19
93	\N	2026-03-12 12:23:17.61364+03	1	0	9	19
\.


--
-- TOC entry 5255 (class 0 OID 225251)
-- Dependencies: 266
-- Data for Name: user_course; Type: TABLE DATA; Schema: public; Owner: postgres
--

COPY public.user_course (id, registration_date, status_course, payment_date, completion_date, course_price, is_active, enrolled_at, course_id, user_id, payment_id) FROM stdin;
9	2026-02-01	f	\N	\N	\N	t	2026-02-01 01:40:42.746587+03	5	3	\N
11	2026-02-01	f	\N	\N	2345.00	t	2026-02-01 19:56:18.229198+03	2	3	\N
12	2026-02-02	f	\N	\N	567.00	t	2026-02-02 12:17:23.168932+03	3	3	\N
13	2026-02-02	f	\N	\N	234.00	t	2026-02-02 12:17:39.16386+03	4	3	\N
10	2026-02-01	t	\N	2026-02-02	234.00	t	2026-02-01 19:18:40.474826+03	1	3	\N
14	2026-02-08	f	\N	\N	120.00	t	2026-02-08 03:11:21.950984+03	1	6	\N
15	2026-02-10	f	2026-02-10 01:04:28+03	\N	123.00	t	2026-02-10 01:04:34.737652+03	5	6	\N
16	2026-02-11	t	2026-02-11 21:56:15+03	2026-02-11	123.00	t	2026-02-11 21:56:16.018662+03	8	6	\N
17	2026-02-15	t	2026-02-15 13:56:24+03	2026-02-15	123.00	t	2026-02-15 13:56:31.430297+03	8	9	\N
18	2026-02-15	f	\N	\N	\N	t	2026-02-15 21:54:59.042164+03	5	10	\N
21	2026-02-15	t	2026-02-15 23:20:51.283683+03	2026-02-15	123.00	t	2026-02-15 23:20:51.291683+03	8	10	\N
19	2026-02-15	f	2026-02-15 22:24:09.189515+03	\N	2345.00	f	2026-02-15 22:24:09.199511+03	2	10	\N
20	2026-02-15	f	2026-02-15 22:26:17.820285+03	\N	567.00	f	2026-02-15 22:26:17.829294+03	3	10	\N
22	2026-02-15	f	2026-02-16 00:32:00.500213+03	\N	234.00	f	2026-02-16 00:32:00.511724+03	4	10	31244eec-000f-5000-b000-1f5c510bc9a9
24	2026-02-16	f	2026-02-16 17:58:20.339138+03	\N	234.00	t	2026-02-16 17:58:20.345078+03	1	10	31254438-000f-5000-8000-108894c37760
25	2026-02-16	f	2026-02-16 18:19:05.602789+03	\N	123.00	t	2026-02-16 18:19:05.608791+03	7	10	31254910-000f-5000-b000-1ca3c7bf75f6
26	2026-02-16	f	\N	\N	\N	t	2026-02-16 18:48:21.075775+03	5	12	\N
27	2026-02-16	f	2026-02-16 18:49:11.04701+03	\N	234.00	t	2026-02-16 18:49:11.057609+03	1	12	3125501e-000f-5000-8000-1854331fb8a6
28	2026-02-16	f	2026-02-16 18:50:22.402108+03	\N	123.00	t	2026-02-16 18:50:22.408105+03	8	12	31255063-000f-5001-9000-117adb59608f
29	2026-02-16	f	2026-02-16 19:19:35.13497+03	\N	123.00	t	2026-02-16 19:19:35.143965+03	8	13	31255743-000f-5001-8000-14dcbd5dabc0
30	2026-02-16	t	2026-02-16 19:24:51.914111+03	2026-02-16	123.00	t	2026-02-16 19:24:51.926546+03	8	14	3125587f-000f-5001-9000-1d626e7b7224
31	2026-02-16	t	2026-02-16 20:01:05.451516+03	2026-02-16	123.00	t	2026-02-16 20:01:05.460105+03	8	15	312560fa-000f-5001-9000-1011f9d13dbe
32	2026-02-17	f	2026-02-17 12:36:01.347991+03	\N	123.00	t	2026-02-17 12:36:01.355986+03	8	16	31264a2a-000f-5001-8000-13a2dce4bd72
33	2026-02-17	f	2026-02-17 12:36:35.031257+03	\N	567.00	t	2026-02-17 12:36:35.041254+03	3	16	31264a4b-000f-5001-9000-1dbe4ff22cd0
34	2026-02-17	f	2026-02-17 15:56:17.636455+03	\N	567.00	t	2026-02-17 15:56:17.64704+03	3	17	31267918-000f-5001-8000-12f5d145f80b
35	2026-02-23	f	2026-02-24 00:44:25.110532+03	\N	234.00	t	2026-02-24 00:44:25.119689+03	1	18	312eddcc-000f-5001-9000-180b69421594
23	2026-02-16	f	2026-02-16 17:57:22.991815+03	\N	123.00	t	2026-02-16 17:57:23.002291+03	6	10	312543ef-000f-5001-9000-183e510973b9
36	2026-03-12	f	2026-03-12 12:21:23.536288+03	\N	123.00	t	2026-03-12 12:21:23.54718+03	8	19	31449938-000f-5000-8000-150b228f7595
37	2026-03-12	f	\N	\N	\N	t	2026-03-12 12:24:06.149116+03	5	19	\N
\.


--
-- TOC entry 5221 (class 0 OID 225107)
-- Dependencies: 232
-- Data for Name: user_groups; Type: TABLE DATA; Schema: public; Owner: postgres
--

COPY public.user_groups (id, user_id, group_id) FROM stdin;
\.


--
-- TOC entry 5259 (class 0 OID 225269)
-- Dependencies: 270
-- Data for Name: user_matching_answer; Type: TABLE DATA; Schema: public; Owner: postgres
--

COPY public.user_matching_answer (id, user_selected_right_text, selected_at, matching_pair_id, user_answer_id) FROM stdin;
1	целочисленный	2026-02-07 22:16:11.771229+03	1	9
2	с плавающей точкой	2026-02-07 22:16:11.786284+03	2	9
3	строка	2026-02-07 22:16:11.79123+03	3	9
4	целочисленный	2026-02-07 22:26:40.707954+03	1	12
5	с плавающей точкой	2026-02-07 22:26:40.714743+03	2	12
6	строка	2026-02-07 22:26:40.72083+03	3	12
7	целочисленный	2026-02-08 02:24:16.172081+03	1	15
8	с плавающей точкой	2026-02-08 02:24:16.178085+03	2	15
9	строка	2026-02-08 02:24:16.185079+03	3	15
13	целочисленный	2026-02-08 03:11:58.052334+03	1	21
14	с плавающей точкой	2026-02-08 03:11:58.060333+03	2	21
15	строка	2026-02-08 03:11:58.06733+03	3	21
16	запуск проекта	2026-02-10 01:15:08.230663+03	4	24
17	выполнить миграции в бд	2026-02-10 01:15:08.292114+03	5	24
18	создать миграции	2026-02-10 01:15:08.299114+03	6	24
19	приветствие	2026-02-11 22:00:48.946791+03	7	26
20	что надо сказать перед тем как уйти	2026-02-11 22:00:48.953095+03	8	26
21	здравствуйте	2026-02-11 22:00:48.95922+03	9	26
22	приветствие	2026-02-15 02:58:10.550348+03	7	29
23	что надо сказать перед тем как уйти	2026-02-15 02:58:10.563348+03	8	29
24	здравствуйте	2026-02-15 02:58:10.571355+03	9	29
25	приветствие	2026-02-15 03:25:54.220078+03	7	32
26	что надо сказать перед тем как уйти	2026-02-15 03:25:54.224165+03	8	32
27	здравствуйте	2026-02-15 03:25:54.2287+03	9	32
28	приветствие	2026-02-15 03:41:09.82414+03	7	35
29	что надо сказать перед тем как уйти	2026-02-15 03:41:09.83014+03	8	35
30	здравствуйте	2026-02-15 03:41:09.836149+03	9	35
31	запуск проекта	2026-02-15 13:45:29.995025+03	4	39
32	выполнить миграции в бд	2026-02-15 13:45:30.00603+03	5	39
33	создать миграции	2026-02-15 13:45:30.013648+03	6	39
40	приветствие	2026-02-15 17:22:33.184393+03	7	47
41	что надо сказать перед тем как уйти	2026-02-15 17:22:33.192832+03	8	47
42	здравствуйте	2026-02-15 17:22:33.199846+03	9	47
43	запуск проекта	2026-02-15 21:55:23.656498+03	4	51
44	создать миграции	2026-02-15 21:55:23.662495+03	5	51
45	выполнить миграции в бд	2026-02-15 21:55:23.667526+03	6	51
49	приветствие	2026-02-15 23:28:42.971011+03	7	56
50	что надо сказать перед тем как уйти	2026-02-15 23:28:42.978484+03	8	56
51	здравствуйте	2026-02-15 23:28:42.984825+03	9	56
52	здравствуйте	2026-02-16 02:11:05.907818+03	7	59
53	что надо сказать перед тем как уйти	2026-02-16 02:11:05.913818+03	8	59
54	здравствуйте	2026-02-16 02:11:05.920593+03	9	59
55	приветствие	2026-02-16 18:50:44.862538+03	7	62
56	что надо сказать перед тем как уйти	2026-02-16 18:50:44.87654+03	8	62
57	здравствуйте	2026-02-16 18:50:44.881613+03	9	62
58	приветствие	2026-02-16 19:19:55.034793+03	7	65
59	что надо сказать перед тем как уйти	2026-02-16 19:19:55.040831+03	8	65
60	здравствуйте	2026-02-16 19:19:55.0469+03	9	65
61	приветствие	2026-02-16 19:25:55.699484+03	7	68
62	что надо сказать перед тем как уйти	2026-02-16 19:25:55.704481+03	8	68
63	здравствуйте	2026-02-16 19:25:55.708504+03	9	68
64	приветствие	2026-02-16 20:03:15.542103+03	7	71
65	что надо сказать перед тем как уйти	2026-02-16 20:03:15.547996+03	8	71
66	здравствуйте	2026-02-16 20:03:15.55418+03	9	71
67	строка	2026-02-17 12:32:45.695583+03	1	75
68	с плавающей точкой	2026-02-17 12:32:45.703436+03	2	75
69	строка	2026-02-17 12:32:45.709524+03	3	75
70	приветствие	2026-02-17 15:53:57.51379+03	7	77
71	что надо сказать перед тем как уйти	2026-02-17 15:53:57.519709+03	8	77
72	здравствуйте	2026-02-17 15:53:57.525167+03	9	77
73	приветствие	2026-02-19 16:33:45.187718+03	7	80
74	что надо сказать перед тем как уйти	2026-02-19 16:33:45.200719+03	8	80
75	здравствуйте	2026-02-19 16:33:45.206446+03	9	80
76	приветствие	2026-02-19 16:35:09.614073+03	7	83
77	что надо сказать перед тем как уйти	2026-02-19 16:35:09.621052+03	8	83
78	здравствуйте	2026-02-19 16:35:09.62648+03	9	83
79	приветствие	2026-02-23 17:28:37.441294+03	7	86
80	что надо сказать перед тем как уйти	2026-02-23 17:28:37.450239+03	8	86
81	здравствуйте	2026-02-23 17:28:37.457568+03	9	86
82	приветствие	2026-02-24 01:23:54.878692+03	7	89
83	что надо сказать перед тем как уйти	2026-02-24 01:23:54.885969+03	8	89
84	здравствуйте	2026-02-24 01:23:54.893965+03	9	89
85	приветствие	2026-03-12 12:23:17.574226+03	7	92
86	что надо сказать перед тем как уйти	2026-03-12 12:23:17.592588+03	8	92
87	здравствуйте	2026-03-12 12:23:17.599135+03	9	92
\.


--
-- TOC entry 5261 (class 0 OID 225277)
-- Dependencies: 272
-- Data for Name: user_practical_assignment; Type: TABLE DATA; Schema: public; Owner: postgres
--

COPY public.user_practical_assignment (id, submission_date, attempt_number, comment, submitted_at, practical_assignment_id, submission_status_id, user_id) FROM stdin;
1	2026-02-02 23:36:47+03	1	ок	2026-02-02 23:37:07.932654+03	1	1	3
2	2026-02-03 01:51:33.851972+03	1	рпарапр	2026-02-03 01:51:33.864361+03	2	5	3
3	2026-02-09 01:43:34.276031+03	1	клево	2026-02-09 01:43:34.381152+03	1	5	6
4	2026-02-09 02:03:17.265106+03	2	ааа	2026-02-09 02:03:17.323457+03	1	5	6
5	2026-02-10 00:17:12.659511+03	1		2026-02-10 00:16:35.688135+03	2	5	6
6	2026-02-10 01:16:32.947999+03	1	поставьте 5	2026-02-10 01:16:33.134037+03	3	5	6
7	2026-02-11 21:59:33+03	1	ура!!	2026-02-11 21:58:56.093878+03	4	1	6
8	2026-02-15 03:11:45.078885+03	2	fdsfdsf!!!	2026-02-15 03:11:29.382647+03	4	5	6
10	2026-02-15 14:04:56.329023+03	1	ура	2026-02-15 14:04:56.396996+03	4	1	9
11	2026-02-15 23:22:27.501553+03	1	ура	2026-02-15 23:22:27.609304+03	4	1	10
12	2026-02-16 18:51:09+03	1	ура	2026-02-16 18:51:09.301294+03	4	1	12
13	2026-02-16 19:20:21.895866+03	1	ураура	2026-02-16 19:20:21.967951+03	4	1	13
14	2026-02-16 19:26:22+03	1	вот	2026-02-16 19:26:22.566686+03	4	1	14
15	2026-02-16 20:01:36.778344+03	1	уууу	2026-02-16 20:01:36.852028+03	4	1	15
16	2026-02-24 01:13:55.962694+03	2	прикрепляю	2026-02-24 01:13:55.977695+03	4	5	10
17	2026-03-12 12:22:26.985204+03	1	я ничего не понял помогите	2026-03-12 12:22:11.949415+03	4	5	19
\.


--
-- TOC entry 5267 (class 0 OID 225303)
-- Dependencies: 278
-- Data for Name: user_selected_choice; Type: TABLE DATA; Schema: public; Owner: postgres
--

COPY public.user_selected_choice (id, selected_at, choice_option_id, user_answer_id) FROM stdin;
1	2026-02-07 22:16:11.680922+03	1	7
2	2026-02-07 22:16:11.72592+03	2	8
3	2026-02-07 22:26:40.657177+03	1	10
4	2026-02-07 22:26:40.680743+03	2	11
5	2026-02-08 02:24:16.119695+03	1	13
9	2026-02-08 03:11:57.991614+03	1	19
10	2026-02-08 03:11:58.022311+03	2	20
11	2026-02-10 01:15:08.172368+03	7	23
12	2026-02-11 22:00:49.00768+03	10	27
13	2026-02-15 02:58:10.601351+03	10	30
14	2026-02-15 03:25:54.243703+03	10	33
15	2026-02-15 03:41:09.857142+03	12	36
16	2026-02-15 13:45:29.960892+03	7	38
19	2026-02-15 17:22:33.225444+03	12	48
20	2026-02-15 21:55:23.623221+03	7	50
22	2026-02-15 23:28:43.009504+03	10	57
23	2026-02-16 02:11:05.959662+03	10	60
24	2026-02-16 18:50:44.926545+03	10	63
25	2026-02-16 19:19:55.06893+03	10	66
26	2026-02-16 19:25:55.725077+03	10	69
27	2026-02-16 20:03:15.576072+03	10	72
28	2026-02-17 12:32:45.639832+03	6	73
29	2026-02-17 12:32:45.664176+03	3	74
30	2026-02-17 15:53:57.547694+03	10	78
31	2026-02-19 16:33:45.249+03	10	81
32	2026-02-19 16:35:09.647421+03	10	84
33	2026-02-23 17:28:37.479239+03	12	87
34	2026-02-24 01:23:54.924605+03	10	90
35	2026-03-12 12:23:17.633159+03	11	93
\.


--
-- TOC entry 5223 (class 0 OID 225113)
-- Dependencies: 234
-- Data for Name: user_user_permissions; Type: TABLE DATA; Schema: public; Owner: postgres
--

COPY public.user_user_permissions (id, user_id, permission_id) FROM stdin;
\.


--
-- TOC entry 5278 (class 0 OID 0)
-- Dependencies: 225
-- Name: answer_type_id_seq; Type: SEQUENCE SET; Schema: public; Owner: postgres
--

SELECT pg_catalog.setval('public.answer_type_id_seq', 4, true);


--
-- TOC entry 5279 (class 0 OID 0)
-- Dependencies: 235
-- Name: assignment_status_id_seq; Type: SEQUENCE SET; Schema: public; Owner: postgres
--

SELECT pg_catalog.setval('public.assignment_status_id_seq', 5, true);


--
-- TOC entry 5280 (class 0 OID 0)
-- Dependencies: 275
-- Name: assignment_submission_file_id_seq; Type: SEQUENCE SET; Schema: public; Owner: postgres
--

SELECT pg_catalog.setval('public.assignment_submission_file_id_seq', 23, true);


--
-- TOC entry 5281 (class 0 OID 0)
-- Dependencies: 221
-- Name: auth_group_id_seq; Type: SEQUENCE SET; Schema: public; Owner: postgres
--

SELECT pg_catalog.setval('public.auth_group_id_seq', 1, false);


--
-- TOC entry 5282 (class 0 OID 0)
-- Dependencies: 223
-- Name: auth_group_permissions_id_seq; Type: SEQUENCE SET; Schema: public; Owner: postgres
--

SELECT pg_catalog.setval('public.auth_group_permissions_id_seq', 1, false);


--
-- TOC entry 5283 (class 0 OID 0)
-- Dependencies: 219
-- Name: auth_permission_id_seq; Type: SEQUENCE SET; Schema: public; Owner: postgres
--

SELECT pg_catalog.setval('public.auth_permission_id_seq', 140, true);


--
-- TOC entry 5284 (class 0 OID 0)
-- Dependencies: 267
-- Name: certificate_id_seq; Type: SEQUENCE SET; Schema: public; Owner: postgres
--

SELECT pg_catalog.setval('public.certificate_id_seq', 7, true);


--
-- TOC entry 5285 (class 0 OID 0)
-- Dependencies: 251
-- Name: choice_option_id_seq; Type: SEQUENCE SET; Schema: public; Owner: postgres
--

SELECT pg_catalog.setval('public.choice_option_id_seq', 12, true);


--
-- TOC entry 5286 (class 0 OID 0)
-- Dependencies: 237
-- Name: course_category_id_seq; Type: SEQUENCE SET; Schema: public; Owner: postgres
--

SELECT pg_catalog.setval('public.course_category_id_seq', 16, true);


--
-- TOC entry 5287 (class 0 OID 0)
-- Dependencies: 239
-- Name: course_id_seq; Type: SEQUENCE SET; Schema: public; Owner: postgres
--

SELECT pg_catalog.setval('public.course_id_seq', 8, true);


--
-- TOC entry 5288 (class 0 OID 0)
-- Dependencies: 279
-- Name: course_teacher_id_seq; Type: SEQUENCE SET; Schema: public; Owner: postgres
--

SELECT pg_catalog.setval('public.course_teacher_id_seq', 1, false);


--
-- TOC entry 5289 (class 0 OID 0)
-- Dependencies: 227
-- Name: course_type_id_seq; Type: SEQUENCE SET; Schema: public; Owner: postgres
--

SELECT pg_catalog.setval('public.course_type_id_seq', 4, true);


--
-- TOC entry 5290 (class 0 OID 0)
-- Dependencies: 281
-- Name: django_admin_log_id_seq; Type: SEQUENCE SET; Schema: public; Owner: postgres
--

SELECT pg_catalog.setval('public.django_admin_log_id_seq', 162, true);


--
-- TOC entry 5291 (class 0 OID 0)
-- Dependencies: 217
-- Name: django_content_type_id_seq; Type: SEQUENCE SET; Schema: public; Owner: postgres
--

SELECT pg_catalog.setval('public.django_content_type_id_seq', 35, true);


--
-- TOC entry 5292 (class 0 OID 0)
-- Dependencies: 215
-- Name: django_migrations_id_seq; Type: SEQUENCE SET; Schema: public; Owner: postgres
--

SELECT pg_catalog.setval('public.django_migrations_id_seq', 27, true);


--
-- TOC entry 5293 (class 0 OID 0)
-- Dependencies: 273
-- Name: feedback_id_seq; Type: SEQUENCE SET; Schema: public; Owner: postgres
--

SELECT pg_catalog.setval('public.feedback_id_seq', 19, true);


--
-- TOC entry 5294 (class 0 OID 0)
-- Dependencies: 241
-- Name: lecture_id_seq; Type: SEQUENCE SET; Schema: public; Owner: postgres
--

SELECT pg_catalog.setval('public.lecture_id_seq', 3, true);


--
-- TOC entry 5295 (class 0 OID 0)
-- Dependencies: 249
-- Name: matching_pair_id_seq; Type: SEQUENCE SET; Schema: public; Owner: postgres
--

SELECT pg_catalog.setval('public.matching_pair_id_seq', 9, true);


--
-- TOC entry 5296 (class 0 OID 0)
-- Dependencies: 243
-- Name: password_reset_code_id_seq; Type: SEQUENCE SET; Schema: public; Owner: postgres
--

SELECT pg_catalog.setval('public.password_reset_code_id_seq', 21, true);


--
-- TOC entry 5297 (class 0 OID 0)
-- Dependencies: 245
-- Name: practical_assignment_id_seq; Type: SEQUENCE SET; Schema: public; Owner: postgres
--

SELECT pg_catalog.setval('public.practical_assignment_id_seq', 4, true);


--
-- TOC entry 5298 (class 0 OID 0)
-- Dependencies: 247
-- Name: question_id_seq; Type: SEQUENCE SET; Schema: public; Owner: postgres
--

SELECT pg_catalog.setval('public.question_id_seq', 9, true);


--
-- TOC entry 5299 (class 0 OID 0)
-- Dependencies: 253
-- Name: review_id_seq; Type: SEQUENCE SET; Schema: public; Owner: postgres
--

SELECT pg_catalog.setval('public.review_id_seq', 5, true);


--
-- TOC entry 5300 (class 0 OID 0)
-- Dependencies: 255
-- Name: role_id_seq; Type: SEQUENCE SET; Schema: public; Owner: postgres
--

SELECT pg_catalog.setval('public.role_id_seq', 6, true);


--
-- TOC entry 5301 (class 0 OID 0)
-- Dependencies: 257
-- Name: teacher_assignment_file_id_seq; Type: SEQUENCE SET; Schema: public; Owner: postgres
--

SELECT pg_catalog.setval('public.teacher_assignment_file_id_seq', 1, false);


--
-- TOC entry 5302 (class 0 OID 0)
-- Dependencies: 259
-- Name: test_id_seq; Type: SEQUENCE SET; Schema: public; Owner: postgres
--

SELECT pg_catalog.setval('public.test_id_seq', 3, true);


--
-- TOC entry 5303 (class 0 OID 0)
-- Dependencies: 261
-- Name: test_result_id_seq; Type: SEQUENCE SET; Schema: public; Owner: postgres
--

SELECT pg_catalog.setval('public.test_result_id_seq', 38, true);


--
-- TOC entry 5304 (class 0 OID 0)
-- Dependencies: 263
-- Name: user_answer_id_seq; Type: SEQUENCE SET; Schema: public; Owner: postgres
--

SELECT pg_catalog.setval('public.user_answer_id_seq', 93, true);


--
-- TOC entry 5305 (class 0 OID 0)
-- Dependencies: 265
-- Name: user_course_id_seq; Type: SEQUENCE SET; Schema: public; Owner: postgres
--

SELECT pg_catalog.setval('public.user_course_id_seq', 37, true);


--
-- TOC entry 5306 (class 0 OID 0)
-- Dependencies: 231
-- Name: user_groups_id_seq; Type: SEQUENCE SET; Schema: public; Owner: postgres
--

SELECT pg_catalog.setval('public.user_groups_id_seq', 1, false);


--
-- TOC entry 5307 (class 0 OID 0)
-- Dependencies: 229
-- Name: user_id_seq; Type: SEQUENCE SET; Schema: public; Owner: postgres
--

SELECT pg_catalog.setval('public.user_id_seq', 19, true);


--
-- TOC entry 5308 (class 0 OID 0)
-- Dependencies: 269
-- Name: user_matching_answer_id_seq; Type: SEQUENCE SET; Schema: public; Owner: postgres
--

SELECT pg_catalog.setval('public.user_matching_answer_id_seq', 87, true);


--
-- TOC entry 5309 (class 0 OID 0)
-- Dependencies: 271
-- Name: user_practical_assignment_id_seq; Type: SEQUENCE SET; Schema: public; Owner: postgres
--

SELECT pg_catalog.setval('public.user_practical_assignment_id_seq', 17, true);


--
-- TOC entry 5310 (class 0 OID 0)
-- Dependencies: 277
-- Name: user_selected_choice_id_seq; Type: SEQUENCE SET; Schema: public; Owner: postgres
--

SELECT pg_catalog.setval('public.user_selected_choice_id_seq', 35, true);


--
-- TOC entry 5311 (class 0 OID 0)
-- Dependencies: 233
-- Name: user_user_permissions_id_seq; Type: SEQUENCE SET; Schema: public; Owner: postgres
--

SELECT pg_catalog.setval('public.user_user_permissions_id_seq', 1, false);


--
-- TOC entry 4863 (class 2606 OID 225083)
-- Name: answer_type answer_type_answer_type_name_key; Type: CONSTRAINT; Schema: public; Owner: postgres
--

ALTER TABLE ONLY public.answer_type
    ADD CONSTRAINT answer_type_answer_type_name_key UNIQUE (answer_type_name);


--
-- TOC entry 4865 (class 2606 OID 225081)
-- Name: answer_type answer_type_pkey; Type: CONSTRAINT; Schema: public; Owner: postgres
--

ALTER TABLE ONLY public.answer_type
    ADD CONSTRAINT answer_type_pkey PRIMARY KEY (id);


--
-- TOC entry 4894 (class 2606 OID 225126)
-- Name: assignment_status assignment_status_assignment_status_name_key; Type: CONSTRAINT; Schema: public; Owner: postgres
--

ALTER TABLE ONLY public.assignment_status
    ADD CONSTRAINT assignment_status_assignment_status_name_key UNIQUE (assignment_status_name);


--
-- TOC entry 4896 (class 2606 OID 225124)
-- Name: assignment_status assignment_status_pkey; Type: CONSTRAINT; Schema: public; Owner: postgres
--

ALTER TABLE ONLY public.assignment_status
    ADD CONSTRAINT assignment_status_pkey PRIMARY KEY (id);


--
-- TOC entry 4995 (class 2606 OID 225301)
-- Name: assignment_submission_file assignment_submission_file_pkey; Type: CONSTRAINT; Schema: public; Owner: postgres
--

ALTER TABLE ONLY public.assignment_submission_file
    ADD CONSTRAINT assignment_submission_file_pkey PRIMARY KEY (id);


--
-- TOC entry 4852 (class 2606 OID 225072)
-- Name: auth_group auth_group_name_key; Type: CONSTRAINT; Schema: public; Owner: postgres
--

ALTER TABLE ONLY public.auth_group
    ADD CONSTRAINT auth_group_name_key UNIQUE (name);


--
-- TOC entry 4857 (class 2606 OID 225058)
-- Name: auth_group_permissions auth_group_permissions_group_id_permission_id_0cd325b0_uniq; Type: CONSTRAINT; Schema: public; Owner: postgres
--

ALTER TABLE ONLY public.auth_group_permissions
    ADD CONSTRAINT auth_group_permissions_group_id_permission_id_0cd325b0_uniq UNIQUE (group_id, permission_id);


--
-- TOC entry 4860 (class 2606 OID 225047)
-- Name: auth_group_permissions auth_group_permissions_pkey; Type: CONSTRAINT; Schema: public; Owner: postgres
--

ALTER TABLE ONLY public.auth_group_permissions
    ADD CONSTRAINT auth_group_permissions_pkey PRIMARY KEY (id);


--
-- TOC entry 4854 (class 2606 OID 225039)
-- Name: auth_group auth_group_pkey; Type: CONSTRAINT; Schema: public; Owner: postgres
--

ALTER TABLE ONLY public.auth_group
    ADD CONSTRAINT auth_group_pkey PRIMARY KEY (id);


--
-- TOC entry 4847 (class 2606 OID 225049)
-- Name: auth_permission auth_permission_content_type_id_codename_01ab375a_uniq; Type: CONSTRAINT; Schema: public; Owner: postgres
--

ALTER TABLE ONLY public.auth_permission
    ADD CONSTRAINT auth_permission_content_type_id_codename_01ab375a_uniq UNIQUE (content_type_id, codename);


--
-- TOC entry 4849 (class 2606 OID 225033)
-- Name: auth_permission auth_permission_pkey; Type: CONSTRAINT; Schema: public; Owner: postgres
--

ALTER TABLE ONLY public.auth_permission
    ADD CONSTRAINT auth_permission_pkey PRIMARY KEY (id);


--
-- TOC entry 4971 (class 2606 OID 225265)
-- Name: certificate certificate_certificate_number_key; Type: CONSTRAINT; Schema: public; Owner: postgres
--

ALTER TABLE ONLY public.certificate
    ADD CONSTRAINT certificate_certificate_number_key UNIQUE (certificate_number);


--
-- TOC entry 4973 (class 2606 OID 225263)
-- Name: certificate certificate_pkey; Type: CONSTRAINT; Schema: public; Owner: postgres
--

ALTER TABLE ONLY public.certificate
    ADD CONSTRAINT certificate_pkey PRIMARY KEY (id);


--
-- TOC entry 4975 (class 2606 OID 225267)
-- Name: certificate certificate_user_course_id_key; Type: CONSTRAINT; Schema: public; Owner: postgres
--

ALTER TABLE ONLY public.certificate
    ADD CONSTRAINT certificate_user_course_id_key UNIQUE (user_course_id);


--
-- TOC entry 4928 (class 2606 OID 225190)
-- Name: choice_option choice_option_pkey; Type: CONSTRAINT; Schema: public; Owner: postgres
--

ALTER TABLE ONLY public.choice_option
    ADD CONSTRAINT choice_option_pkey PRIMARY KEY (id);


--
-- TOC entry 4899 (class 2606 OID 225136)
-- Name: course_category course_category_course_category_name_key; Type: CONSTRAINT; Schema: public; Owner: postgres
--

ALTER TABLE ONLY public.course_category
    ADD CONSTRAINT course_category_course_category_name_key UNIQUE (course_category_name);


--
-- TOC entry 4901 (class 2606 OID 225134)
-- Name: course_category course_category_pkey; Type: CONSTRAINT; Schema: public; Owner: postgres
--

ALTER TABLE ONLY public.course_category
    ADD CONSTRAINT course_category_pkey PRIMARY KEY (id);


--
-- TOC entry 4906 (class 2606 OID 225144)
-- Name: course course_pkey; Type: CONSTRAINT; Schema: public; Owner: postgres
--

ALTER TABLE ONLY public.course
    ADD CONSTRAINT course_pkey PRIMARY KEY (id);


--
-- TOC entry 5005 (class 2606 OID 225583)
-- Name: course_teacher course_teacher_course_id_teacher_id_1a425740_uniq; Type: CONSTRAINT; Schema: public; Owner: postgres
--

ALTER TABLE ONLY public.course_teacher
    ADD CONSTRAINT course_teacher_course_id_teacher_id_1a425740_uniq UNIQUE (course_id, teacher_id);


--
-- TOC entry 5007 (class 2606 OID 225314)
-- Name: course_teacher course_teacher_pkey; Type: CONSTRAINT; Schema: public; Owner: postgres
--

ALTER TABLE ONLY public.course_teacher
    ADD CONSTRAINT course_teacher_pkey PRIMARY KEY (id);


--
-- TOC entry 4868 (class 2606 OID 225093)
-- Name: course_type course_type_course_type_name_key; Type: CONSTRAINT; Schema: public; Owner: postgres
--

ALTER TABLE ONLY public.course_type
    ADD CONSTRAINT course_type_course_type_name_key UNIQUE (course_type_name);


--
-- TOC entry 4870 (class 2606 OID 225091)
-- Name: course_type course_type_pkey; Type: CONSTRAINT; Schema: public; Owner: postgres
--

ALTER TABLE ONLY public.course_type
    ADD CONSTRAINT course_type_pkey PRIMARY KEY (id);


--
-- TOC entry 5011 (class 2606 OID 225604)
-- Name: django_admin_log django_admin_log_pkey; Type: CONSTRAINT; Schema: public; Owner: postgres
--

ALTER TABLE ONLY public.django_admin_log
    ADD CONSTRAINT django_admin_log_pkey PRIMARY KEY (id);


--
-- TOC entry 4842 (class 2606 OID 225027)
-- Name: django_content_type django_content_type_app_label_model_76bd3d3b_uniq; Type: CONSTRAINT; Schema: public; Owner: postgres
--

ALTER TABLE ONLY public.django_content_type
    ADD CONSTRAINT django_content_type_app_label_model_76bd3d3b_uniq UNIQUE (app_label, model);


--
-- TOC entry 4844 (class 2606 OID 225025)
-- Name: django_content_type django_content_type_pkey; Type: CONSTRAINT; Schema: public; Owner: postgres
--

ALTER TABLE ONLY public.django_content_type
    ADD CONSTRAINT django_content_type_pkey PRIMARY KEY (id);


--
-- TOC entry 4840 (class 2606 OID 225019)
-- Name: django_migrations django_migrations_pkey; Type: CONSTRAINT; Schema: public; Owner: postgres
--

ALTER TABLE ONLY public.django_migrations
    ADD CONSTRAINT django_migrations_pkey PRIMARY KEY (id);


--
-- TOC entry 5015 (class 2606 OID 225623)
-- Name: django_session django_session_pkey; Type: CONSTRAINT; Schema: public; Owner: postgres
--

ALTER TABLE ONLY public.django_session
    ADD CONSTRAINT django_session_pkey PRIMARY KEY (session_key);


--
-- TOC entry 4991 (class 2606 OID 225291)
-- Name: feedback feedback_pkey; Type: CONSTRAINT; Schema: public; Owner: postgres
--

ALTER TABLE ONLY public.feedback
    ADD CONSTRAINT feedback_pkey PRIMARY KEY (id);


--
-- TOC entry 4993 (class 2606 OID 225293)
-- Name: feedback feedback_user_practical_assignment_id_key; Type: CONSTRAINT; Schema: public; Owner: postgres
--

ALTER TABLE ONLY public.feedback
    ADD CONSTRAINT feedback_user_practical_assignment_id_key UNIQUE (user_practical_assignment_id);


--
-- TOC entry 4909 (class 2606 OID 225152)
-- Name: lecture lecture_pkey; Type: CONSTRAINT; Schema: public; Owner: postgres
--

ALTER TABLE ONLY public.lecture
    ADD CONSTRAINT lecture_pkey PRIMARY KEY (id);


--
-- TOC entry 4925 (class 2606 OID 225182)
-- Name: matching_pair matching_pair_pkey; Type: CONSTRAINT; Schema: public; Owner: postgres
--

ALTER TABLE ONLY public.matching_pair
    ADD CONSTRAINT matching_pair_pkey PRIMARY KEY (id);


--
-- TOC entry 4913 (class 2606 OID 225158)
-- Name: password_reset_code password_reset_code_pkey; Type: CONSTRAINT; Schema: public; Owner: postgres
--

ALTER TABLE ONLY public.password_reset_code
    ADD CONSTRAINT password_reset_code_pkey PRIMARY KEY (id);


--
-- TOC entry 4917 (class 2606 OID 225166)
-- Name: practical_assignment practical_assignment_pkey; Type: CONSTRAINT; Schema: public; Owner: postgres
--

ALTER TABLE ONLY public.practical_assignment
    ADD CONSTRAINT practical_assignment_pkey PRIMARY KEY (id);


--
-- TOC entry 4920 (class 2606 OID 225174)
-- Name: question question_pkey; Type: CONSTRAINT; Schema: public; Owner: postgres
--

ALTER TABLE ONLY public.question
    ADD CONSTRAINT question_pkey PRIMARY KEY (id);


--
-- TOC entry 4932 (class 2606 OID 225326)
-- Name: review review_course_id_user_id_b7c30f31_uniq; Type: CONSTRAINT; Schema: public; Owner: postgres
--

ALTER TABLE ONLY public.review
    ADD CONSTRAINT review_course_id_user_id_b7c30f31_uniq UNIQUE (course_id, user_id);


--
-- TOC entry 4934 (class 2606 OID 225198)
-- Name: review review_pkey; Type: CONSTRAINT; Schema: public; Owner: postgres
--

ALTER TABLE ONLY public.review
    ADD CONSTRAINT review_pkey PRIMARY KEY (id);


--
-- TOC entry 4937 (class 2606 OID 225207)
-- Name: role role_pkey; Type: CONSTRAINT; Schema: public; Owner: postgres
--

ALTER TABLE ONLY public.role
    ADD CONSTRAINT role_pkey PRIMARY KEY (id);


--
-- TOC entry 4940 (class 2606 OID 225209)
-- Name: role role_role_name_key; Type: CONSTRAINT; Schema: public; Owner: postgres
--

ALTER TABLE ONLY public.role
    ADD CONSTRAINT role_role_name_key UNIQUE (role_name);


--
-- TOC entry 4942 (class 2606 OID 225222)
-- Name: teacher_assignment_file teacher_assignment_file_pkey; Type: CONSTRAINT; Schema: public; Owner: postgres
--

ALTER TABLE ONLY public.teacher_assignment_file
    ADD CONSTRAINT teacher_assignment_file_pkey PRIMARY KEY (id);


--
-- TOC entry 4947 (class 2606 OID 225230)
-- Name: test test_pkey; Type: CONSTRAINT; Schema: public; Owner: postgres
--

ALTER TABLE ONLY public.test
    ADD CONSTRAINT test_pkey PRIMARY KEY (id);


--
-- TOC entry 4949 (class 2606 OID 225241)
-- Name: test_result test_result_pkey; Type: CONSTRAINT; Schema: public; Owner: postgres
--

ALTER TABLE ONLY public.test_result
    ADD CONSTRAINT test_result_pkey PRIMARY KEY (id);


--
-- TOC entry 4953 (class 2606 OID 225341)
-- Name: test_result test_result_user_id_test_id_attempt_number_64d3a05c_uniq; Type: CONSTRAINT; Schema: public; Owner: postgres
--

ALTER TABLE ONLY public.test_result
    ADD CONSTRAINT test_result_user_id_test_id_attempt_number_64d3a05c_uniq UNIQUE (user_id, test_id, attempt_number);


--
-- TOC entry 4911 (class 2606 OID 225320)
-- Name: lecture unique_lecture_order_course; Type: CONSTRAINT; Schema: public; Owner: postgres
--

ALTER TABLE ONLY public.lecture
    ADD CONSTRAINT unique_lecture_order_course UNIQUE (course_id, lecture_order);


--
-- TOC entry 4923 (class 2606 OID 225337)
-- Name: question unique_question_order_test; Type: CONSTRAINT; Schema: public; Owner: postgres
--

ALTER TABLE ONLY public.question
    ADD CONSTRAINT unique_question_order_test UNIQUE (test_id, question_order);


--
-- TOC entry 4983 (class 2606 OID 225356)
-- Name: user_practical_assignment unique_user_assignment_attempt; Type: CONSTRAINT; Schema: public; Owner: postgres
--

ALTER TABLE ONLY public.user_practical_assignment
    ADD CONSTRAINT unique_user_assignment_attempt UNIQUE (user_id, practical_assignment_id, attempt_number);


--
-- TOC entry 4955 (class 2606 OID 225249)
-- Name: user_answer user_answer_pkey; Type: CONSTRAINT; Schema: public; Owner: postgres
--

ALTER TABLE ONLY public.user_answer
    ADD CONSTRAINT user_answer_pkey PRIMARY KEY (id);


--
-- TOC entry 4959 (class 2606 OID 225345)
-- Name: user_answer user_answer_user_id_question_id_attempt_number_c12aabc5_uniq; Type: CONSTRAINT; Schema: public; Owner: postgres
--

ALTER TABLE ONLY public.user_answer
    ADD CONSTRAINT user_answer_user_id_question_id_attempt_number_c12aabc5_uniq UNIQUE (user_id, question_id, attempt_number);


--
-- TOC entry 4963 (class 2606 OID 225255)
-- Name: user_course user_course_pkey; Type: CONSTRAINT; Schema: public; Owner: postgres
--

ALTER TABLE ONLY public.user_course
    ADD CONSTRAINT user_course_pkey PRIMARY KEY (id);


--
-- TOC entry 4968 (class 2606 OID 225350)
-- Name: user_course user_course_user_id_course_id_0aed58f1_uniq; Type: CONSTRAINT; Schema: public; Owner: postgres
--

ALTER TABLE ONLY public.user_course
    ADD CONSTRAINT user_course_user_id_course_id_0aed58f1_uniq UNIQUE (user_id, course_id);


--
-- TOC entry 4873 (class 2606 OID 225103)
-- Name: user user_email_key; Type: CONSTRAINT; Schema: public; Owner: postgres
--

ALTER TABLE ONLY public."user"
    ADD CONSTRAINT user_email_key UNIQUE (email);


--
-- TOC entry 4882 (class 2606 OID 225111)
-- Name: user_groups user_groups_pkey; Type: CONSTRAINT; Schema: public; Owner: postgres
--

ALTER TABLE ONLY public.user_groups
    ADD CONSTRAINT user_groups_pkey PRIMARY KEY (id);


--
-- TOC entry 4885 (class 2606 OID 225365)
-- Name: user_groups user_groups_user_id_group_id_40beef00_uniq; Type: CONSTRAINT; Schema: public; Owner: postgres
--

ALTER TABLE ONLY public.user_groups
    ADD CONSTRAINT user_groups_user_id_group_id_40beef00_uniq UNIQUE (user_id, group_id);


--
-- TOC entry 4978 (class 2606 OID 225275)
-- Name: user_matching_answer user_matching_answer_pkey; Type: CONSTRAINT; Schema: public; Owner: postgres
--

ALTER TABLE ONLY public.user_matching_answer
    ADD CONSTRAINT user_matching_answer_pkey PRIMARY KEY (id);


--
-- TOC entry 4981 (class 2606 OID 225353)
-- Name: user_matching_answer user_matching_answer_user_answer_id_matching__724d2664_uniq; Type: CONSTRAINT; Schema: public; Owner: postgres
--

ALTER TABLE ONLY public.user_matching_answer
    ADD CONSTRAINT user_matching_answer_user_answer_id_matching__724d2664_uniq UNIQUE (user_answer_id, matching_pair_id);


--
-- TOC entry 4875 (class 2606 OID 225101)
-- Name: user user_pkey; Type: CONSTRAINT; Schema: public; Owner: postgres
--

ALTER TABLE ONLY public."user"
    ADD CONSTRAINT user_pkey PRIMARY KEY (id);


--
-- TOC entry 4985 (class 2606 OID 225283)
-- Name: user_practical_assignment user_practical_assignment_pkey; Type: CONSTRAINT; Schema: public; Owner: postgres
--

ALTER TABLE ONLY public.user_practical_assignment
    ADD CONSTRAINT user_practical_assignment_pkey PRIMARY KEY (id);


--
-- TOC entry 4999 (class 2606 OID 225307)
-- Name: user_selected_choice user_selected_choice_pkey; Type: CONSTRAINT; Schema: public; Owner: postgres
--

ALTER TABLE ONLY public.user_selected_choice
    ADD CONSTRAINT user_selected_choice_pkey PRIMARY KEY (id);


--
-- TOC entry 5002 (class 2606 OID 225359)
-- Name: user_selected_choice user_selected_choice_user_answer_id_choice_op_09302079_uniq; Type: CONSTRAINT; Schema: public; Owner: postgres
--

ALTER TABLE ONLY public.user_selected_choice
    ADD CONSTRAINT user_selected_choice_user_answer_id_choice_op_09302079_uniq UNIQUE (user_answer_id, choice_option_id);


--
-- TOC entry 4888 (class 2606 OID 225117)
-- Name: user_user_permissions user_user_permissions_pkey; Type: CONSTRAINT; Schema: public; Owner: postgres
--

ALTER TABLE ONLY public.user_user_permissions
    ADD CONSTRAINT user_user_permissions_pkey PRIMARY KEY (id);


--
-- TOC entry 4891 (class 2606 OID 225379)
-- Name: user_user_permissions user_user_permissions_user_id_permission_id_7dc6e2e0_uniq; Type: CONSTRAINT; Schema: public; Owner: postgres
--

ALTER TABLE ONLY public.user_user_permissions
    ADD CONSTRAINT user_user_permissions_user_id_permission_id_7dc6e2e0_uniq UNIQUE (user_id, permission_id);


--
-- TOC entry 4879 (class 2606 OID 225105)
-- Name: user user_username_key; Type: CONSTRAINT; Schema: public; Owner: postgres
--

ALTER TABLE ONLY public."user"
    ADD CONSTRAINT user_username_key UNIQUE (username);


--
-- TOC entry 4861 (class 1259 OID 225360)
-- Name: answer_type_answer_type_name_173fbdfb_like; Type: INDEX; Schema: public; Owner: postgres
--

CREATE INDEX answer_type_answer_type_name_173fbdfb_like ON public.answer_type USING btree (answer_type_name varchar_pattern_ops);


--
-- TOC entry 4892 (class 1259 OID 225392)
-- Name: assignment_status_assignment_status_name_3ce650fd_like; Type: INDEX; Schema: public; Owner: postgres
--

CREATE INDEX assignment_status_assignment_status_name_3ce650fd_like ON public.assignment_status USING btree (assignment_status_name varchar_pattern_ops);


--
-- TOC entry 4996 (class 1259 OID 225569)
-- Name: assignment_submission_file_user_assignment_id_e57c2f15; Type: INDEX; Schema: public; Owner: postgres
--

CREATE INDEX assignment_submission_file_user_assignment_id_e57c2f15 ON public.assignment_submission_file USING btree (user_assignment_id);


--
-- TOC entry 4850 (class 1259 OID 225073)
-- Name: auth_group_name_a6ea08ec_like; Type: INDEX; Schema: public; Owner: postgres
--

CREATE INDEX auth_group_name_a6ea08ec_like ON public.auth_group USING btree (name varchar_pattern_ops);


--
-- TOC entry 4855 (class 1259 OID 225069)
-- Name: auth_group_permissions_group_id_b120cbf9; Type: INDEX; Schema: public; Owner: postgres
--

CREATE INDEX auth_group_permissions_group_id_b120cbf9 ON public.auth_group_permissions USING btree (group_id);


--
-- TOC entry 4858 (class 1259 OID 225070)
-- Name: auth_group_permissions_permission_id_84c5c92e; Type: INDEX; Schema: public; Owner: postgres
--

CREATE INDEX auth_group_permissions_permission_id_84c5c92e ON public.auth_group_permissions USING btree (permission_id);


--
-- TOC entry 4845 (class 1259 OID 225055)
-- Name: auth_permission_content_type_id_2f476e4b; Type: INDEX; Schema: public; Owner: postgres
--

CREATE INDEX auth_permission_content_type_id_2f476e4b ON public.auth_permission USING btree (content_type_id);


--
-- TOC entry 4969 (class 1259 OID 225522)
-- Name: certificate_certificate_number_8a9605fc_like; Type: INDEX; Schema: public; Owner: postgres
--

CREATE INDEX certificate_certificate_number_8a9605fc_like ON public.certificate USING btree (certificate_number varchar_pattern_ops);


--
-- TOC entry 4929 (class 1259 OID 225447)
-- Name: choice_option_question_id_591bffeb; Type: INDEX; Schema: public; Owner: postgres
--

CREATE INDEX choice_option_question_id_591bffeb ON public.choice_option USING btree (question_id);


--
-- TOC entry 4897 (class 1259 OID 225393)
-- Name: course_category_course_category_name_20319402_like; Type: INDEX; Schema: public; Owner: postgres
--

CREATE INDEX course_category_course_category_name_20319402_like ON public.course_category USING btree (course_category_name varchar_pattern_ops);


--
-- TOC entry 4902 (class 1259 OID 225410)
-- Name: course_course_category_id_4356d303; Type: INDEX; Schema: public; Owner: postgres
--

CREATE INDEX course_course_category_id_4356d303 ON public.course USING btree (course_category_id);


--
-- TOC entry 4903 (class 1259 OID 225411)
-- Name: course_course_type_id_394a09df; Type: INDEX; Schema: public; Owner: postgres
--

CREATE INDEX course_course_type_id_394a09df ON public.course USING btree (course_type_id);


--
-- TOC entry 4904 (class 1259 OID 225409)
-- Name: course_created_by_id_35db9350; Type: INDEX; Schema: public; Owner: postgres
--

CREATE INDEX course_created_by_id_35db9350 ON public.course USING btree (created_by_id);


--
-- TOC entry 5003 (class 1259 OID 225594)
-- Name: course_teacher_course_id_1b7990cd; Type: INDEX; Schema: public; Owner: postgres
--

CREATE INDEX course_teacher_course_id_1b7990cd ON public.course_teacher USING btree (course_id);


--
-- TOC entry 5008 (class 1259 OID 225595)
-- Name: course_teacher_teacher_id_eb2a1071; Type: INDEX; Schema: public; Owner: postgres
--

CREATE INDEX course_teacher_teacher_id_eb2a1071 ON public.course_teacher USING btree (teacher_id);


--
-- TOC entry 4866 (class 1259 OID 225361)
-- Name: course_type_course_type_name_abb5b4d2_like; Type: INDEX; Schema: public; Owner: postgres
--

CREATE INDEX course_type_course_type_name_abb5b4d2_like ON public.course_type USING btree (course_type_name varchar_pattern_ops);


--
-- TOC entry 5009 (class 1259 OID 225615)
-- Name: django_admin_log_content_type_id_c4bce8eb; Type: INDEX; Schema: public; Owner: postgres
--

CREATE INDEX django_admin_log_content_type_id_c4bce8eb ON public.django_admin_log USING btree (content_type_id);


--
-- TOC entry 5012 (class 1259 OID 225616)
-- Name: django_admin_log_user_id_c564eba6; Type: INDEX; Schema: public; Owner: postgres
--

CREATE INDEX django_admin_log_user_id_c564eba6 ON public.django_admin_log USING btree (user_id);


--
-- TOC entry 5013 (class 1259 OID 225625)
-- Name: django_session_expire_date_a5c62663; Type: INDEX; Schema: public; Owner: postgres
--

CREATE INDEX django_session_expire_date_a5c62663 ON public.django_session USING btree (expire_date);


--
-- TOC entry 5016 (class 1259 OID 225624)
-- Name: django_session_session_key_c0390e0f_like; Type: INDEX; Schema: public; Owner: postgres
--

CREATE INDEX django_session_session_key_c0390e0f_like ON public.django_session USING btree (session_key varchar_pattern_ops);


--
-- TOC entry 4989 (class 1259 OID 225563)
-- Name: feedback_given_by_id_d9ac0602; Type: INDEX; Schema: public; Owner: postgres
--

CREATE INDEX feedback_given_by_id_d9ac0602 ON public.feedback USING btree (given_by_id);


--
-- TOC entry 4907 (class 1259 OID 225417)
-- Name: lecture_course_id_70e938b2; Type: INDEX; Schema: public; Owner: postgres
--

CREATE INDEX lecture_course_id_70e938b2 ON public.lecture USING btree (course_id);


--
-- TOC entry 4926 (class 1259 OID 225441)
-- Name: matching_pair_question_id_b626f4fa; Type: INDEX; Schema: public; Owner: postgres
--

CREATE INDEX matching_pair_question_id_b626f4fa ON public.matching_pair USING btree (question_id);


--
-- TOC entry 4914 (class 1259 OID 225423)
-- Name: password_reset_code_user_id_ca6e1962; Type: INDEX; Schema: public; Owner: postgres
--

CREATE INDEX password_reset_code_user_id_ca6e1962 ON public.password_reset_code USING btree (user_id);


--
-- TOC entry 4915 (class 1259 OID 225429)
-- Name: practical_assignment_lecture_id_b866701b; Type: INDEX; Schema: public; Owner: postgres
--

CREATE INDEX practical_assignment_lecture_id_b866701b ON public.practical_assignment USING btree (lecture_id);


--
-- TOC entry 4918 (class 1259 OID 225435)
-- Name: question_answer_type_id_9111b471; Type: INDEX; Schema: public; Owner: postgres
--

CREATE INDEX question_answer_type_id_9111b471 ON public.question USING btree (answer_type_id);


--
-- TOC entry 4921 (class 1259 OID 225480)
-- Name: question_test_id_6c277152; Type: INDEX; Schema: public; Owner: postgres
--

CREATE INDEX question_test_id_6c277152 ON public.question USING btree (test_id);


--
-- TOC entry 4930 (class 1259 OID 225458)
-- Name: review_course_id_0a31fb86; Type: INDEX; Schema: public; Owner: postgres
--

CREATE INDEX review_course_id_0a31fb86 ON public.review USING btree (course_id);


--
-- TOC entry 4935 (class 1259 OID 225459)
-- Name: review_user_id_1520d914; Type: INDEX; Schema: public; Owner: postgres
--

CREATE INDEX review_user_id_1520d914 ON public.review USING btree (user_id);


--
-- TOC entry 4938 (class 1259 OID 225460)
-- Name: role_role_name_d4cf81e5_like; Type: INDEX; Schema: public; Owner: postgres
--

CREATE INDEX role_role_name_d4cf81e5_like ON public.role USING btree (role_name varchar_pattern_ops);


--
-- TOC entry 4943 (class 1259 OID 225472)
-- Name: teacher_assignment_file_practical_assignment_id_cb7772cf; Type: INDEX; Schema: public; Owner: postgres
--

CREATE INDEX teacher_assignment_file_practical_assignment_id_cb7772cf ON public.teacher_assignment_file USING btree (practical_assignment_id);


--
-- TOC entry 4944 (class 1259 OID 225473)
-- Name: teacher_assignment_file_uploaded_by_id_2bf4186a; Type: INDEX; Schema: public; Owner: postgres
--

CREATE INDEX teacher_assignment_file_uploaded_by_id_2bf4186a ON public.teacher_assignment_file USING btree (uploaded_by_id);


--
-- TOC entry 4945 (class 1259 OID 225479)
-- Name: test_lecture_id_31ebf79a; Type: INDEX; Schema: public; Owner: postgres
--

CREATE INDEX test_lecture_id_31ebf79a ON public.test USING btree (lecture_id);


--
-- TOC entry 4950 (class 1259 OID 225491)
-- Name: test_result_test_id_de0c0a88; Type: INDEX; Schema: public; Owner: postgres
--

CREATE INDEX test_result_test_id_de0c0a88 ON public.test_result USING btree (test_id);


--
-- TOC entry 4951 (class 1259 OID 225492)
-- Name: test_result_user_id_42e76a6b; Type: INDEX; Schema: public; Owner: postgres
--

CREATE INDEX test_result_user_id_42e76a6b ON public.test_result USING btree (user_id);


--
-- TOC entry 4956 (class 1259 OID 225503)
-- Name: user_answer_question_id_62eab67d; Type: INDEX; Schema: public; Owner: postgres
--

CREATE INDEX user_answer_question_id_62eab67d ON public.user_answer USING btree (question_id);


--
-- TOC entry 4957 (class 1259 OID 225504)
-- Name: user_answer_user_id_c5d32cc6; Type: INDEX; Schema: public; Owner: postgres
--

CREATE INDEX user_answer_user_id_c5d32cc6 ON public.user_answer USING btree (user_id);


--
-- TOC entry 4960 (class 1259 OID 233824)
-- Name: user_course_complet_da2eb9_idx; Type: INDEX; Schema: public; Owner: postgres
--

CREATE INDEX user_course_complet_da2eb9_idx ON public.user_course USING btree (completion_date);


--
-- TOC entry 4961 (class 1259 OID 225515)
-- Name: user_course_course_id_01715d98; Type: INDEX; Schema: public; Owner: postgres
--

CREATE INDEX user_course_course_id_01715d98 ON public.user_course USING btree (course_id);


--
-- TOC entry 4964 (class 1259 OID 233823)
-- Name: user_course_registr_190d7f_idx; Type: INDEX; Schema: public; Owner: postgres
--

CREATE INDEX user_course_registr_190d7f_idx ON public.user_course USING btree (registration_date);


--
-- TOC entry 4965 (class 1259 OID 233822)
-- Name: user_course_user_id_33d674_idx; Type: INDEX; Schema: public; Owner: postgres
--

CREATE INDEX user_course_user_id_33d674_idx ON public.user_course USING btree (user_id, status_course);


--
-- TOC entry 4966 (class 1259 OID 225516)
-- Name: user_course_user_id_496a571e; Type: INDEX; Schema: public; Owner: postgres
--

CREATE INDEX user_course_user_id_496a571e ON public.user_course USING btree (user_id);


--
-- TOC entry 4871 (class 1259 OID 225362)
-- Name: user_email_54dc62b2_like; Type: INDEX; Schema: public; Owner: postgres
--

CREATE INDEX user_email_54dc62b2_like ON public."user" USING btree (email varchar_pattern_ops);


--
-- TOC entry 4880 (class 1259 OID 225377)
-- Name: user_groups_group_id_b76f8aba; Type: INDEX; Schema: public; Owner: postgres
--

CREATE INDEX user_groups_group_id_b76f8aba ON public.user_groups USING btree (group_id);


--
-- TOC entry 4883 (class 1259 OID 225376)
-- Name: user_groups_user_id_abaea130; Type: INDEX; Schema: public; Owner: postgres
--

CREATE INDEX user_groups_user_id_abaea130 ON public.user_groups USING btree (user_id);


--
-- TOC entry 4976 (class 1259 OID 225533)
-- Name: user_matching_answer_matching_pair_id_c1596c76; Type: INDEX; Schema: public; Owner: postgres
--

CREATE INDEX user_matching_answer_matching_pair_id_c1596c76 ON public.user_matching_answer USING btree (matching_pair_id);


--
-- TOC entry 4979 (class 1259 OID 225534)
-- Name: user_matching_answer_user_answer_id_d6d41324; Type: INDEX; Schema: public; Owner: postgres
--

CREATE INDEX user_matching_answer_user_answer_id_d6d41324 ON public.user_matching_answer USING btree (user_answer_id);


--
-- TOC entry 4986 (class 1259 OID 225550)
-- Name: user_practical_assignment_practical_assignment_id_5ed6e43d; Type: INDEX; Schema: public; Owner: postgres
--

CREATE INDEX user_practical_assignment_practical_assignment_id_5ed6e43d ON public.user_practical_assignment USING btree (practical_assignment_id);


--
-- TOC entry 4987 (class 1259 OID 225551)
-- Name: user_practical_assignment_submission_status_id_db7a08be; Type: INDEX; Schema: public; Owner: postgres
--

CREATE INDEX user_practical_assignment_submission_status_id_db7a08be ON public.user_practical_assignment USING btree (submission_status_id);


--
-- TOC entry 4988 (class 1259 OID 225552)
-- Name: user_practical_assignment_user_id_ebf31370; Type: INDEX; Schema: public; Owner: postgres
--

CREATE INDEX user_practical_assignment_user_id_ebf31370 ON public.user_practical_assignment USING btree (user_id);


--
-- TOC entry 4876 (class 1259 OID 225461)
-- Name: user_role_id_c3a87a3d; Type: INDEX; Schema: public; Owner: postgres
--

CREATE INDEX user_role_id_c3a87a3d ON public."user" USING btree (role_id);


--
-- TOC entry 4997 (class 1259 OID 225580)
-- Name: user_selected_choice_choice_option_id_a2738e8a; Type: INDEX; Schema: public; Owner: postgres
--

CREATE INDEX user_selected_choice_choice_option_id_a2738e8a ON public.user_selected_choice USING btree (choice_option_id);


--
-- TOC entry 5000 (class 1259 OID 225581)
-- Name: user_selected_choice_user_answer_id_1f8ac803; Type: INDEX; Schema: public; Owner: postgres
--

CREATE INDEX user_selected_choice_user_answer_id_1f8ac803 ON public.user_selected_choice USING btree (user_answer_id);


--
-- TOC entry 4886 (class 1259 OID 225391)
-- Name: user_user_permissions_permission_id_9deb68a3; Type: INDEX; Schema: public; Owner: postgres
--

CREATE INDEX user_user_permissions_permission_id_9deb68a3 ON public.user_user_permissions USING btree (permission_id);


--
-- TOC entry 4889 (class 1259 OID 225390)
-- Name: user_user_permissions_user_id_ed4a47ea; Type: INDEX; Schema: public; Owner: postgres
--

CREATE INDEX user_user_permissions_user_id_ed4a47ea ON public.user_user_permissions USING btree (user_id);


--
-- TOC entry 4877 (class 1259 OID 225363)
-- Name: user_username_cf016618_like; Type: INDEX; Schema: public; Owner: postgres
--

CREATE INDEX user_username_cf016618_like ON public."user" USING btree (username varchar_pattern_ops);


--
-- TOC entry 5054 (class 2606 OID 225564)
-- Name: assignment_submission_file assignment_submissio_user_assignment_id_e57c2f15_fk_user_prac; Type: FK CONSTRAINT; Schema: public; Owner: postgres
--

ALTER TABLE ONLY public.assignment_submission_file
    ADD CONSTRAINT assignment_submissio_user_assignment_id_e57c2f15_fk_user_prac FOREIGN KEY (user_assignment_id) REFERENCES public.user_practical_assignment(id) DEFERRABLE INITIALLY DEFERRED;


--
-- TOC entry 5018 (class 2606 OID 225064)
-- Name: auth_group_permissions auth_group_permissio_permission_id_84c5c92e_fk_auth_perm; Type: FK CONSTRAINT; Schema: public; Owner: postgres
--

ALTER TABLE ONLY public.auth_group_permissions
    ADD CONSTRAINT auth_group_permissio_permission_id_84c5c92e_fk_auth_perm FOREIGN KEY (permission_id) REFERENCES public.auth_permission(id) DEFERRABLE INITIALLY DEFERRED;


--
-- TOC entry 5019 (class 2606 OID 225059)
-- Name: auth_group_permissions auth_group_permissions_group_id_b120cbf9_fk_auth_group_id; Type: FK CONSTRAINT; Schema: public; Owner: postgres
--

ALTER TABLE ONLY public.auth_group_permissions
    ADD CONSTRAINT auth_group_permissions_group_id_b120cbf9_fk_auth_group_id FOREIGN KEY (group_id) REFERENCES public.auth_group(id) DEFERRABLE INITIALLY DEFERRED;


--
-- TOC entry 5017 (class 2606 OID 225050)
-- Name: auth_permission auth_permission_content_type_id_2f476e4b_fk_django_co; Type: FK CONSTRAINT; Schema: public; Owner: postgres
--

ALTER TABLE ONLY public.auth_permission
    ADD CONSTRAINT auth_permission_content_type_id_2f476e4b_fk_django_co FOREIGN KEY (content_type_id) REFERENCES public.django_content_type(id) DEFERRABLE INITIALLY DEFERRED;


--
-- TOC entry 5046 (class 2606 OID 225517)
-- Name: certificate certificate_user_course_id_e50c5039_fk_user_course_id; Type: FK CONSTRAINT; Schema: public; Owner: postgres
--

ALTER TABLE ONLY public.certificate
    ADD CONSTRAINT certificate_user_course_id_e50c5039_fk_user_course_id FOREIGN KEY (user_course_id) REFERENCES public.user_course(id) DEFERRABLE INITIALLY DEFERRED;


--
-- TOC entry 5034 (class 2606 OID 225442)
-- Name: choice_option choice_option_question_id_591bffeb_fk_question_id; Type: FK CONSTRAINT; Schema: public; Owner: postgres
--

ALTER TABLE ONLY public.choice_option
    ADD CONSTRAINT choice_option_question_id_591bffeb_fk_question_id FOREIGN KEY (question_id) REFERENCES public.question(id) DEFERRABLE INITIALLY DEFERRED;


--
-- TOC entry 5025 (class 2606 OID 225399)
-- Name: course course_course_category_id_4356d303_fk_course_category_id; Type: FK CONSTRAINT; Schema: public; Owner: postgres
--

ALTER TABLE ONLY public.course
    ADD CONSTRAINT course_course_category_id_4356d303_fk_course_category_id FOREIGN KEY (course_category_id) REFERENCES public.course_category(id) DEFERRABLE INITIALLY DEFERRED;


--
-- TOC entry 5026 (class 2606 OID 225404)
-- Name: course course_course_type_id_394a09df_fk_course_type_id; Type: FK CONSTRAINT; Schema: public; Owner: postgres
--

ALTER TABLE ONLY public.course
    ADD CONSTRAINT course_course_type_id_394a09df_fk_course_type_id FOREIGN KEY (course_type_id) REFERENCES public.course_type(id) DEFERRABLE INITIALLY DEFERRED;


--
-- TOC entry 5027 (class 2606 OID 225394)
-- Name: course course_created_by_id_35db9350_fk_user_id; Type: FK CONSTRAINT; Schema: public; Owner: postgres
--

ALTER TABLE ONLY public.course
    ADD CONSTRAINT course_created_by_id_35db9350_fk_user_id FOREIGN KEY (created_by_id) REFERENCES public."user"(id) DEFERRABLE INITIALLY DEFERRED;


--
-- TOC entry 5057 (class 2606 OID 225584)
-- Name: course_teacher course_teacher_course_id_1b7990cd_fk_course_id; Type: FK CONSTRAINT; Schema: public; Owner: postgres
--

ALTER TABLE ONLY public.course_teacher
    ADD CONSTRAINT course_teacher_course_id_1b7990cd_fk_course_id FOREIGN KEY (course_id) REFERENCES public.course(id) DEFERRABLE INITIALLY DEFERRED;


--
-- TOC entry 5058 (class 2606 OID 225589)
-- Name: course_teacher course_teacher_teacher_id_eb2a1071_fk_user_id; Type: FK CONSTRAINT; Schema: public; Owner: postgres
--

ALTER TABLE ONLY public.course_teacher
    ADD CONSTRAINT course_teacher_teacher_id_eb2a1071_fk_user_id FOREIGN KEY (teacher_id) REFERENCES public."user"(id) DEFERRABLE INITIALLY DEFERRED;


--
-- TOC entry 5059 (class 2606 OID 225605)
-- Name: django_admin_log django_admin_log_content_type_id_c4bce8eb_fk_django_co; Type: FK CONSTRAINT; Schema: public; Owner: postgres
--

ALTER TABLE ONLY public.django_admin_log
    ADD CONSTRAINT django_admin_log_content_type_id_c4bce8eb_fk_django_co FOREIGN KEY (content_type_id) REFERENCES public.django_content_type(id) DEFERRABLE INITIALLY DEFERRED;


--
-- TOC entry 5060 (class 2606 OID 225610)
-- Name: django_admin_log django_admin_log_user_id_c564eba6_fk_user_id; Type: FK CONSTRAINT; Schema: public; Owner: postgres
--

ALTER TABLE ONLY public.django_admin_log
    ADD CONSTRAINT django_admin_log_user_id_c564eba6_fk_user_id FOREIGN KEY (user_id) REFERENCES public."user"(id) DEFERRABLE INITIALLY DEFERRED;


--
-- TOC entry 5052 (class 2606 OID 225553)
-- Name: feedback feedback_given_by_id_d9ac0602_fk_user_id; Type: FK CONSTRAINT; Schema: public; Owner: postgres
--

ALTER TABLE ONLY public.feedback
    ADD CONSTRAINT feedback_given_by_id_d9ac0602_fk_user_id FOREIGN KEY (given_by_id) REFERENCES public."user"(id) DEFERRABLE INITIALLY DEFERRED;


--
-- TOC entry 5053 (class 2606 OID 225558)
-- Name: feedback feedback_user_practical_assig_ebb447a3_fk_user_prac; Type: FK CONSTRAINT; Schema: public; Owner: postgres
--

ALTER TABLE ONLY public.feedback
    ADD CONSTRAINT feedback_user_practical_assig_ebb447a3_fk_user_prac FOREIGN KEY (user_practical_assignment_id) REFERENCES public.user_practical_assignment(id) DEFERRABLE INITIALLY DEFERRED;


--
-- TOC entry 5028 (class 2606 OID 225412)
-- Name: lecture lecture_course_id_70e938b2_fk_course_id; Type: FK CONSTRAINT; Schema: public; Owner: postgres
--

ALTER TABLE ONLY public.lecture
    ADD CONSTRAINT lecture_course_id_70e938b2_fk_course_id FOREIGN KEY (course_id) REFERENCES public.course(id) DEFERRABLE INITIALLY DEFERRED;


--
-- TOC entry 5033 (class 2606 OID 225436)
-- Name: matching_pair matching_pair_question_id_b626f4fa_fk_question_id; Type: FK CONSTRAINT; Schema: public; Owner: postgres
--

ALTER TABLE ONLY public.matching_pair
    ADD CONSTRAINT matching_pair_question_id_b626f4fa_fk_question_id FOREIGN KEY (question_id) REFERENCES public.question(id) DEFERRABLE INITIALLY DEFERRED;


--
-- TOC entry 5029 (class 2606 OID 225418)
-- Name: password_reset_code password_reset_code_user_id_ca6e1962_fk_user_id; Type: FK CONSTRAINT; Schema: public; Owner: postgres
--

ALTER TABLE ONLY public.password_reset_code
    ADD CONSTRAINT password_reset_code_user_id_ca6e1962_fk_user_id FOREIGN KEY (user_id) REFERENCES public."user"(id) DEFERRABLE INITIALLY DEFERRED;


--
-- TOC entry 5030 (class 2606 OID 225424)
-- Name: practical_assignment practical_assignment_lecture_id_b866701b_fk_lecture_id; Type: FK CONSTRAINT; Schema: public; Owner: postgres
--

ALTER TABLE ONLY public.practical_assignment
    ADD CONSTRAINT practical_assignment_lecture_id_b866701b_fk_lecture_id FOREIGN KEY (lecture_id) REFERENCES public.lecture(id) DEFERRABLE INITIALLY DEFERRED;


--
-- TOC entry 5031 (class 2606 OID 225430)
-- Name: question question_answer_type_id_9111b471_fk_answer_type_id; Type: FK CONSTRAINT; Schema: public; Owner: postgres
--

ALTER TABLE ONLY public.question
    ADD CONSTRAINT question_answer_type_id_9111b471_fk_answer_type_id FOREIGN KEY (answer_type_id) REFERENCES public.answer_type(id) DEFERRABLE INITIALLY DEFERRED;


--
-- TOC entry 5032 (class 2606 OID 225231)
-- Name: question question_test_id_6c277152_fk_test_id; Type: FK CONSTRAINT; Schema: public; Owner: postgres
--

ALTER TABLE ONLY public.question
    ADD CONSTRAINT question_test_id_6c277152_fk_test_id FOREIGN KEY (test_id) REFERENCES public.test(id) DEFERRABLE INITIALLY DEFERRED;


--
-- TOC entry 5035 (class 2606 OID 225448)
-- Name: review review_course_id_0a31fb86_fk_course_id; Type: FK CONSTRAINT; Schema: public; Owner: postgres
--

ALTER TABLE ONLY public.review
    ADD CONSTRAINT review_course_id_0a31fb86_fk_course_id FOREIGN KEY (course_id) REFERENCES public.course(id) DEFERRABLE INITIALLY DEFERRED;


--
-- TOC entry 5036 (class 2606 OID 225453)
-- Name: review review_user_id_1520d914_fk_user_id; Type: FK CONSTRAINT; Schema: public; Owner: postgres
--

ALTER TABLE ONLY public.review
    ADD CONSTRAINT review_user_id_1520d914_fk_user_id FOREIGN KEY (user_id) REFERENCES public."user"(id) DEFERRABLE INITIALLY DEFERRED;


--
-- TOC entry 5037 (class 2606 OID 225462)
-- Name: teacher_assignment_file teacher_assignment_f_practical_assignment_cb7772cf_fk_practical; Type: FK CONSTRAINT; Schema: public; Owner: postgres
--

ALTER TABLE ONLY public.teacher_assignment_file
    ADD CONSTRAINT teacher_assignment_f_practical_assignment_cb7772cf_fk_practical FOREIGN KEY (practical_assignment_id) REFERENCES public.practical_assignment(id) DEFERRABLE INITIALLY DEFERRED;


--
-- TOC entry 5038 (class 2606 OID 225467)
-- Name: teacher_assignment_file teacher_assignment_file_uploaded_by_id_2bf4186a_fk_user_id; Type: FK CONSTRAINT; Schema: public; Owner: postgres
--

ALTER TABLE ONLY public.teacher_assignment_file
    ADD CONSTRAINT teacher_assignment_file_uploaded_by_id_2bf4186a_fk_user_id FOREIGN KEY (uploaded_by_id) REFERENCES public."user"(id) DEFERRABLE INITIALLY DEFERRED;


--
-- TOC entry 5039 (class 2606 OID 225474)
-- Name: test test_lecture_id_31ebf79a_fk_lecture_id; Type: FK CONSTRAINT; Schema: public; Owner: postgres
--

ALTER TABLE ONLY public.test
    ADD CONSTRAINT test_lecture_id_31ebf79a_fk_lecture_id FOREIGN KEY (lecture_id) REFERENCES public.lecture(id) DEFERRABLE INITIALLY DEFERRED;


--
-- TOC entry 5040 (class 2606 OID 225481)
-- Name: test_result test_result_test_id_de0c0a88_fk_test_id; Type: FK CONSTRAINT; Schema: public; Owner: postgres
--

ALTER TABLE ONLY public.test_result
    ADD CONSTRAINT test_result_test_id_de0c0a88_fk_test_id FOREIGN KEY (test_id) REFERENCES public.test(id) DEFERRABLE INITIALLY DEFERRED;


--
-- TOC entry 5041 (class 2606 OID 225486)
-- Name: test_result test_result_user_id_42e76a6b_fk_user_id; Type: FK CONSTRAINT; Schema: public; Owner: postgres
--

ALTER TABLE ONLY public.test_result
    ADD CONSTRAINT test_result_user_id_42e76a6b_fk_user_id FOREIGN KEY (user_id) REFERENCES public."user"(id) DEFERRABLE INITIALLY DEFERRED;


--
-- TOC entry 5042 (class 2606 OID 225493)
-- Name: user_answer user_answer_question_id_62eab67d_fk_question_id; Type: FK CONSTRAINT; Schema: public; Owner: postgres
--

ALTER TABLE ONLY public.user_answer
    ADD CONSTRAINT user_answer_question_id_62eab67d_fk_question_id FOREIGN KEY (question_id) REFERENCES public.question(id) DEFERRABLE INITIALLY DEFERRED;


--
-- TOC entry 5043 (class 2606 OID 225498)
-- Name: user_answer user_answer_user_id_c5d32cc6_fk_user_id; Type: FK CONSTRAINT; Schema: public; Owner: postgres
--

ALTER TABLE ONLY public.user_answer
    ADD CONSTRAINT user_answer_user_id_c5d32cc6_fk_user_id FOREIGN KEY (user_id) REFERENCES public."user"(id) DEFERRABLE INITIALLY DEFERRED;


--
-- TOC entry 5044 (class 2606 OID 225505)
-- Name: user_course user_course_course_id_01715d98_fk_course_id; Type: FK CONSTRAINT; Schema: public; Owner: postgres
--

ALTER TABLE ONLY public.user_course
    ADD CONSTRAINT user_course_course_id_01715d98_fk_course_id FOREIGN KEY (course_id) REFERENCES public.course(id) DEFERRABLE INITIALLY DEFERRED;


--
-- TOC entry 5045 (class 2606 OID 225510)
-- Name: user_course user_course_user_id_496a571e_fk_user_id; Type: FK CONSTRAINT; Schema: public; Owner: postgres
--

ALTER TABLE ONLY public.user_course
    ADD CONSTRAINT user_course_user_id_496a571e_fk_user_id FOREIGN KEY (user_id) REFERENCES public."user"(id) DEFERRABLE INITIALLY DEFERRED;


--
-- TOC entry 5021 (class 2606 OID 225371)
-- Name: user_groups user_groups_group_id_b76f8aba_fk_auth_group_id; Type: FK CONSTRAINT; Schema: public; Owner: postgres
--

ALTER TABLE ONLY public.user_groups
    ADD CONSTRAINT user_groups_group_id_b76f8aba_fk_auth_group_id FOREIGN KEY (group_id) REFERENCES public.auth_group(id) DEFERRABLE INITIALLY DEFERRED;


--
-- TOC entry 5022 (class 2606 OID 225366)
-- Name: user_groups user_groups_user_id_abaea130_fk_user_id; Type: FK CONSTRAINT; Schema: public; Owner: postgres
--

ALTER TABLE ONLY public.user_groups
    ADD CONSTRAINT user_groups_user_id_abaea130_fk_user_id FOREIGN KEY (user_id) REFERENCES public."user"(id) DEFERRABLE INITIALLY DEFERRED;


--
-- TOC entry 5047 (class 2606 OID 225523)
-- Name: user_matching_answer user_matching_answer_matching_pair_id_c1596c76_fk_matching_; Type: FK CONSTRAINT; Schema: public; Owner: postgres
--

ALTER TABLE ONLY public.user_matching_answer
    ADD CONSTRAINT user_matching_answer_matching_pair_id_c1596c76_fk_matching_ FOREIGN KEY (matching_pair_id) REFERENCES public.matching_pair(id) DEFERRABLE INITIALLY DEFERRED;


--
-- TOC entry 5048 (class 2606 OID 225528)
-- Name: user_matching_answer user_matching_answer_user_answer_id_d6d41324_fk_user_answer_id; Type: FK CONSTRAINT; Schema: public; Owner: postgres
--

ALTER TABLE ONLY public.user_matching_answer
    ADD CONSTRAINT user_matching_answer_user_answer_id_d6d41324_fk_user_answer_id FOREIGN KEY (user_answer_id) REFERENCES public.user_answer(id) DEFERRABLE INITIALLY DEFERRED;


--
-- TOC entry 5049 (class 2606 OID 225535)
-- Name: user_practical_assignment user_practical_assig_practical_assignment_5ed6e43d_fk_practical; Type: FK CONSTRAINT; Schema: public; Owner: postgres
--

ALTER TABLE ONLY public.user_practical_assignment
    ADD CONSTRAINT user_practical_assig_practical_assignment_5ed6e43d_fk_practical FOREIGN KEY (practical_assignment_id) REFERENCES public.practical_assignment(id) DEFERRABLE INITIALLY DEFERRED;


--
-- TOC entry 5050 (class 2606 OID 225540)
-- Name: user_practical_assignment user_practical_assig_submission_status_id_db7a08be_fk_assignmen; Type: FK CONSTRAINT; Schema: public; Owner: postgres
--

ALTER TABLE ONLY public.user_practical_assignment
    ADD CONSTRAINT user_practical_assig_submission_status_id_db7a08be_fk_assignmen FOREIGN KEY (submission_status_id) REFERENCES public.assignment_status(id) DEFERRABLE INITIALLY DEFERRED;


--
-- TOC entry 5051 (class 2606 OID 225545)
-- Name: user_practical_assignment user_practical_assignment_user_id_ebf31370_fk_user_id; Type: FK CONSTRAINT; Schema: public; Owner: postgres
--

ALTER TABLE ONLY public.user_practical_assignment
    ADD CONSTRAINT user_practical_assignment_user_id_ebf31370_fk_user_id FOREIGN KEY (user_id) REFERENCES public."user"(id) DEFERRABLE INITIALLY DEFERRED;


--
-- TOC entry 5020 (class 2606 OID 225210)
-- Name: user user_role_id_c3a87a3d_fk_role_id; Type: FK CONSTRAINT; Schema: public; Owner: postgres
--

ALTER TABLE ONLY public."user"
    ADD CONSTRAINT user_role_id_c3a87a3d_fk_role_id FOREIGN KEY (role_id) REFERENCES public.role(id) DEFERRABLE INITIALLY DEFERRED;


--
-- TOC entry 5055 (class 2606 OID 225570)
-- Name: user_selected_choice user_selected_choice_choice_option_id_a2738e8a_fk_choice_op; Type: FK CONSTRAINT; Schema: public; Owner: postgres
--

ALTER TABLE ONLY public.user_selected_choice
    ADD CONSTRAINT user_selected_choice_choice_option_id_a2738e8a_fk_choice_op FOREIGN KEY (choice_option_id) REFERENCES public.choice_option(id) DEFERRABLE INITIALLY DEFERRED;


--
-- TOC entry 5056 (class 2606 OID 225575)
-- Name: user_selected_choice user_selected_choice_user_answer_id_1f8ac803_fk_user_answer_id; Type: FK CONSTRAINT; Schema: public; Owner: postgres
--

ALTER TABLE ONLY public.user_selected_choice
    ADD CONSTRAINT user_selected_choice_user_answer_id_1f8ac803_fk_user_answer_id FOREIGN KEY (user_answer_id) REFERENCES public.user_answer(id) DEFERRABLE INITIALLY DEFERRED;


--
-- TOC entry 5023 (class 2606 OID 225385)
-- Name: user_user_permissions user_user_permission_permission_id_9deb68a3_fk_auth_perm; Type: FK CONSTRAINT; Schema: public; Owner: postgres
--

ALTER TABLE ONLY public.user_user_permissions
    ADD CONSTRAINT user_user_permission_permission_id_9deb68a3_fk_auth_perm FOREIGN KEY (permission_id) REFERENCES public.auth_permission(id) DEFERRABLE INITIALLY DEFERRED;


--
-- TOC entry 5024 (class 2606 OID 225380)
-- Name: user_user_permissions user_user_permissions_user_id_ed4a47ea_fk_user_id; Type: FK CONSTRAINT; Schema: public; Owner: postgres
--

ALTER TABLE ONLY public.user_user_permissions
    ADD CONSTRAINT user_user_permissions_user_id_ed4a47ea_fk_user_id FOREIGN KEY (user_id) REFERENCES public."user"(id) DEFERRABLE INITIALLY DEFERRED;


-- Completed on 2026-03-16 00:45:51

--
-- PostgreSQL database dump complete
--

