--
-- PostgreSQL database dump
--

-- Dumped from database version 16.3
-- Dumped by pg_dump version 16.3

SET statement_timeout = 0;
SET lock_timeout = 0;
SET idle_in_transaction_session_timeout = 0;
SET client_encoding = 'UTF8';
SET standard_conforming_strings = on;
SELECT pg_catalog.set_config('search_path', '', false);
SET check_function_bodies = false;
SET xmloption = content;
SET client_min_messages = warning;
SET row_security = off;

SET default_tablespace = '';

SET default_table_access_method = heap;

--
-- Name: answer_type; Type: TABLE; Schema: public; Owner: postgres
--

CREATE TABLE public.answer_type (
    id bigint NOT NULL,
    answer_type_name character varying(50) NOT NULL,
    answer_type_description text
);


ALTER TABLE public.answer_type OWNER TO postgres;

--
-- Name: answer_type_id_seq; Type: SEQUENCE; Schema: public; Owner: postgres
--

ALTER TABLE public.answer_type ALTER COLUMN id ADD GENERATED BY DEFAULT AS IDENTITY (
    SEQUENCE NAME public.answer_type_id_seq
    START WITH 1
    INCREMENT BY 1
    NO MINVALUE
    NO MAXVALUE
    CACHE 1
);


--
-- Name: assignment_status; Type: TABLE; Schema: public; Owner: postgres
--

CREATE TABLE public.assignment_status (
    id bigint NOT NULL,
    assignment_status_name character varying(50) NOT NULL,
    CONSTRAINT assignment_status_valid_chars CHECK (((assignment_status_name)::text ~ '^[а-яА-Яa-zA-Z_\- ]+$'::text))
);


ALTER TABLE public.assignment_status OWNER TO postgres;

--
-- Name: assignment_status_id_seq; Type: SEQUENCE; Schema: public; Owner: postgres
--

ALTER TABLE public.assignment_status ALTER COLUMN id ADD GENERATED BY DEFAULT AS IDENTITY (
    SEQUENCE NAME public.assignment_status_id_seq
    START WITH 1
    INCREMENT BY 1
    NO MINVALUE
    NO MAXVALUE
    CACHE 1
);


--
-- Name: assignment_submission_file; Type: TABLE; Schema: public; Owner: postgres
--

CREATE TABLE public.assignment_submission_file (
    id bigint NOT NULL,
    file character varying(100) NOT NULL,
    uploaded_at timestamp with time zone NOT NULL,
    file_name character varying(255) NOT NULL,
    file_size bigint NOT NULL,
    description character varying(500),
    user_assignment_id bigint NOT NULL,
    CONSTRAINT assignment_file_size_check CHECK ((file_size >= 0))
);


ALTER TABLE public.assignment_submission_file OWNER TO postgres;

--
-- Name: assignment_submission_file_id_seq; Type: SEQUENCE; Schema: public; Owner: postgres
--

ALTER TABLE public.assignment_submission_file ALTER COLUMN id ADD GENERATED BY DEFAULT AS IDENTITY (
    SEQUENCE NAME public.assignment_submission_file_id_seq
    START WITH 1
    INCREMENT BY 1
    NO MINVALUE
    NO MAXVALUE
    CACHE 1
);


--
-- Name: auth_group; Type: TABLE; Schema: public; Owner: postgres
--

CREATE TABLE public.auth_group (
    id integer NOT NULL,
    name character varying(150) NOT NULL
);


ALTER TABLE public.auth_group OWNER TO postgres;

--
-- Name: auth_group_id_seq; Type: SEQUENCE; Schema: public; Owner: postgres
--

ALTER TABLE public.auth_group ALTER COLUMN id ADD GENERATED BY DEFAULT AS IDENTITY (
    SEQUENCE NAME public.auth_group_id_seq
    START WITH 1
    INCREMENT BY 1
    NO MINVALUE
    NO MAXVALUE
    CACHE 1
);


--
-- Name: auth_group_permissions; Type: TABLE; Schema: public; Owner: postgres
--

CREATE TABLE public.auth_group_permissions (
    id integer NOT NULL,
    group_id integer NOT NULL,
    permission_id integer NOT NULL
);


ALTER TABLE public.auth_group_permissions OWNER TO postgres;

--
-- Name: auth_group_permissions_id_seq; Type: SEQUENCE; Schema: public; Owner: postgres
--

ALTER TABLE public.auth_group_permissions ALTER COLUMN id ADD GENERATED BY DEFAULT AS IDENTITY (
    SEQUENCE NAME public.auth_group_permissions_id_seq
    START WITH 1
    INCREMENT BY 1
    NO MINVALUE
    NO MAXVALUE
    CACHE 1
);


--
-- Name: auth_permission; Type: TABLE; Schema: public; Owner: postgres
--

CREATE TABLE public.auth_permission (
    id integer NOT NULL,
    name character varying(255) NOT NULL,
    content_type_id integer NOT NULL,
    codename character varying(100) NOT NULL
);


ALTER TABLE public.auth_permission OWNER TO postgres;

--
-- Name: auth_permission_id_seq; Type: SEQUENCE; Schema: public; Owner: postgres
--

ALTER TABLE public.auth_permission ALTER COLUMN id ADD GENERATED BY DEFAULT AS IDENTITY (
    SEQUENCE NAME public.auth_permission_id_seq
    START WITH 1
    INCREMENT BY 1
    NO MINVALUE
    NO MAXVALUE
    CACHE 1
);


--
-- Name: certificate; Type: TABLE; Schema: public; Owner: postgres
--

CREATE TABLE public.certificate (
    id bigint NOT NULL,
    certificate_number character varying(50) NOT NULL,
    issue_date date NOT NULL,
    certificate_file_path character varying(500),
    user_course_id bigint NOT NULL,
    CONSTRAINT certificate_number_format CHECK (((certificate_number)::text ~ '^[A-Z0-9\-_]+$'::text))
);


ALTER TABLE public.certificate OWNER TO postgres;

--
-- Name: certificate_id_seq; Type: SEQUENCE; Schema: public; Owner: postgres
--

ALTER TABLE public.certificate ALTER COLUMN id ADD GENERATED BY DEFAULT AS IDENTITY (
    SEQUENCE NAME public.certificate_id_seq
    START WITH 1
    INCREMENT BY 1
    NO MINVALUE
    NO MAXVALUE
    CACHE 1
);


--
-- Name: choice_option; Type: TABLE; Schema: public; Owner: postgres
--

CREATE TABLE public.choice_option (
    id bigint NOT NULL,
    option_text text NOT NULL,
    is_correct boolean NOT NULL,
    question_id bigint NOT NULL
);


ALTER TABLE public.choice_option OWNER TO postgres;

--
-- Name: choice_option_id_seq; Type: SEQUENCE; Schema: public; Owner: postgres
--

ALTER TABLE public.choice_option ALTER COLUMN id ADD GENERATED BY DEFAULT AS IDENTITY (
    SEQUENCE NAME public.choice_option_id_seq
    START WITH 1
    INCREMENT BY 1
    NO MINVALUE
    NO MAXVALUE
    CACHE 1
);


--
-- Name: course; Type: TABLE; Schema: public; Owner: postgres
--

CREATE TABLE public.course (
    id bigint NOT NULL,
    course_name character varying(200) NOT NULL,
    course_description text,
    course_price numeric(10,2),
    course_photo_path character varying(100),
    has_certificate boolean NOT NULL,
    course_max_places integer,
    course_hours integer NOT NULL,
    is_completed boolean NOT NULL,
    code_link character varying(200),
    is_active boolean NOT NULL,
    created_at timestamp with time zone NOT NULL,
    created_by_id bigint,
    course_category_id bigint,
    course_type_id bigint NOT NULL,
    CONSTRAINT course_hours_positive_check CHECK ((course_hours > 0)),
    CONSTRAINT course_max_places_positive_check CHECK (((course_max_places IS NULL) OR (course_max_places > 0))),
    CONSTRAINT course_price_non_negative_check CHECK (((course_price IS NULL) OR (course_price >= (0)::numeric)))
);


ALTER TABLE public.course OWNER TO postgres;

--
-- Name: course_category; Type: TABLE; Schema: public; Owner: postgres
--

CREATE TABLE public.course_category (
    id bigint NOT NULL,
    course_category_name character varying(100) NOT NULL,
    CONSTRAINT course_category_name_valid_chars CHECK (((course_category_name)::text ~ '^[а-яА-Яa-zA-Z0-9_\- ]+$'::text)),
    CONSTRAINT course_category_not_only_spaces CHECK ((NOT ((course_category_name)::text ~ '^\s*$'::text)))
);


ALTER TABLE public.course_category OWNER TO postgres;

--
-- Name: course_category_id_seq; Type: SEQUENCE; Schema: public; Owner: postgres
--

ALTER TABLE public.course_category ALTER COLUMN id ADD GENERATED BY DEFAULT AS IDENTITY (
    SEQUENCE NAME public.course_category_id_seq
    START WITH 1
    INCREMENT BY 1
    NO MINVALUE
    NO MAXVALUE
    CACHE 1
);


--
-- Name: course_id_seq; Type: SEQUENCE; Schema: public; Owner: postgres
--

ALTER TABLE public.course ALTER COLUMN id ADD GENERATED BY DEFAULT AS IDENTITY (
    SEQUENCE NAME public.course_id_seq
    START WITH 1
    INCREMENT BY 1
    NO MINVALUE
    NO MAXVALUE
    CACHE 1
);


--
-- Name: course_teacher; Type: TABLE; Schema: public; Owner: postgres
--

CREATE TABLE public.course_teacher (
    id bigint NOT NULL,
    start_date date,
    is_active boolean NOT NULL,
    course_id bigint NOT NULL,
    teacher_id bigint NOT NULL,
    CONSTRAINT course_teacher_start_date_future_check CHECK (((start_date IS NULL) OR (start_date >= '2026-03-02'::date)))
);


ALTER TABLE public.course_teacher OWNER TO postgres;

--
-- Name: course_teacher_id_seq; Type: SEQUENCE; Schema: public; Owner: postgres
--

ALTER TABLE public.course_teacher ALTER COLUMN id ADD GENERATED BY DEFAULT AS IDENTITY (
    SEQUENCE NAME public.course_teacher_id_seq
    START WITH 1
    INCREMENT BY 1
    NO MINVALUE
    NO MAXVALUE
    CACHE 1
);


--
-- Name: course_type; Type: TABLE; Schema: public; Owner: postgres
--

CREATE TABLE public.course_type (
    id bigint NOT NULL,
    course_type_name character varying(100) NOT NULL,
    course_type_description text
);


ALTER TABLE public.course_type OWNER TO postgres;

--
-- Name: course_type_id_seq; Type: SEQUENCE; Schema: public; Owner: postgres
--

ALTER TABLE public.course_type ALTER COLUMN id ADD GENERATED BY DEFAULT AS IDENTITY (
    SEQUENCE NAME public.course_type_id_seq
    START WITH 1
    INCREMENT BY 1
    NO MINVALUE
    NO MAXVALUE
    CACHE 1
);


--
-- Name: django_admin_log; Type: TABLE; Schema: public; Owner: postgres
--

CREATE TABLE public.django_admin_log (
    id integer NOT NULL,
    action_time timestamp with time zone NOT NULL,
    object_id text,
    object_repr character varying(200) NOT NULL,
    action_flag smallint NOT NULL,
    change_message text NOT NULL,
    content_type_id integer,
    user_id bigint NOT NULL,
    CONSTRAINT django_admin_log_action_flag_check CHECK ((action_flag >= 0))
);


ALTER TABLE public.django_admin_log OWNER TO postgres;

--
-- Name: django_admin_log_id_seq; Type: SEQUENCE; Schema: public; Owner: postgres
--

ALTER TABLE public.django_admin_log ALTER COLUMN id ADD GENERATED BY DEFAULT AS IDENTITY (
    SEQUENCE NAME public.django_admin_log_id_seq
    START WITH 1
    INCREMENT BY 1
    NO MINVALUE
    NO MAXVALUE
    CACHE 1
);


--
-- Name: django_content_type; Type: TABLE; Schema: public; Owner: postgres
--

CREATE TABLE public.django_content_type (
    id integer NOT NULL,
    app_label character varying(100) NOT NULL,
    model character varying(100) NOT NULL
);


ALTER TABLE public.django_content_type OWNER TO postgres;

--
-- Name: django_content_type_id_seq; Type: SEQUENCE; Schema: public; Owner: postgres
--

ALTER TABLE public.django_content_type ALTER COLUMN id ADD GENERATED BY DEFAULT AS IDENTITY (
    SEQUENCE NAME public.django_content_type_id_seq
    START WITH 1
    INCREMENT BY 1
    NO MINVALUE
    NO MAXVALUE
    CACHE 1
);


--
-- Name: django_migrations; Type: TABLE; Schema: public; Owner: postgres
--

CREATE TABLE public.django_migrations (
    id integer NOT NULL,
    app character varying(255) NOT NULL,
    name character varying(255) NOT NULL,
    applied timestamp with time zone NOT NULL
);


ALTER TABLE public.django_migrations OWNER TO postgres;

--
-- Name: django_migrations_id_seq; Type: SEQUENCE; Schema: public; Owner: postgres
--

ALTER TABLE public.django_migrations ALTER COLUMN id ADD GENERATED BY DEFAULT AS IDENTITY (
    SEQUENCE NAME public.django_migrations_id_seq
    START WITH 1
    INCREMENT BY 1
    NO MINVALUE
    NO MAXVALUE
    CACHE 1
);


--
-- Name: django_session; Type: TABLE; Schema: public; Owner: postgres
--

CREATE TABLE public.django_session (
    session_key character varying(40) NOT NULL,
    session_data text NOT NULL,
    expire_date timestamp with time zone NOT NULL
);


ALTER TABLE public.django_session OWNER TO postgres;

--
-- Name: feedback; Type: TABLE; Schema: public; Owner: postgres
--

CREATE TABLE public.feedback (
    id bigint NOT NULL,
    score integer,
    is_passed boolean,
    comment_feedback text,
    given_at timestamp with time zone NOT NULL,
    given_by_id bigint,
    user_practical_assignment_id bigint NOT NULL
);


ALTER TABLE public.feedback OWNER TO postgres;

--
-- Name: feedback_id_seq; Type: SEQUENCE; Schema: public; Owner: postgres
--

ALTER TABLE public.feedback ALTER COLUMN id ADD GENERATED BY DEFAULT AS IDENTITY (
    SEQUENCE NAME public.feedback_id_seq
    START WITH 1
    INCREMENT BY 1
    NO MINVALUE
    NO MAXVALUE
    CACHE 1
);


--
-- Name: lecture; Type: TABLE; Schema: public; Owner: postgres
--

CREATE TABLE public.lecture (
    id bigint NOT NULL,
    lecture_name character varying(200) NOT NULL,
    lecture_content text NOT NULL,
    lecture_document_path character varying(100),
    lecture_order integer NOT NULL,
    is_active boolean NOT NULL,
    created_at timestamp with time zone NOT NULL,
    updated_at timestamp with time zone NOT NULL,
    course_id bigint NOT NULL,
    CONSTRAINT lecture_order_positive_check CHECK ((lecture_order > 0))
);


ALTER TABLE public.lecture OWNER TO postgres;

--
-- Name: lecture_id_seq; Type: SEQUENCE; Schema: public; Owner: postgres
--

ALTER TABLE public.lecture ALTER COLUMN id ADD GENERATED BY DEFAULT AS IDENTITY (
    SEQUENCE NAME public.lecture_id_seq
    START WITH 1
    INCREMENT BY 1
    NO MINVALUE
    NO MAXVALUE
    CACHE 1
);


--
-- Name: matching_pair; Type: TABLE; Schema: public; Owner: postgres
--

CREATE TABLE public.matching_pair (
    id bigint NOT NULL,
    left_text text NOT NULL,
    right_text text NOT NULL,
    question_id bigint NOT NULL
);


ALTER TABLE public.matching_pair OWNER TO postgres;

--
-- Name: matching_pair_id_seq; Type: SEQUENCE; Schema: public; Owner: postgres
--

ALTER TABLE public.matching_pair ALTER COLUMN id ADD GENERATED BY DEFAULT AS IDENTITY (
    SEQUENCE NAME public.matching_pair_id_seq
    START WITH 1
    INCREMENT BY 1
    NO MINVALUE
    NO MAXVALUE
    CACHE 1
);


--
-- Name: password_reset_code; Type: TABLE; Schema: public; Owner: postgres
--

CREATE TABLE public.password_reset_code (
    id bigint NOT NULL,
    code character varying(6) NOT NULL,
    created_at timestamp with time zone NOT NULL,
    is_used boolean NOT NULL,
    user_id bigint NOT NULL,
    expires_at timestamp with time zone,
    CONSTRAINT password_reset_code_format_check CHECK (((code)::text ~ '^[0-9]{6}$'::text))
);


ALTER TABLE public.password_reset_code OWNER TO postgres;

--
-- Name: password_reset_code_id_seq; Type: SEQUENCE; Schema: public; Owner: postgres
--

ALTER TABLE public.password_reset_code ALTER COLUMN id ADD GENERATED BY DEFAULT AS IDENTITY (
    SEQUENCE NAME public.password_reset_code_id_seq
    START WITH 1
    INCREMENT BY 1
    NO MINVALUE
    NO MAXVALUE
    CACHE 1
);


--
-- Name: practical_assignment; Type: TABLE; Schema: public; Owner: postgres
--

CREATE TABLE public.practical_assignment (
    id bigint NOT NULL,
    practical_assignment_name character varying(200) NOT NULL,
    practical_assignment_description text NOT NULL,
    assignment_document_path character varying(100),
    assignment_criteria text,
    assignment_deadline timestamp with time zone,
    grading_type character varying(20) NOT NULL,
    max_score integer,
    is_active boolean NOT NULL,
    created_at timestamp with time zone NOT NULL,
    updated_at timestamp with time zone NOT NULL,
    is_can_pin_after_deadline boolean NOT NULL,
    lecture_id bigint NOT NULL,
    passing_score integer,
    CONSTRAINT grading_type_check CHECK (((grading_type)::text = ANY ((ARRAY['points'::character varying, 'pass_fail'::character varying])::text[]))),
    CONSTRAINT max_score_required_for_points_check CHECK (((NOT ((grading_type)::text = 'points'::text)) OR ((max_score IS NOT NULL) AND (max_score > 0)))),
    CONSTRAINT passing_score_non_negative_check CHECK (((passing_score IS NULL) OR (passing_score >= 0)))
);


ALTER TABLE public.practical_assignment OWNER TO postgres;

--
-- Name: practical_assignment_id_seq; Type: SEQUENCE; Schema: public; Owner: postgres
--

ALTER TABLE public.practical_assignment ALTER COLUMN id ADD GENERATED BY DEFAULT AS IDENTITY (
    SEQUENCE NAME public.practical_assignment_id_seq
    START WITH 1
    INCREMENT BY 1
    NO MINVALUE
    NO MAXVALUE
    CACHE 1
);


--
-- Name: question; Type: TABLE; Schema: public; Owner: postgres
--

CREATE TABLE public.question (
    id bigint NOT NULL,
    question_text text NOT NULL,
    question_score integer NOT NULL,
    correct_text text,
    question_order integer NOT NULL,
    answer_type_id bigint NOT NULL,
    test_id bigint NOT NULL,
    CONSTRAINT question_order_check CHECK ((question_order > 0)),
    CONSTRAINT question_score_check CHECK ((question_score >= 0))
);


ALTER TABLE public.question OWNER TO postgres;

--
-- Name: question_id_seq; Type: SEQUENCE; Schema: public; Owner: postgres
--

ALTER TABLE public.question ALTER COLUMN id ADD GENERATED BY DEFAULT AS IDENTITY (
    SEQUENCE NAME public.question_id_seq
    START WITH 1
    INCREMENT BY 1
    NO MINVALUE
    NO MAXVALUE
    CACHE 1
);


--
-- Name: review; Type: TABLE; Schema: public; Owner: postgres
--

CREATE TABLE public.review (
    id bigint NOT NULL,
    rating integer NOT NULL,
    publish_date timestamp with time zone NOT NULL,
    comment_review text,
    is_approved boolean NOT NULL,
    course_id bigint NOT NULL,
    user_id bigint NOT NULL,
    CONSTRAINT review_rating_range_check CHECK (((rating >= 1) AND (rating <= 5)))
);


ALTER TABLE public.review OWNER TO postgres;

--
-- Name: review_id_seq; Type: SEQUENCE; Schema: public; Owner: postgres
--

ALTER TABLE public.review ALTER COLUMN id ADD GENERATED BY DEFAULT AS IDENTITY (
    SEQUENCE NAME public.review_id_seq
    START WITH 1
    INCREMENT BY 1
    NO MINVALUE
    NO MAXVALUE
    CACHE 1
);


--
-- Name: role; Type: TABLE; Schema: public; Owner: postgres
--

CREATE TABLE public.role (
    id bigint NOT NULL,
    role_name character varying(40) NOT NULL,
    CONSTRAINT role_length_check CHECK (((role_name)::text ~ '^.{3,40}$'::text)),
    CONSTRAINT role_not_only_spaces CHECK ((NOT ((role_name)::text ~ '^\s*$'::text))),
    CONSTRAINT role_valid_chars CHECK (((role_name)::text ~ '^[а-яА-Яa-zA-Z_\- ]+$'::text))
);


ALTER TABLE public.role OWNER TO postgres;

--
-- Name: role_id_seq; Type: SEQUENCE; Schema: public; Owner: postgres
--

ALTER TABLE public.role ALTER COLUMN id ADD GENERATED BY DEFAULT AS IDENTITY (
    SEQUENCE NAME public.role_id_seq
    START WITH 1
    INCREMENT BY 1
    NO MINVALUE
    NO MAXVALUE
    CACHE 1
);


--
-- Name: teacher_assignment_file; Type: TABLE; Schema: public; Owner: postgres
--

CREATE TABLE public.teacher_assignment_file (
    id bigint NOT NULL,
    file_path character varying(500) NOT NULL,
    original_filename character varying(255) NOT NULL,
    file_type character varying(20) NOT NULL,
    uploaded_at timestamp with time zone NOT NULL,
    file_size bigint NOT NULL,
    is_active boolean NOT NULL,
    practical_assignment_id bigint NOT NULL,
    uploaded_by_id bigint,
    CONSTRAINT teacher_file_type_check CHECK (((file_type)::text = ANY ((ARRAY['example'::character varying, 'material'::character varying, 'correction'::character varying, 'template'::character varying, 'other'::character varying])::text[])))
);


ALTER TABLE public.teacher_assignment_file OWNER TO postgres;

--
-- Name: teacher_assignment_file_id_seq; Type: SEQUENCE; Schema: public; Owner: postgres
--

ALTER TABLE public.teacher_assignment_file ALTER COLUMN id ADD GENERATED BY DEFAULT AS IDENTITY (
    SEQUENCE NAME public.teacher_assignment_file_id_seq
    START WITH 1
    INCREMENT BY 1
    NO MINVALUE
    NO MAXVALUE
    CACHE 1
);


--
-- Name: test; Type: TABLE; Schema: public; Owner: postgres
--

CREATE TABLE public.test (
    id bigint NOT NULL,
    test_name character varying(200) NOT NULL,
    test_description text,
    is_final boolean NOT NULL,
    max_attempts integer,
    grading_form character varying(20) NOT NULL,
    passing_score integer,
    is_active boolean NOT NULL,
    created_at timestamp with time zone NOT NULL,
    updated_at timestamp with time zone NOT NULL,
    lecture_id bigint NOT NULL,
    CONSTRAINT test_grading_form_check CHECK (((grading_form)::text = ANY ((ARRAY['points'::character varying, 'pass_fail'::character varying])::text[]))),
    CONSTRAINT test_max_attempts_check CHECK (((max_attempts IS NULL) OR (max_attempts > 0)))
);


ALTER TABLE public.test OWNER TO postgres;

--
-- Name: test_id_seq; Type: SEQUENCE; Schema: public; Owner: postgres
--

ALTER TABLE public.test ALTER COLUMN id ADD GENERATED BY DEFAULT AS IDENTITY (
    SEQUENCE NAME public.test_id_seq
    START WITH 1
    INCREMENT BY 1
    NO MINVALUE
    NO MAXVALUE
    CACHE 1
);


--
-- Name: test_result; Type: TABLE; Schema: public; Owner: postgres
--

CREATE TABLE public.test_result (
    id bigint NOT NULL,
    completion_date timestamp with time zone NOT NULL,
    final_score integer,
    is_passed boolean,
    attempt_number integer NOT NULL,
    time_spent integer,
    test_id bigint NOT NULL,
    user_id bigint NOT NULL,
    CONSTRAINT test_result_attempt_number_check CHECK ((attempt_number > 0)),
    CONSTRAINT test_result_time_spent_check CHECK (((time_spent IS NULL) OR ((time_spent >= 0) AND (time_spent <= 86400))))
);


ALTER TABLE public.test_result OWNER TO postgres;

--
-- Name: test_result_id_seq; Type: SEQUENCE; Schema: public; Owner: postgres
--

ALTER TABLE public.test_result ALTER COLUMN id ADD GENERATED BY DEFAULT AS IDENTITY (
    SEQUENCE NAME public.test_result_id_seq
    START WITH 1
    INCREMENT BY 1
    NO MINVALUE
    NO MAXVALUE
    CACHE 1
);


--
-- Name: user; Type: TABLE; Schema: public; Owner: postgres
--

CREATE TABLE public."user" (
    id bigint NOT NULL,
    password character varying(128) NOT NULL,
    last_login timestamp with time zone,
    is_superuser boolean NOT NULL,
    is_staff boolean NOT NULL,
    is_active boolean NOT NULL,
    date_joined timestamp with time zone NOT NULL,
    first_name character varying(50) NOT NULL,
    last_name character varying(50) NOT NULL,
    email character varying(254) NOT NULL,
    username character varying(150) NOT NULL,
    patronymic character varying(50),
    is_verified boolean NOT NULL,
    "position" character varying(100),
    educational_institution character varying(100),
    certificate_file character varying(100),
    role_id bigint,
    is_light_theme boolean NOT NULL,
    CONSTRAINT user_email_format CHECK (((email)::text ~ '^[a-zA-Z0-9._%+-]+@[a-zA-Z0-9.-]+\.[a-zA-Z]{2,}$'::text)),
    CONSTRAINT user_first_name_format CHECK (((first_name)::text ~ '^[а-яА-Яa-zA-Z\- ]+$'::text)),
    CONSTRAINT user_last_name_format CHECK (((last_name)::text ~ '^[а-яА-Яa-zA-Z\- ]+$'::text)),
    CONSTRAINT user_username_format CHECK (((username)::text ~ '^[\w.@-]+$'::text))
);


ALTER TABLE public."user" OWNER TO postgres;

--
-- Name: user_answer; Type: TABLE; Schema: public; Owner: postgres
--

CREATE TABLE public.user_answer (
    id bigint NOT NULL,
    answer_text text,
    answer_date timestamp with time zone NOT NULL,
    attempt_number integer NOT NULL,
    score integer,
    question_id bigint NOT NULL,
    user_id bigint NOT NULL,
    CONSTRAINT user_answer_attempt_number_check CHECK ((attempt_number > 0)),
    CONSTRAINT user_answer_score_check CHECK (((score IS NULL) OR (score >= 0)))
);


ALTER TABLE public.user_answer OWNER TO postgres;

--
-- Name: user_answer_id_seq; Type: SEQUENCE; Schema: public; Owner: postgres
--

ALTER TABLE public.user_answer ALTER COLUMN id ADD GENERATED BY DEFAULT AS IDENTITY (
    SEQUENCE NAME public.user_answer_id_seq
    START WITH 1
    INCREMENT BY 1
    NO MINVALUE
    NO MAXVALUE
    CACHE 1
);


--
-- Name: user_course; Type: TABLE; Schema: public; Owner: postgres
--

CREATE TABLE public.user_course (
    id bigint NOT NULL,
    registration_date date NOT NULL,
    status_course boolean NOT NULL,
    payment_date timestamp with time zone,
    completion_date date,
    course_price numeric(10,2),
    is_active boolean NOT NULL,
    enrolled_at timestamp with time zone NOT NULL,
    course_id bigint NOT NULL,
    user_id bigint NOT NULL,
    payment_id character varying(255),
    CONSTRAINT user_course_completion_date_check CHECK (((completion_date IS NULL) OR (completion_date >= registration_date))),
    CONSTRAINT user_course_completion_date_required_check CHECK (((NOT status_course) OR (completion_date IS NOT NULL))),
    CONSTRAINT user_course_price_non_negative_check CHECK (((course_price IS NULL) OR (course_price >= (0)::numeric)))
);


ALTER TABLE public.user_course OWNER TO postgres;

--
-- Name: user_course_id_seq; Type: SEQUENCE; Schema: public; Owner: postgres
--

ALTER TABLE public.user_course ALTER COLUMN id ADD GENERATED BY DEFAULT AS IDENTITY (
    SEQUENCE NAME public.user_course_id_seq
    START WITH 1
    INCREMENT BY 1
    NO MINVALUE
    NO MAXVALUE
    CACHE 1
);


--
-- Name: user_groups; Type: TABLE; Schema: public; Owner: postgres
--

CREATE TABLE public.user_groups (
    id integer NOT NULL,
    user_id bigint NOT NULL,
    group_id integer NOT NULL
);


ALTER TABLE public.user_groups OWNER TO postgres;

--
-- Name: user_groups_id_seq; Type: SEQUENCE; Schema: public; Owner: postgres
--

ALTER TABLE public.user_groups ALTER COLUMN id ADD GENERATED BY DEFAULT AS IDENTITY (
    SEQUENCE NAME public.user_groups_id_seq
    START WITH 1
    INCREMENT BY 1
    NO MINVALUE
    NO MAXVALUE
    CACHE 1
);


--
-- Name: user_id_seq; Type: SEQUENCE; Schema: public; Owner: postgres
--

ALTER TABLE public."user" ALTER COLUMN id ADD GENERATED BY DEFAULT AS IDENTITY (
    SEQUENCE NAME public.user_id_seq
    START WITH 1
    INCREMENT BY 1
    NO MINVALUE
    NO MAXVALUE
    CACHE 1
);


--
-- Name: user_matching_answer; Type: TABLE; Schema: public; Owner: postgres
--

CREATE TABLE public.user_matching_answer (
    id bigint NOT NULL,
    user_selected_right_text text NOT NULL,
    selected_at timestamp with time zone NOT NULL,
    matching_pair_id bigint NOT NULL,
    user_answer_id bigint NOT NULL
);


ALTER TABLE public.user_matching_answer OWNER TO postgres;

--
-- Name: user_matching_answer_id_seq; Type: SEQUENCE; Schema: public; Owner: postgres
--

ALTER TABLE public.user_matching_answer ALTER COLUMN id ADD GENERATED BY DEFAULT AS IDENTITY (
    SEQUENCE NAME public.user_matching_answer_id_seq
    START WITH 1
    INCREMENT BY 1
    NO MINVALUE
    NO MAXVALUE
    CACHE 1
);


--
-- Name: user_practical_assignment; Type: TABLE; Schema: public; Owner: postgres
--

CREATE TABLE public.user_practical_assignment (
    id bigint NOT NULL,
    submission_date timestamp with time zone,
    attempt_number integer NOT NULL,
    comment text,
    submitted_at timestamp with time zone NOT NULL,
    practical_assignment_id bigint NOT NULL,
    submission_status_id bigint NOT NULL,
    user_id bigint NOT NULL,
    CONSTRAINT user_practical_assignment_attempt_number_check CHECK ((attempt_number > 0))
);


ALTER TABLE public.user_practical_assignment OWNER TO postgres;

--
-- Name: user_practical_assignment_id_seq; Type: SEQUENCE; Schema: public; Owner: postgres
--

ALTER TABLE public.user_practical_assignment ALTER COLUMN id ADD GENERATED BY DEFAULT AS IDENTITY (
    SEQUENCE NAME public.user_practical_assignment_id_seq
    START WITH 1
    INCREMENT BY 1
    NO MINVALUE
    NO MAXVALUE
    CACHE 1
);


--
-- Name: user_selected_choice; Type: TABLE; Schema: public; Owner: postgres
--

CREATE TABLE public.user_selected_choice (
    id bigint NOT NULL,
    selected_at timestamp with time zone NOT NULL,
    choice_option_id bigint NOT NULL,
    user_answer_id bigint NOT NULL
);


ALTER TABLE public.user_selected_choice OWNER TO postgres;

--
-- Name: user_selected_choice_id_seq; Type: SEQUENCE; Schema: public; Owner: postgres
--

ALTER TABLE public.user_selected_choice ALTER COLUMN id ADD GENERATED BY DEFAULT AS IDENTITY (
    SEQUENCE NAME public.user_selected_choice_id_seq
    START WITH 1
    INCREMENT BY 1
    NO MINVALUE
    NO MAXVALUE
    CACHE 1
);


--
-- Name: user_user_permissions; Type: TABLE; Schema: public; Owner: postgres
--

CREATE TABLE public.user_user_permissions (
    id integer NOT NULL,
    user_id bigint NOT NULL,
    permission_id integer NOT NULL
);


ALTER TABLE public.user_user_permissions OWNER TO postgres;

--
-- Name: user_user_permissions_id_seq; Type: SEQUENCE; Schema: public; Owner: postgres
--

ALTER TABLE public.user_user_permissions ALTER COLUMN id ADD GENERATED BY DEFAULT AS IDENTITY (
    SEQUENCE NAME public.user_user_permissions_id_seq
    START WITH 1
    INCREMENT BY 1
    NO MINVALUE
    NO MAXVALUE
    CACHE 1
);


--
-- Data for Name: answer_type; Type: TABLE DATA; Schema: public; Owner: postgres
--

COPY public.answer_type (id, answer_type_name, answer_type_description) FROM stdin;
1	один ответ	Вопрос с одним правильным ответом
2	несколько ответов	Вопрос с несколькими правильными ответами
3	текст	Текстовый ответ
4	сопоставление	Вопрос на сопоставление элементов
\.


--
-- Data for Name: assignment_status; Type: TABLE DATA; Schema: public; Owner: postgres
--

COPY public.assignment_status (id, assignment_status_name) FROM stdin;
1	завершено
2	на доработке
3	отклонено
4	просрочено
5	на проверке
\.


--
-- Data for Name: assignment_submission_file; Type: TABLE DATA; Schema: public; Owner: postgres
--

COPY public.assignment_submission_file (id, file, uploaded_at, file_name, file_size, description, user_assignment_id) FROM stdin;
\.


--
-- Data for Name: auth_group; Type: TABLE DATA; Schema: public; Owner: postgres
--

COPY public.auth_group (id, name) FROM stdin;
\.


--
-- Data for Name: auth_group_permissions; Type: TABLE DATA; Schema: public; Owner: postgres
--

COPY public.auth_group_permissions (id, group_id, permission_id) FROM stdin;
\.


--
-- Data for Name: auth_permission; Type: TABLE DATA; Schema: public; Owner: postgres
--

COPY public.auth_permission (id, name, content_type_id, codename) FROM stdin;
1	Can add log entry	1	add_logentry
2	Can change log entry	1	change_logentry
3	Can delete log entry	1	delete_logentry
4	Can view log entry	1	view_logentry
5	Can add permission	2	add_permission
6	Can change permission	2	change_permission
7	Can delete permission	2	delete_permission
8	Can view permission	2	view_permission
9	Can add group	3	add_group
10	Can change group	3	change_group
11	Can delete group	3	delete_group
12	Can view group	3	view_group
13	Can add content type	4	add_contenttype
14	Can change content type	4	change_contenttype
15	Can delete content type	4	delete_contenttype
16	Can view content type	4	view_contenttype
17	Can add session	5	add_session
18	Can change session	5	change_session
19	Can delete session	5	delete_session
20	Can view session	5	view_session
21	Can add Тип ответа	6	add_answertype
22	Can change Тип ответа	6	change_answertype
23	Can delete Тип ответа	6	delete_answertype
24	Can view Тип ответа	6	view_answertype
25	Can add Тип курса	7	add_coursetype
26	Can change Тип курса	7	change_coursetype
27	Can delete Тип курса	7	delete_coursetype
28	Can view Тип курса	7	view_coursetype
29	Can add Пользователь	8	add_user
30	Can change Пользователь	8	change_user
31	Can delete Пользователь	8	delete_user
32	Can view Пользователь	8	view_user
33	Can add Статус задания	9	add_assignmentstatus
34	Can change Статус задания	9	change_assignmentstatus
35	Can delete Статус задания	9	delete_assignmentstatus
36	Can view Статус задания	9	view_assignmentstatus
37	Can add Категория курса	10	add_coursecategory
38	Can change Категория курса	10	change_coursecategory
39	Can delete Категория курса	10	delete_coursecategory
40	Can view Категория курса	10	view_coursecategory
41	Can add Курс	11	add_course
42	Can change Курс	11	change_course
43	Can delete Курс	11	delete_course
44	Can view Курс	11	view_course
45	Can add Лекция	12	add_lecture
46	Can change Лекция	12	change_lecture
47	Can delete Лекция	12	delete_lecture
48	Can view Лекция	12	view_lecture
49	Can add Код восстановления пароля	13	add_passwordresetcode
50	Can change Код восстановления пароля	13	change_passwordresetcode
51	Can delete Код восстановления пароля	13	delete_passwordresetcode
52	Can view Код восстановления пароля	13	view_passwordresetcode
53	Can add Практическое задание	14	add_practicalassignment
54	Can change Практическое задание	14	change_practicalassignment
55	Can delete Практическое задание	14	delete_practicalassignment
56	Can view Практическое задание	14	view_practicalassignment
57	Can add Вопрос	15	add_question
58	Can change Вопрос	15	change_question
59	Can delete Вопрос	15	delete_question
60	Can view Вопрос	15	view_question
61	Can add Пара соответствия	16	add_matchingpair
62	Can change Пара соответствия	16	change_matchingpair
63	Can delete Пара соответствия	16	delete_matchingpair
64	Can view Пара соответствия	16	view_matchingpair
65	Can add Вариант ответа	17	add_choiceoption
66	Can change Вариант ответа	17	change_choiceoption
67	Can delete Вариант ответа	17	delete_choiceoption
68	Can view Вариант ответа	17	view_choiceoption
69	Can add Отзыв	18	add_review
70	Can change Отзыв	18	change_review
71	Can delete Отзыв	18	delete_review
72	Can view Отзыв	18	view_review
73	Can add Роль	19	add_role
74	Can change Роль	19	change_role
75	Can delete Роль	19	delete_role
76	Can view Роль	19	view_role
77	Can add Файл преподавателя к заданию	20	add_teacherassignmentfile
78	Can change Файл преподавателя к заданию	20	change_teacherassignmentfile
79	Can delete Файл преподавателя к заданию	20	delete_teacherassignmentfile
80	Can view Файл преподавателя к заданию	20	view_teacherassignmentfile
81	Can add Тест	21	add_test
82	Can change Тест	21	change_test
83	Can delete Тест	21	delete_test
84	Can view Тест	21	view_test
85	Can add Результат теста	22	add_testresult
86	Can change Результат теста	22	change_testresult
87	Can delete Результат теста	22	delete_testresult
88	Can view Результат теста	22	view_testresult
89	Can add Ответ пользователя	23	add_useranswer
90	Can change Ответ пользователя	23	change_useranswer
91	Can delete Ответ пользователя	23	delete_useranswer
92	Can view Ответ пользователя	23	view_useranswer
93	Can add Пользователь на курсе	24	add_usercourse
94	Can change Пользователь на курсе	24	change_usercourse
95	Can delete Пользователь на курсе	24	delete_usercourse
96	Can view Пользователь на курсе	24	view_usercourse
97	Can add Сертификат	25	add_certificate
98	Can change Сертификат	25	change_certificate
99	Can delete Сертификат	25	delete_certificate
100	Can view Сертификат	25	view_certificate
101	Can add Ответ на сопоставление	26	add_usermatchinganswer
102	Can change Ответ на сопоставление	26	change_usermatchinganswer
103	Can delete Ответ на сопоставление	26	delete_usermatchinganswer
104	Can view Ответ на сопоставление	26	view_usermatchinganswer
105	Can add Сдача практического задания	27	add_userpracticalassignment
106	Can change Сдача практического задания	27	change_userpracticalassignment
107	Can delete Сдача практического задания	27	delete_userpracticalassignment
108	Can view Сдача практического задания	27	view_userpracticalassignment
109	Can add Обратная связь	28	add_feedback
110	Can change Обратная связь	28	change_feedback
111	Can delete Обратная связь	28	delete_feedback
112	Can view Обратная связь	28	view_feedback
113	Can add Файл сдачи задания	29	add_assignmentsubmissionfile
114	Can change Файл сдачи задания	29	change_assignmentsubmissionfile
115	Can delete Файл сдачи задания	29	delete_assignmentsubmissionfile
116	Can view Файл сдачи задания	29	view_assignmentsubmissionfile
117	Can add Выбранный вариант	30	add_userselectedchoice
118	Can change Выбранный вариант	30	change_userselectedchoice
119	Can delete Выбранный вариант	30	delete_userselectedchoice
120	Can view Выбранный вариант	30	view_userselectedchoice
121	Can add Персонал курса	31	add_courseteacher
122	Can change Персонал курса	31	change_courseteacher
123	Can delete Персонал курса	31	delete_courseteacher
124	Can view Персонал курса	31	view_courseteacher
\.


--
-- Data for Name: certificate; Type: TABLE DATA; Schema: public; Owner: postgres
--

COPY public.certificate (id, certificate_number, issue_date, certificate_file_path, user_course_id) FROM stdin;
\.


--
-- Data for Name: choice_option; Type: TABLE DATA; Schema: public; Owner: postgres
--

COPY public.choice_option (id, option_text, is_correct, question_id) FROM stdin;
\.


--
-- Data for Name: course; Type: TABLE DATA; Schema: public; Owner: postgres
--

COPY public.course (id, course_name, course_description, course_price, course_photo_path, has_certificate, course_max_places, course_hours, is_completed, code_link, is_active, created_at, created_by_id, course_category_id, course_type_id) FROM stdin;
\.


--
-- Data for Name: course_category; Type: TABLE DATA; Schema: public; Owner: postgres
--

COPY public.course_category (id, course_category_name) FROM stdin;
1	физика
2	астрономия
3	математика
4	программирование
5	информационные технологии
6	литература
7	история
8	география
9	психология
10	алгебра
11	геометрия
12	информатика
13	музыка
14	дизайн
15	химия
16	биология
\.


--
-- Data for Name: course_teacher; Type: TABLE DATA; Schema: public; Owner: postgres
--

COPY public.course_teacher (id, start_date, is_active, course_id, teacher_id) FROM stdin;
\.


--
-- Data for Name: course_type; Type: TABLE DATA; Schema: public; Owner: postgres
--

COPY public.course_type (id, course_type_name, course_type_description) FROM stdin;
1	образовательная программа	Полноценная образовательная программа с учебным планом
2	профессиональная переподготовка	Программа профессиональной переподготовки для получения новой квалификации
3	классная комната	Интерактивная классная комната для проведения занятий, преимущественн используется преподавателями для своих учебных целей
4	подготовка к экзаменам	Курс подготовки к экзаменам и тестированиям, например ОГЭ, ЕГЭ, ДВИ в ВУЗы или же иные виды проверки уровня знаний
\.


--
-- Data for Name: django_admin_log; Type: TABLE DATA; Schema: public; Owner: postgres
--

COPY public.django_admin_log (id, action_time, object_id, object_repr, action_flag, change_message, content_type_id, user_id) FROM stdin;
\.


--
-- Data for Name: django_content_type; Type: TABLE DATA; Schema: public; Owner: postgres
--

COPY public.django_content_type (id, app_label, model) FROM stdin;
1	admin	logentry
2	auth	permission
3	auth	group
4	contenttypes	contenttype
5	sessions	session
6	unireax_main	answertype
7	unireax_main	coursetype
8	unireax_main	user
9	unireax_main	assignmentstatus
10	unireax_main	coursecategory
11	unireax_main	course
12	unireax_main	lecture
13	unireax_main	passwordresetcode
14	unireax_main	practicalassignment
15	unireax_main	question
16	unireax_main	matchingpair
17	unireax_main	choiceoption
18	unireax_main	review
19	unireax_main	role
20	unireax_main	teacherassignmentfile
21	unireax_main	test
22	unireax_main	testresult
23	unireax_main	useranswer
24	unireax_main	usercourse
25	unireax_main	certificate
26	unireax_main	usermatchinganswer
27	unireax_main	userpracticalassignment
28	unireax_main	feedback
29	unireax_main	assignmentsubmissionfile
30	unireax_main	userselectedchoice
31	unireax_main	courseteacher
\.


--
-- Data for Name: django_migrations; Type: TABLE DATA; Schema: public; Owner: postgres
--

COPY public.django_migrations (id, app, name, applied) FROM stdin;
1	contenttypes	0001_initial	2026-03-16 00:36:05.09167+03
2	contenttypes	0002_remove_content_type_name	2026-03-16 00:36:05.101005+03
3	auth	0001_initial	2026-03-16 00:36:05.166923+03
4	auth	0002_alter_permission_name_max_length	2026-03-16 00:36:05.172062+03
5	auth	0003_alter_user_email_max_length	2026-03-16 00:36:05.175711+03
6	auth	0004_alter_user_username_opts	2026-03-16 00:36:05.179834+03
7	auth	0005_alter_user_last_login_null	2026-03-16 00:36:05.183711+03
8	auth	0006_require_contenttypes_0002	2026-03-16 00:36:05.186712+03
9	auth	0007_alter_validators_add_error_messages	2026-03-16 00:36:05.19271+03
10	auth	0008_alter_user_username_max_length	2026-03-16 00:36:05.197713+03
11	auth	0009_alter_user_last_name_max_length	2026-03-16 00:36:05.201715+03
12	auth	0010_alter_group_name_max_length	2026-03-16 00:36:05.210711+03
13	auth	0011_update_proxy_permissions	2026-03-16 00:36:05.216712+03
14	auth	0012_alter_user_first_name_max_length	2026-03-16 00:36:05.222857+03
15	unireax_main	0001_initial	2026-03-16 00:36:06.43741+03
16	admin	0001_initial	2026-03-16 00:36:06.507857+03
17	admin	0002_logentry_remove_auto_add	2026-03-16 00:36:06.519779+03
18	admin	0003_logentry_add_action_flag_choices	2026-03-16 00:36:06.534646+03
19	sessions	0001_initial	2026-03-16 00:36:06.555651+03
20	unireax_main	0002_remove_courseteacher_course_teacher_start_date_future_check_and_more	2026-03-16 00:36:06.649655+03
21	unireax_main	0003_alter_course_options_and_more	2026-03-16 00:36:06.732064+03
22	unireax_main	0004_remove_usercourse_user_course_registration_date_past_check_and_more	2026-03-16 00:36:06.81489+03
23	unireax_main	0005_remove_courseteacher_course_teacher_start_date_future_check_and_more	2026-03-16 00:36:06.874913+03
24	unireax_main	0006_remove_courseteacher_course_teacher_start_date_future_check_and_more	2026-03-16 00:36:06.913227+03
25	unireax_main	0007_remove_courseteacher_course_teacher_start_date_future_check_and_more	2026-03-16 00:36:06.94384+03
26	unireax_main	0008_usercourse_payment_id	2026-03-16 00:36:06.964842+03
27	unireax_main	0009_delete_viewassignmentsubmissions_and_more	2026-03-16 00:36:07.001844+03
\.


--
-- Data for Name: django_session; Type: TABLE DATA; Schema: public; Owner: postgres
--

COPY public.django_session (session_key, session_data, expire_date) FROM stdin;
3vt04qjbjr4cracac2vemlop341vnu6g	.eJxVjMEOwiAQBf-FsyFAlwI9evcbCLBbixowpU00xn_XJj3o9c28eTEf1mXya6PZZ2QDk-zwu8WQrlQ2gJdQzpWnWpY5R74pfKeNnyrS7bi7f4EptOn7drYHY3BMnQNUUiKh1Ag4KiKtQLoIYLWBgIJMTLojK8FGEq7rlbXjFm3UWq7F0-Oe5ycbpBKuF-L9AfhiP_s:1w1t97:BQC4g2XzPqJO_bBfJKFj6_a0S9T2hgK3EeHMDOanDgs	2026-03-30 00:37:13.087338+03
lb4o5vv744e572eremwr72osvalve06j	.eJxVjMEOwiAQBf-FsyFAlwI9evcbCLBbixowpU00xn_XJj3o9c28eTEf1mXya6PZZ2QDk-zwu8WQrlQ2gJdQzpWnWpY5R74pfKeNnyrS7bi7f4EptOn7drYHY3BMnQNUUiKh1Ag4KiKtQLoIYLWBgIJMTLojK8FGEq7rlbXjFm3UWq7F0-Oe5ycbpBKuF-L9AfhiP_s:1w1tIm:7ufZqz2gnYnf7QYPoBjIsckfm2zn4F8zQqCrz8lEIac	2026-03-30 00:47:12.560486+03
\.


--
-- Data for Name: feedback; Type: TABLE DATA; Schema: public; Owner: postgres
--

COPY public.feedback (id, score, is_passed, comment_feedback, given_at, given_by_id, user_practical_assignment_id) FROM stdin;
\.


--
-- Data for Name: lecture; Type: TABLE DATA; Schema: public; Owner: postgres
--

COPY public.lecture (id, lecture_name, lecture_content, lecture_document_path, lecture_order, is_active, created_at, updated_at, course_id) FROM stdin;
\.


--
-- Data for Name: matching_pair; Type: TABLE DATA; Schema: public; Owner: postgres
--

COPY public.matching_pair (id, left_text, right_text, question_id) FROM stdin;
\.


--
-- Data for Name: password_reset_code; Type: TABLE DATA; Schema: public; Owner: postgres
--

COPY public.password_reset_code (id, code, created_at, is_used, user_id, expires_at) FROM stdin;
\.


--
-- Data for Name: practical_assignment; Type: TABLE DATA; Schema: public; Owner: postgres
--

COPY public.practical_assignment (id, practical_assignment_name, practical_assignment_description, assignment_document_path, assignment_criteria, assignment_deadline, grading_type, max_score, is_active, created_at, updated_at, is_can_pin_after_deadline, lecture_id, passing_score) FROM stdin;
\.


--
-- Data for Name: question; Type: TABLE DATA; Schema: public; Owner: postgres
--

COPY public.question (id, question_text, question_score, correct_text, question_order, answer_type_id, test_id) FROM stdin;
\.


--
-- Data for Name: review; Type: TABLE DATA; Schema: public; Owner: postgres
--

COPY public.review (id, rating, publish_date, comment_review, is_approved, course_id, user_id) FROM stdin;
\.


--
-- Data for Name: role; Type: TABLE DATA; Schema: public; Owner: postgres
--

COPY public.role (id, role_name) FROM stdin;
1	администратор
2	методист
3	преподаватель
4	слушатель курсов
\.


--
-- Data for Name: teacher_assignment_file; Type: TABLE DATA; Schema: public; Owner: postgres
--

COPY public.teacher_assignment_file (id, file_path, original_filename, file_type, uploaded_at, file_size, is_active, practical_assignment_id, uploaded_by_id) FROM stdin;
\.


--
-- Data for Name: test; Type: TABLE DATA; Schema: public; Owner: postgres
--

COPY public.test (id, test_name, test_description, is_final, max_attempts, grading_form, passing_score, is_active, created_at, updated_at, lecture_id) FROM stdin;
\.


--
-- Data for Name: test_result; Type: TABLE DATA; Schema: public; Owner: postgres
--

COPY public.test_result (id, completion_date, final_score, is_passed, attempt_number, time_spent, test_id, user_id) FROM stdin;
\.


--
-- Data for Name: user; Type: TABLE DATA; Schema: public; Owner: postgres
--

COPY public."user" (id, password, last_login, is_superuser, is_staff, is_active, date_joined, first_name, last_name, email, username, patronymic, is_verified, "position", educational_institution, certificate_file, role_id, is_light_theme) FROM stdin;
1	bcrypt_sha256$$2b$12$F7CN2ldEm7zB.8QEIh/1yO4j7a4jierNOsaRbw0Jof0iVPxE0jydy	2026-03-16 00:47:12.487942+03	t	t	t	2026-03-16 00:36:12.375917+03	Администратор	Системы	admin@example.com	admin	\N	t	\N	\N		\N	t
\.


--
-- Data for Name: user_answer; Type: TABLE DATA; Schema: public; Owner: postgres
--

COPY public.user_answer (id, answer_text, answer_date, attempt_number, score, question_id, user_id) FROM stdin;
\.


--
-- Data for Name: user_course; Type: TABLE DATA; Schema: public; Owner: postgres
--

COPY public.user_course (id, registration_date, status_course, payment_date, completion_date, course_price, is_active, enrolled_at, course_id, user_id, payment_id) FROM stdin;
\.


--
-- Data for Name: user_groups; Type: TABLE DATA; Schema: public; Owner: postgres
--

COPY public.user_groups (id, user_id, group_id) FROM stdin;
\.


--
-- Data for Name: user_matching_answer; Type: TABLE DATA; Schema: public; Owner: postgres
--

COPY public.user_matching_answer (id, user_selected_right_text, selected_at, matching_pair_id, user_answer_id) FROM stdin;
\.


--
-- Data for Name: user_practical_assignment; Type: TABLE DATA; Schema: public; Owner: postgres
--

COPY public.user_practical_assignment (id, submission_date, attempt_number, comment, submitted_at, practical_assignment_id, submission_status_id, user_id) FROM stdin;
\.


--
-- Data for Name: user_selected_choice; Type: TABLE DATA; Schema: public; Owner: postgres
--

COPY public.user_selected_choice (id, selected_at, choice_option_id, user_answer_id) FROM stdin;
\.


--
-- Data for Name: user_user_permissions; Type: TABLE DATA; Schema: public; Owner: postgres
--

COPY public.user_user_permissions (id, user_id, permission_id) FROM stdin;
\.


--
-- Name: answer_type_id_seq; Type: SEQUENCE SET; Schema: public; Owner: postgres
--

SELECT pg_catalog.setval('public.answer_type_id_seq', 4, true);


--
-- Name: assignment_status_id_seq; Type: SEQUENCE SET; Schema: public; Owner: postgres
--

SELECT pg_catalog.setval('public.assignment_status_id_seq', 5, true);


--
-- Name: assignment_submission_file_id_seq; Type: SEQUENCE SET; Schema: public; Owner: postgres
--

SELECT pg_catalog.setval('public.assignment_submission_file_id_seq', 1, false);


--
-- Name: auth_group_id_seq; Type: SEQUENCE SET; Schema: public; Owner: postgres
--

SELECT pg_catalog.setval('public.auth_group_id_seq', 1, false);


--
-- Name: auth_group_permissions_id_seq; Type: SEQUENCE SET; Schema: public; Owner: postgres
--

SELECT pg_catalog.setval('public.auth_group_permissions_id_seq', 1, false);


--
-- Name: auth_permission_id_seq; Type: SEQUENCE SET; Schema: public; Owner: postgres
--

SELECT pg_catalog.setval('public.auth_permission_id_seq', 124, true);


--
-- Name: certificate_id_seq; Type: SEQUENCE SET; Schema: public; Owner: postgres
--

SELECT pg_catalog.setval('public.certificate_id_seq', 1, false);


--
-- Name: choice_option_id_seq; Type: SEQUENCE SET; Schema: public; Owner: postgres
--

SELECT pg_catalog.setval('public.choice_option_id_seq', 1, false);


--
-- Name: course_category_id_seq; Type: SEQUENCE SET; Schema: public; Owner: postgres
--

SELECT pg_catalog.setval('public.course_category_id_seq', 16, true);


--
-- Name: course_id_seq; Type: SEQUENCE SET; Schema: public; Owner: postgres
--

SELECT pg_catalog.setval('public.course_id_seq', 1, false);


--
-- Name: course_teacher_id_seq; Type: SEQUENCE SET; Schema: public; Owner: postgres
--

SELECT pg_catalog.setval('public.course_teacher_id_seq', 1, false);


--
-- Name: course_type_id_seq; Type: SEQUENCE SET; Schema: public; Owner: postgres
--

SELECT pg_catalog.setval('public.course_type_id_seq', 4, true);


--
-- Name: django_admin_log_id_seq; Type: SEQUENCE SET; Schema: public; Owner: postgres
--

SELECT pg_catalog.setval('public.django_admin_log_id_seq', 1, false);


--
-- Name: django_content_type_id_seq; Type: SEQUENCE SET; Schema: public; Owner: postgres
--

SELECT pg_catalog.setval('public.django_content_type_id_seq', 31, true);


--
-- Name: django_migrations_id_seq; Type: SEQUENCE SET; Schema: public; Owner: postgres
--

SELECT pg_catalog.setval('public.django_migrations_id_seq', 27, true);


--
-- Name: feedback_id_seq; Type: SEQUENCE SET; Schema: public; Owner: postgres
--

SELECT pg_catalog.setval('public.feedback_id_seq', 1, false);


--
-- Name: lecture_id_seq; Type: SEQUENCE SET; Schema: public; Owner: postgres
--

SELECT pg_catalog.setval('public.lecture_id_seq', 1, false);


--
-- Name: matching_pair_id_seq; Type: SEQUENCE SET; Schema: public; Owner: postgres
--

SELECT pg_catalog.setval('public.matching_pair_id_seq', 1, false);


--
-- Name: password_reset_code_id_seq; Type: SEQUENCE SET; Schema: public; Owner: postgres
--

SELECT pg_catalog.setval('public.password_reset_code_id_seq', 1, false);


--
-- Name: practical_assignment_id_seq; Type: SEQUENCE SET; Schema: public; Owner: postgres
--

SELECT pg_catalog.setval('public.practical_assignment_id_seq', 1, false);


--
-- Name: question_id_seq; Type: SEQUENCE SET; Schema: public; Owner: postgres
--

SELECT pg_catalog.setval('public.question_id_seq', 1, false);


--
-- Name: review_id_seq; Type: SEQUENCE SET; Schema: public; Owner: postgres
--

SELECT pg_catalog.setval('public.review_id_seq', 1, false);


--
-- Name: role_id_seq; Type: SEQUENCE SET; Schema: public; Owner: postgres
--

SELECT pg_catalog.setval('public.role_id_seq', 4, true);


--
-- Name: teacher_assignment_file_id_seq; Type: SEQUENCE SET; Schema: public; Owner: postgres
--

SELECT pg_catalog.setval('public.teacher_assignment_file_id_seq', 1, false);


--
-- Name: test_id_seq; Type: SEQUENCE SET; Schema: public; Owner: postgres
--

SELECT pg_catalog.setval('public.test_id_seq', 1, false);


--
-- Name: test_result_id_seq; Type: SEQUENCE SET; Schema: public; Owner: postgres
--

SELECT pg_catalog.setval('public.test_result_id_seq', 1, false);


--
-- Name: user_answer_id_seq; Type: SEQUENCE SET; Schema: public; Owner: postgres
--

SELECT pg_catalog.setval('public.user_answer_id_seq', 1, false);


--
-- Name: user_course_id_seq; Type: SEQUENCE SET; Schema: public; Owner: postgres
--

SELECT pg_catalog.setval('public.user_course_id_seq', 1, false);


--
-- Name: user_groups_id_seq; Type: SEQUENCE SET; Schema: public; Owner: postgres
--

SELECT pg_catalog.setval('public.user_groups_id_seq', 1, false);


--
-- Name: user_id_seq; Type: SEQUENCE SET; Schema: public; Owner: postgres
--

SELECT pg_catalog.setval('public.user_id_seq', 1, true);


--
-- Name: user_matching_answer_id_seq; Type: SEQUENCE SET; Schema: public; Owner: postgres
--

SELECT pg_catalog.setval('public.user_matching_answer_id_seq', 1, false);


--
-- Name: user_practical_assignment_id_seq; Type: SEQUENCE SET; Schema: public; Owner: postgres
--

SELECT pg_catalog.setval('public.user_practical_assignment_id_seq', 1, false);


--
-- Name: user_selected_choice_id_seq; Type: SEQUENCE SET; Schema: public; Owner: postgres
--

SELECT pg_catalog.setval('public.user_selected_choice_id_seq', 1, false);


--
-- Name: user_user_permissions_id_seq; Type: SEQUENCE SET; Schema: public; Owner: postgres
--

SELECT pg_catalog.setval('public.user_user_permissions_id_seq', 1, false);


--
-- Name: answer_type answer_type_answer_type_name_key; Type: CONSTRAINT; Schema: public; Owner: postgres
--

ALTER TABLE ONLY public.answer_type
    ADD CONSTRAINT answer_type_answer_type_name_key UNIQUE (answer_type_name);


--
-- Name: answer_type answer_type_pkey; Type: CONSTRAINT; Schema: public; Owner: postgres
--

ALTER TABLE ONLY public.answer_type
    ADD CONSTRAINT answer_type_pkey PRIMARY KEY (id);


--
-- Name: assignment_status assignment_status_assignment_status_name_key; Type: CONSTRAINT; Schema: public; Owner: postgres
--

ALTER TABLE ONLY public.assignment_status
    ADD CONSTRAINT assignment_status_assignment_status_name_key UNIQUE (assignment_status_name);


--
-- Name: assignment_status assignment_status_pkey; Type: CONSTRAINT; Schema: public; Owner: postgres
--

ALTER TABLE ONLY public.assignment_status
    ADD CONSTRAINT assignment_status_pkey PRIMARY KEY (id);


--
-- Name: assignment_submission_file assignment_submission_file_pkey; Type: CONSTRAINT; Schema: public; Owner: postgres
--

ALTER TABLE ONLY public.assignment_submission_file
    ADD CONSTRAINT assignment_submission_file_pkey PRIMARY KEY (id);


--
-- Name: auth_group auth_group_name_key; Type: CONSTRAINT; Schema: public; Owner: postgres
--

ALTER TABLE ONLY public.auth_group
    ADD CONSTRAINT auth_group_name_key UNIQUE (name);


--
-- Name: auth_group_permissions auth_group_permissions_group_id_permission_id_0cd325b0_uniq; Type: CONSTRAINT; Schema: public; Owner: postgres
--

ALTER TABLE ONLY public.auth_group_permissions
    ADD CONSTRAINT auth_group_permissions_group_id_permission_id_0cd325b0_uniq UNIQUE (group_id, permission_id);


--
-- Name: auth_group_permissions auth_group_permissions_pkey; Type: CONSTRAINT; Schema: public; Owner: postgres
--

ALTER TABLE ONLY public.auth_group_permissions
    ADD CONSTRAINT auth_group_permissions_pkey PRIMARY KEY (id);


--
-- Name: auth_group auth_group_pkey; Type: CONSTRAINT; Schema: public; Owner: postgres
--

ALTER TABLE ONLY public.auth_group
    ADD CONSTRAINT auth_group_pkey PRIMARY KEY (id);


--
-- Name: auth_permission auth_permission_content_type_id_codename_01ab375a_uniq; Type: CONSTRAINT; Schema: public; Owner: postgres
--

ALTER TABLE ONLY public.auth_permission
    ADD CONSTRAINT auth_permission_content_type_id_codename_01ab375a_uniq UNIQUE (content_type_id, codename);


--
-- Name: auth_permission auth_permission_pkey; Type: CONSTRAINT; Schema: public; Owner: postgres
--

ALTER TABLE ONLY public.auth_permission
    ADD CONSTRAINT auth_permission_pkey PRIMARY KEY (id);


--
-- Name: certificate certificate_certificate_number_key; Type: CONSTRAINT; Schema: public; Owner: postgres
--

ALTER TABLE ONLY public.certificate
    ADD CONSTRAINT certificate_certificate_number_key UNIQUE (certificate_number);


--
-- Name: certificate certificate_pkey; Type: CONSTRAINT; Schema: public; Owner: postgres
--

ALTER TABLE ONLY public.certificate
    ADD CONSTRAINT certificate_pkey PRIMARY KEY (id);


--
-- Name: certificate certificate_user_course_id_key; Type: CONSTRAINT; Schema: public; Owner: postgres
--

ALTER TABLE ONLY public.certificate
    ADD CONSTRAINT certificate_user_course_id_key UNIQUE (user_course_id);


--
-- Name: choice_option choice_option_pkey; Type: CONSTRAINT; Schema: public; Owner: postgres
--

ALTER TABLE ONLY public.choice_option
    ADD CONSTRAINT choice_option_pkey PRIMARY KEY (id);


--
-- Name: course_category course_category_course_category_name_key; Type: CONSTRAINT; Schema: public; Owner: postgres
--

ALTER TABLE ONLY public.course_category
    ADD CONSTRAINT course_category_course_category_name_key UNIQUE (course_category_name);


--
-- Name: course_category course_category_pkey; Type: CONSTRAINT; Schema: public; Owner: postgres
--

ALTER TABLE ONLY public.course_category
    ADD CONSTRAINT course_category_pkey PRIMARY KEY (id);


--
-- Name: course course_pkey; Type: CONSTRAINT; Schema: public; Owner: postgres
--

ALTER TABLE ONLY public.course
    ADD CONSTRAINT course_pkey PRIMARY KEY (id);


--
-- Name: course_teacher course_teacher_course_id_teacher_id_1a425740_uniq; Type: CONSTRAINT; Schema: public; Owner: postgres
--

ALTER TABLE ONLY public.course_teacher
    ADD CONSTRAINT course_teacher_course_id_teacher_id_1a425740_uniq UNIQUE (course_id, teacher_id);


--
-- Name: course_teacher course_teacher_pkey; Type: CONSTRAINT; Schema: public; Owner: postgres
--

ALTER TABLE ONLY public.course_teacher
    ADD CONSTRAINT course_teacher_pkey PRIMARY KEY (id);


--
-- Name: course_type course_type_course_type_name_key; Type: CONSTRAINT; Schema: public; Owner: postgres
--

ALTER TABLE ONLY public.course_type
    ADD CONSTRAINT course_type_course_type_name_key UNIQUE (course_type_name);


--
-- Name: course_type course_type_pkey; Type: CONSTRAINT; Schema: public; Owner: postgres
--

ALTER TABLE ONLY public.course_type
    ADD CONSTRAINT course_type_pkey PRIMARY KEY (id);


--
-- Name: django_admin_log django_admin_log_pkey; Type: CONSTRAINT; Schema: public; Owner: postgres
--

ALTER TABLE ONLY public.django_admin_log
    ADD CONSTRAINT django_admin_log_pkey PRIMARY KEY (id);


--
-- Name: django_content_type django_content_type_app_label_model_76bd3d3b_uniq; Type: CONSTRAINT; Schema: public; Owner: postgres
--

ALTER TABLE ONLY public.django_content_type
    ADD CONSTRAINT django_content_type_app_label_model_76bd3d3b_uniq UNIQUE (app_label, model);


--
-- Name: django_content_type django_content_type_pkey; Type: CONSTRAINT; Schema: public; Owner: postgres
--

ALTER TABLE ONLY public.django_content_type
    ADD CONSTRAINT django_content_type_pkey PRIMARY KEY (id);


--
-- Name: django_migrations django_migrations_pkey; Type: CONSTRAINT; Schema: public; Owner: postgres
--

ALTER TABLE ONLY public.django_migrations
    ADD CONSTRAINT django_migrations_pkey PRIMARY KEY (id);


--
-- Name: django_session django_session_pkey; Type: CONSTRAINT; Schema: public; Owner: postgres
--

ALTER TABLE ONLY public.django_session
    ADD CONSTRAINT django_session_pkey PRIMARY KEY (session_key);


--
-- Name: feedback feedback_pkey; Type: CONSTRAINT; Schema: public; Owner: postgres
--

ALTER TABLE ONLY public.feedback
    ADD CONSTRAINT feedback_pkey PRIMARY KEY (id);


--
-- Name: feedback feedback_user_practical_assignment_id_key; Type: CONSTRAINT; Schema: public; Owner: postgres
--

ALTER TABLE ONLY public.feedback
    ADD CONSTRAINT feedback_user_practical_assignment_id_key UNIQUE (user_practical_assignment_id);


--
-- Name: lecture lecture_pkey; Type: CONSTRAINT; Schema: public; Owner: postgres
--

ALTER TABLE ONLY public.lecture
    ADD CONSTRAINT lecture_pkey PRIMARY KEY (id);


--
-- Name: matching_pair matching_pair_pkey; Type: CONSTRAINT; Schema: public; Owner: postgres
--

ALTER TABLE ONLY public.matching_pair
    ADD CONSTRAINT matching_pair_pkey PRIMARY KEY (id);


--
-- Name: password_reset_code password_reset_code_pkey; Type: CONSTRAINT; Schema: public; Owner: postgres
--

ALTER TABLE ONLY public.password_reset_code
    ADD CONSTRAINT password_reset_code_pkey PRIMARY KEY (id);


--
-- Name: practical_assignment practical_assignment_pkey; Type: CONSTRAINT; Schema: public; Owner: postgres
--

ALTER TABLE ONLY public.practical_assignment
    ADD CONSTRAINT practical_assignment_pkey PRIMARY KEY (id);


--
-- Name: question question_pkey; Type: CONSTRAINT; Schema: public; Owner: postgres
--

ALTER TABLE ONLY public.question
    ADD CONSTRAINT question_pkey PRIMARY KEY (id);


--
-- Name: review review_course_id_user_id_b7c30f31_uniq; Type: CONSTRAINT; Schema: public; Owner: postgres
--

ALTER TABLE ONLY public.review
    ADD CONSTRAINT review_course_id_user_id_b7c30f31_uniq UNIQUE (course_id, user_id);


--
-- Name: review review_pkey; Type: CONSTRAINT; Schema: public; Owner: postgres
--

ALTER TABLE ONLY public.review
    ADD CONSTRAINT review_pkey PRIMARY KEY (id);


--
-- Name: role role_pkey; Type: CONSTRAINT; Schema: public; Owner: postgres
--

ALTER TABLE ONLY public.role
    ADD CONSTRAINT role_pkey PRIMARY KEY (id);


--
-- Name: role role_role_name_key; Type: CONSTRAINT; Schema: public; Owner: postgres
--

ALTER TABLE ONLY public.role
    ADD CONSTRAINT role_role_name_key UNIQUE (role_name);


--
-- Name: teacher_assignment_file teacher_assignment_file_pkey; Type: CONSTRAINT; Schema: public; Owner: postgres
--

ALTER TABLE ONLY public.teacher_assignment_file
    ADD CONSTRAINT teacher_assignment_file_pkey PRIMARY KEY (id);


--
-- Name: test test_pkey; Type: CONSTRAINT; Schema: public; Owner: postgres
--

ALTER TABLE ONLY public.test
    ADD CONSTRAINT test_pkey PRIMARY KEY (id);


--
-- Name: test_result test_result_pkey; Type: CONSTRAINT; Schema: public; Owner: postgres
--

ALTER TABLE ONLY public.test_result
    ADD CONSTRAINT test_result_pkey PRIMARY KEY (id);


--
-- Name: test_result test_result_user_id_test_id_attempt_number_64d3a05c_uniq; Type: CONSTRAINT; Schema: public; Owner: postgres
--

ALTER TABLE ONLY public.test_result
    ADD CONSTRAINT test_result_user_id_test_id_attempt_number_64d3a05c_uniq UNIQUE (user_id, test_id, attempt_number);


--
-- Name: lecture unique_lecture_order_course; Type: CONSTRAINT; Schema: public; Owner: postgres
--

ALTER TABLE ONLY public.lecture
    ADD CONSTRAINT unique_lecture_order_course UNIQUE (course_id, lecture_order);


--
-- Name: question unique_question_order_test; Type: CONSTRAINT; Schema: public; Owner: postgres
--

ALTER TABLE ONLY public.question
    ADD CONSTRAINT unique_question_order_test UNIQUE (test_id, question_order);


--
-- Name: user_practical_assignment unique_user_assignment_attempt; Type: CONSTRAINT; Schema: public; Owner: postgres
--

ALTER TABLE ONLY public.user_practical_assignment
    ADD CONSTRAINT unique_user_assignment_attempt UNIQUE (user_id, practical_assignment_id, attempt_number);


--
-- Name: user_answer user_answer_pkey; Type: CONSTRAINT; Schema: public; Owner: postgres
--

ALTER TABLE ONLY public.user_answer
    ADD CONSTRAINT user_answer_pkey PRIMARY KEY (id);


--
-- Name: user_answer user_answer_user_id_question_id_attempt_number_c12aabc5_uniq; Type: CONSTRAINT; Schema: public; Owner: postgres
--

ALTER TABLE ONLY public.user_answer
    ADD CONSTRAINT user_answer_user_id_question_id_attempt_number_c12aabc5_uniq UNIQUE (user_id, question_id, attempt_number);


--
-- Name: user_course user_course_pkey; Type: CONSTRAINT; Schema: public; Owner: postgres
--

ALTER TABLE ONLY public.user_course
    ADD CONSTRAINT user_course_pkey PRIMARY KEY (id);


--
-- Name: user_course user_course_user_id_course_id_0aed58f1_uniq; Type: CONSTRAINT; Schema: public; Owner: postgres
--

ALTER TABLE ONLY public.user_course
    ADD CONSTRAINT user_course_user_id_course_id_0aed58f1_uniq UNIQUE (user_id, course_id);


--
-- Name: user user_email_key; Type: CONSTRAINT; Schema: public; Owner: postgres
--

ALTER TABLE ONLY public."user"
    ADD CONSTRAINT user_email_key UNIQUE (email);


--
-- Name: user_groups user_groups_pkey; Type: CONSTRAINT; Schema: public; Owner: postgres
--

ALTER TABLE ONLY public.user_groups
    ADD CONSTRAINT user_groups_pkey PRIMARY KEY (id);


--
-- Name: user_groups user_groups_user_id_group_id_40beef00_uniq; Type: CONSTRAINT; Schema: public; Owner: postgres
--

ALTER TABLE ONLY public.user_groups
    ADD CONSTRAINT user_groups_user_id_group_id_40beef00_uniq UNIQUE (user_id, group_id);


--
-- Name: user_matching_answer user_matching_answer_pkey; Type: CONSTRAINT; Schema: public; Owner: postgres
--

ALTER TABLE ONLY public.user_matching_answer
    ADD CONSTRAINT user_matching_answer_pkey PRIMARY KEY (id);


--
-- Name: user_matching_answer user_matching_answer_user_answer_id_matching__724d2664_uniq; Type: CONSTRAINT; Schema: public; Owner: postgres
--

ALTER TABLE ONLY public.user_matching_answer
    ADD CONSTRAINT user_matching_answer_user_answer_id_matching__724d2664_uniq UNIQUE (user_answer_id, matching_pair_id);


--
-- Name: user user_pkey; Type: CONSTRAINT; Schema: public; Owner: postgres
--

ALTER TABLE ONLY public."user"
    ADD CONSTRAINT user_pkey PRIMARY KEY (id);


--
-- Name: user_practical_assignment user_practical_assignment_pkey; Type: CONSTRAINT; Schema: public; Owner: postgres
--

ALTER TABLE ONLY public.user_practical_assignment
    ADD CONSTRAINT user_practical_assignment_pkey PRIMARY KEY (id);


--
-- Name: user_selected_choice user_selected_choice_pkey; Type: CONSTRAINT; Schema: public; Owner: postgres
--

ALTER TABLE ONLY public.user_selected_choice
    ADD CONSTRAINT user_selected_choice_pkey PRIMARY KEY (id);


--
-- Name: user_selected_choice user_selected_choice_user_answer_id_choice_op_09302079_uniq; Type: CONSTRAINT; Schema: public; Owner: postgres
--

ALTER TABLE ONLY public.user_selected_choice
    ADD CONSTRAINT user_selected_choice_user_answer_id_choice_op_09302079_uniq UNIQUE (user_answer_id, choice_option_id);


--
-- Name: user_user_permissions user_user_permissions_pkey; Type: CONSTRAINT; Schema: public; Owner: postgres
--

ALTER TABLE ONLY public.user_user_permissions
    ADD CONSTRAINT user_user_permissions_pkey PRIMARY KEY (id);


--
-- Name: user_user_permissions user_user_permissions_user_id_permission_id_7dc6e2e0_uniq; Type: CONSTRAINT; Schema: public; Owner: postgres
--

ALTER TABLE ONLY public.user_user_permissions
    ADD CONSTRAINT user_user_permissions_user_id_permission_id_7dc6e2e0_uniq UNIQUE (user_id, permission_id);


--
-- Name: user user_username_key; Type: CONSTRAINT; Schema: public; Owner: postgres
--

ALTER TABLE ONLY public."user"
    ADD CONSTRAINT user_username_key UNIQUE (username);


--
-- Name: answer_type_answer_type_name_173fbdfb_like; Type: INDEX; Schema: public; Owner: postgres
--

CREATE INDEX answer_type_answer_type_name_173fbdfb_like ON public.answer_type USING btree (answer_type_name varchar_pattern_ops);


--
-- Name: assignment_status_assignment_status_name_3ce650fd_like; Type: INDEX; Schema: public; Owner: postgres
--

CREATE INDEX assignment_status_assignment_status_name_3ce650fd_like ON public.assignment_status USING btree (assignment_status_name varchar_pattern_ops);


--
-- Name: assignment_submission_file_user_assignment_id_e57c2f15; Type: INDEX; Schema: public; Owner: postgres
--

CREATE INDEX assignment_submission_file_user_assignment_id_e57c2f15 ON public.assignment_submission_file USING btree (user_assignment_id);


--
-- Name: auth_group_name_a6ea08ec_like; Type: INDEX; Schema: public; Owner: postgres
--

CREATE INDEX auth_group_name_a6ea08ec_like ON public.auth_group USING btree (name varchar_pattern_ops);


--
-- Name: auth_group_permissions_group_id_b120cbf9; Type: INDEX; Schema: public; Owner: postgres
--

CREATE INDEX auth_group_permissions_group_id_b120cbf9 ON public.auth_group_permissions USING btree (group_id);


--
-- Name: auth_group_permissions_permission_id_84c5c92e; Type: INDEX; Schema: public; Owner: postgres
--

CREATE INDEX auth_group_permissions_permission_id_84c5c92e ON public.auth_group_permissions USING btree (permission_id);


--
-- Name: auth_permission_content_type_id_2f476e4b; Type: INDEX; Schema: public; Owner: postgres
--

CREATE INDEX auth_permission_content_type_id_2f476e4b ON public.auth_permission USING btree (content_type_id);


--
-- Name: certificate_certificate_number_8a9605fc_like; Type: INDEX; Schema: public; Owner: postgres
--

CREATE INDEX certificate_certificate_number_8a9605fc_like ON public.certificate USING btree (certificate_number varchar_pattern_ops);


--
-- Name: choice_option_question_id_591bffeb; Type: INDEX; Schema: public; Owner: postgres
--

CREATE INDEX choice_option_question_id_591bffeb ON public.choice_option USING btree (question_id);


--
-- Name: course_category_course_category_name_20319402_like; Type: INDEX; Schema: public; Owner: postgres
--

CREATE INDEX course_category_course_category_name_20319402_like ON public.course_category USING btree (course_category_name varchar_pattern_ops);


--
-- Name: course_course_category_id_4356d303; Type: INDEX; Schema: public; Owner: postgres
--

CREATE INDEX course_course_category_id_4356d303 ON public.course USING btree (course_category_id);


--
-- Name: course_course_type_id_394a09df; Type: INDEX; Schema: public; Owner: postgres
--

CREATE INDEX course_course_type_id_394a09df ON public.course USING btree (course_type_id);


--
-- Name: course_created_by_id_35db9350; Type: INDEX; Schema: public; Owner: postgres
--

CREATE INDEX course_created_by_id_35db9350 ON public.course USING btree (created_by_id);


--
-- Name: course_teacher_course_id_1b7990cd; Type: INDEX; Schema: public; Owner: postgres
--

CREATE INDEX course_teacher_course_id_1b7990cd ON public.course_teacher USING btree (course_id);


--
-- Name: course_teacher_teacher_id_eb2a1071; Type: INDEX; Schema: public; Owner: postgres
--

CREATE INDEX course_teacher_teacher_id_eb2a1071 ON public.course_teacher USING btree (teacher_id);


--
-- Name: course_type_course_type_name_abb5b4d2_like; Type: INDEX; Schema: public; Owner: postgres
--

CREATE INDEX course_type_course_type_name_abb5b4d2_like ON public.course_type USING btree (course_type_name varchar_pattern_ops);


--
-- Name: django_admin_log_content_type_id_c4bce8eb; Type: INDEX; Schema: public; Owner: postgres
--

CREATE INDEX django_admin_log_content_type_id_c4bce8eb ON public.django_admin_log USING btree (content_type_id);


--
-- Name: django_admin_log_user_id_c564eba6; Type: INDEX; Schema: public; Owner: postgres
--

CREATE INDEX django_admin_log_user_id_c564eba6 ON public.django_admin_log USING btree (user_id);


--
-- Name: django_session_expire_date_a5c62663; Type: INDEX; Schema: public; Owner: postgres
--

CREATE INDEX django_session_expire_date_a5c62663 ON public.django_session USING btree (expire_date);


--
-- Name: django_session_session_key_c0390e0f_like; Type: INDEX; Schema: public; Owner: postgres
--

CREATE INDEX django_session_session_key_c0390e0f_like ON public.django_session USING btree (session_key varchar_pattern_ops);


--
-- Name: feedback_given_by_id_d9ac0602; Type: INDEX; Schema: public; Owner: postgres
--

CREATE INDEX feedback_given_by_id_d9ac0602 ON public.feedback USING btree (given_by_id);


--
-- Name: lecture_course_id_70e938b2; Type: INDEX; Schema: public; Owner: postgres
--

CREATE INDEX lecture_course_id_70e938b2 ON public.lecture USING btree (course_id);


--
-- Name: matching_pair_question_id_b626f4fa; Type: INDEX; Schema: public; Owner: postgres
--

CREATE INDEX matching_pair_question_id_b626f4fa ON public.matching_pair USING btree (question_id);


--
-- Name: password_reset_code_user_id_ca6e1962; Type: INDEX; Schema: public; Owner: postgres
--

CREATE INDEX password_reset_code_user_id_ca6e1962 ON public.password_reset_code USING btree (user_id);


--
-- Name: practical_assignment_lecture_id_b866701b; Type: INDEX; Schema: public; Owner: postgres
--

CREATE INDEX practical_assignment_lecture_id_b866701b ON public.practical_assignment USING btree (lecture_id);


--
-- Name: question_answer_type_id_9111b471; Type: INDEX; Schema: public; Owner: postgres
--

CREATE INDEX question_answer_type_id_9111b471 ON public.question USING btree (answer_type_id);


--
-- Name: question_test_id_6c277152; Type: INDEX; Schema: public; Owner: postgres
--

CREATE INDEX question_test_id_6c277152 ON public.question USING btree (test_id);


--
-- Name: review_course_id_0a31fb86; Type: INDEX; Schema: public; Owner: postgres
--

CREATE INDEX review_course_id_0a31fb86 ON public.review USING btree (course_id);


--
-- Name: review_user_id_1520d914; Type: INDEX; Schema: public; Owner: postgres
--

CREATE INDEX review_user_id_1520d914 ON public.review USING btree (user_id);


--
-- Name: role_role_name_d4cf81e5_like; Type: INDEX; Schema: public; Owner: postgres
--

CREATE INDEX role_role_name_d4cf81e5_like ON public.role USING btree (role_name varchar_pattern_ops);


--
-- Name: teacher_assignment_file_practical_assignment_id_cb7772cf; Type: INDEX; Schema: public; Owner: postgres
--

CREATE INDEX teacher_assignment_file_practical_assignment_id_cb7772cf ON public.teacher_assignment_file USING btree (practical_assignment_id);


--
-- Name: teacher_assignment_file_uploaded_by_id_2bf4186a; Type: INDEX; Schema: public; Owner: postgres
--

CREATE INDEX teacher_assignment_file_uploaded_by_id_2bf4186a ON public.teacher_assignment_file USING btree (uploaded_by_id);


--
-- Name: test_lecture_id_31ebf79a; Type: INDEX; Schema: public; Owner: postgres
--

CREATE INDEX test_lecture_id_31ebf79a ON public.test USING btree (lecture_id);


--
-- Name: test_result_test_id_de0c0a88; Type: INDEX; Schema: public; Owner: postgres
--

CREATE INDEX test_result_test_id_de0c0a88 ON public.test_result USING btree (test_id);


--
-- Name: test_result_user_id_42e76a6b; Type: INDEX; Schema: public; Owner: postgres
--

CREATE INDEX test_result_user_id_42e76a6b ON public.test_result USING btree (user_id);


--
-- Name: user_answer_question_id_62eab67d; Type: INDEX; Schema: public; Owner: postgres
--

CREATE INDEX user_answer_question_id_62eab67d ON public.user_answer USING btree (question_id);


--
-- Name: user_answer_user_id_c5d32cc6; Type: INDEX; Schema: public; Owner: postgres
--

CREATE INDEX user_answer_user_id_c5d32cc6 ON public.user_answer USING btree (user_id);


--
-- Name: user_course_complet_da2eb9_idx; Type: INDEX; Schema: public; Owner: postgres
--

CREATE INDEX user_course_complet_da2eb9_idx ON public.user_course USING btree (completion_date);


--
-- Name: user_course_course_id_01715d98; Type: INDEX; Schema: public; Owner: postgres
--

CREATE INDEX user_course_course_id_01715d98 ON public.user_course USING btree (course_id);


--
-- Name: user_course_registr_190d7f_idx; Type: INDEX; Schema: public; Owner: postgres
--

CREATE INDEX user_course_registr_190d7f_idx ON public.user_course USING btree (registration_date);


--
-- Name: user_course_user_id_33d674_idx; Type: INDEX; Schema: public; Owner: postgres
--

CREATE INDEX user_course_user_id_33d674_idx ON public.user_course USING btree (user_id, status_course);


--
-- Name: user_course_user_id_496a571e; Type: INDEX; Schema: public; Owner: postgres
--

CREATE INDEX user_course_user_id_496a571e ON public.user_course USING btree (user_id);


--
-- Name: user_email_54dc62b2_like; Type: INDEX; Schema: public; Owner: postgres
--

CREATE INDEX user_email_54dc62b2_like ON public."user" USING btree (email varchar_pattern_ops);


--
-- Name: user_groups_group_id_b76f8aba; Type: INDEX; Schema: public; Owner: postgres
--

CREATE INDEX user_groups_group_id_b76f8aba ON public.user_groups USING btree (group_id);


--
-- Name: user_groups_user_id_abaea130; Type: INDEX; Schema: public; Owner: postgres
--

CREATE INDEX user_groups_user_id_abaea130 ON public.user_groups USING btree (user_id);


--
-- Name: user_matching_answer_matching_pair_id_c1596c76; Type: INDEX; Schema: public; Owner: postgres
--

CREATE INDEX user_matching_answer_matching_pair_id_c1596c76 ON public.user_matching_answer USING btree (matching_pair_id);


--
-- Name: user_matching_answer_user_answer_id_d6d41324; Type: INDEX; Schema: public; Owner: postgres
--

CREATE INDEX user_matching_answer_user_answer_id_d6d41324 ON public.user_matching_answer USING btree (user_answer_id);


--
-- Name: user_practical_assignment_practical_assignment_id_5ed6e43d; Type: INDEX; Schema: public; Owner: postgres
--

CREATE INDEX user_practical_assignment_practical_assignment_id_5ed6e43d ON public.user_practical_assignment USING btree (practical_assignment_id);


--
-- Name: user_practical_assignment_submission_status_id_db7a08be; Type: INDEX; Schema: public; Owner: postgres
--

CREATE INDEX user_practical_assignment_submission_status_id_db7a08be ON public.user_practical_assignment USING btree (submission_status_id);


--
-- Name: user_practical_assignment_user_id_ebf31370; Type: INDEX; Schema: public; Owner: postgres
--

CREATE INDEX user_practical_assignment_user_id_ebf31370 ON public.user_practical_assignment USING btree (user_id);


--
-- Name: user_role_id_c3a87a3d; Type: INDEX; Schema: public; Owner: postgres
--

CREATE INDEX user_role_id_c3a87a3d ON public."user" USING btree (role_id);


--
-- Name: user_selected_choice_choice_option_id_a2738e8a; Type: INDEX; Schema: public; Owner: postgres
--

CREATE INDEX user_selected_choice_choice_option_id_a2738e8a ON public.user_selected_choice USING btree (choice_option_id);


--
-- Name: user_selected_choice_user_answer_id_1f8ac803; Type: INDEX; Schema: public; Owner: postgres
--

CREATE INDEX user_selected_choice_user_answer_id_1f8ac803 ON public.user_selected_choice USING btree (user_answer_id);


--
-- Name: user_user_permissions_permission_id_9deb68a3; Type: INDEX; Schema: public; Owner: postgres
--

CREATE INDEX user_user_permissions_permission_id_9deb68a3 ON public.user_user_permissions USING btree (permission_id);


--
-- Name: user_user_permissions_user_id_ed4a47ea; Type: INDEX; Schema: public; Owner: postgres
--

CREATE INDEX user_user_permissions_user_id_ed4a47ea ON public.user_user_permissions USING btree (user_id);


--
-- Name: user_username_cf016618_like; Type: INDEX; Schema: public; Owner: postgres
--

CREATE INDEX user_username_cf016618_like ON public."user" USING btree (username varchar_pattern_ops);


--
-- Name: assignment_submission_file assignment_submissio_user_assignment_id_e57c2f15_fk_user_prac; Type: FK CONSTRAINT; Schema: public; Owner: postgres
--

ALTER TABLE ONLY public.assignment_submission_file
    ADD CONSTRAINT assignment_submissio_user_assignment_id_e57c2f15_fk_user_prac FOREIGN KEY (user_assignment_id) REFERENCES public.user_practical_assignment(id) DEFERRABLE INITIALLY DEFERRED;


--
-- Name: auth_group_permissions auth_group_permissio_permission_id_84c5c92e_fk_auth_perm; Type: FK CONSTRAINT; Schema: public; Owner: postgres
--

ALTER TABLE ONLY public.auth_group_permissions
    ADD CONSTRAINT auth_group_permissio_permission_id_84c5c92e_fk_auth_perm FOREIGN KEY (permission_id) REFERENCES public.auth_permission(id) DEFERRABLE INITIALLY DEFERRED;


--
-- Name: auth_group_permissions auth_group_permissions_group_id_b120cbf9_fk_auth_group_id; Type: FK CONSTRAINT; Schema: public; Owner: postgres
--

ALTER TABLE ONLY public.auth_group_permissions
    ADD CONSTRAINT auth_group_permissions_group_id_b120cbf9_fk_auth_group_id FOREIGN KEY (group_id) REFERENCES public.auth_group(id) DEFERRABLE INITIALLY DEFERRED;


--
-- Name: auth_permission auth_permission_content_type_id_2f476e4b_fk_django_co; Type: FK CONSTRAINT; Schema: public; Owner: postgres
--

ALTER TABLE ONLY public.auth_permission
    ADD CONSTRAINT auth_permission_content_type_id_2f476e4b_fk_django_co FOREIGN KEY (content_type_id) REFERENCES public.django_content_type(id) DEFERRABLE INITIALLY DEFERRED;


--
-- Name: certificate certificate_user_course_id_e50c5039_fk_user_course_id; Type: FK CONSTRAINT; Schema: public; Owner: postgres
--

ALTER TABLE ONLY public.certificate
    ADD CONSTRAINT certificate_user_course_id_e50c5039_fk_user_course_id FOREIGN KEY (user_course_id) REFERENCES public.user_course(id) DEFERRABLE INITIALLY DEFERRED;


--
-- Name: choice_option choice_option_question_id_591bffeb_fk_question_id; Type: FK CONSTRAINT; Schema: public; Owner: postgres
--

ALTER TABLE ONLY public.choice_option
    ADD CONSTRAINT choice_option_question_id_591bffeb_fk_question_id FOREIGN KEY (question_id) REFERENCES public.question(id) DEFERRABLE INITIALLY DEFERRED;


--
-- Name: course course_course_category_id_4356d303_fk_course_category_id; Type: FK CONSTRAINT; Schema: public; Owner: postgres
--

ALTER TABLE ONLY public.course
    ADD CONSTRAINT course_course_category_id_4356d303_fk_course_category_id FOREIGN KEY (course_category_id) REFERENCES public.course_category(id) DEFERRABLE INITIALLY DEFERRED;


--
-- Name: course course_course_type_id_394a09df_fk_course_type_id; Type: FK CONSTRAINT; Schema: public; Owner: postgres
--

ALTER TABLE ONLY public.course
    ADD CONSTRAINT course_course_type_id_394a09df_fk_course_type_id FOREIGN KEY (course_type_id) REFERENCES public.course_type(id) DEFERRABLE INITIALLY DEFERRED;


--
-- Name: course course_created_by_id_35db9350_fk_user_id; Type: FK CONSTRAINT; Schema: public; Owner: postgres
--

ALTER TABLE ONLY public.course
    ADD CONSTRAINT course_created_by_id_35db9350_fk_user_id FOREIGN KEY (created_by_id) REFERENCES public."user"(id) DEFERRABLE INITIALLY DEFERRED;


--
-- Name: course_teacher course_teacher_course_id_1b7990cd_fk_course_id; Type: FK CONSTRAINT; Schema: public; Owner: postgres
--

ALTER TABLE ONLY public.course_teacher
    ADD CONSTRAINT course_teacher_course_id_1b7990cd_fk_course_id FOREIGN KEY (course_id) REFERENCES public.course(id) DEFERRABLE INITIALLY DEFERRED;


--
-- Name: course_teacher course_teacher_teacher_id_eb2a1071_fk_user_id; Type: FK CONSTRAINT; Schema: public; Owner: postgres
--

ALTER TABLE ONLY public.course_teacher
    ADD CONSTRAINT course_teacher_teacher_id_eb2a1071_fk_user_id FOREIGN KEY (teacher_id) REFERENCES public."user"(id) DEFERRABLE INITIALLY DEFERRED;


--
-- Name: django_admin_log django_admin_log_content_type_id_c4bce8eb_fk_django_co; Type: FK CONSTRAINT; Schema: public; Owner: postgres
--

ALTER TABLE ONLY public.django_admin_log
    ADD CONSTRAINT django_admin_log_content_type_id_c4bce8eb_fk_django_co FOREIGN KEY (content_type_id) REFERENCES public.django_content_type(id) DEFERRABLE INITIALLY DEFERRED;


--
-- Name: django_admin_log django_admin_log_user_id_c564eba6_fk_user_id; Type: FK CONSTRAINT; Schema: public; Owner: postgres
--

ALTER TABLE ONLY public.django_admin_log
    ADD CONSTRAINT django_admin_log_user_id_c564eba6_fk_user_id FOREIGN KEY (user_id) REFERENCES public."user"(id) DEFERRABLE INITIALLY DEFERRED;


--
-- Name: feedback feedback_given_by_id_d9ac0602_fk_user_id; Type: FK CONSTRAINT; Schema: public; Owner: postgres
--

ALTER TABLE ONLY public.feedback
    ADD CONSTRAINT feedback_given_by_id_d9ac0602_fk_user_id FOREIGN KEY (given_by_id) REFERENCES public."user"(id) DEFERRABLE INITIALLY DEFERRED;


--
-- Name: feedback feedback_user_practical_assig_ebb447a3_fk_user_prac; Type: FK CONSTRAINT; Schema: public; Owner: postgres
--

ALTER TABLE ONLY public.feedback
    ADD CONSTRAINT feedback_user_practical_assig_ebb447a3_fk_user_prac FOREIGN KEY (user_practical_assignment_id) REFERENCES public.user_practical_assignment(id) DEFERRABLE INITIALLY DEFERRED;


--
-- Name: lecture lecture_course_id_70e938b2_fk_course_id; Type: FK CONSTRAINT; Schema: public; Owner: postgres
--

ALTER TABLE ONLY public.lecture
    ADD CONSTRAINT lecture_course_id_70e938b2_fk_course_id FOREIGN KEY (course_id) REFERENCES public.course(id) DEFERRABLE INITIALLY DEFERRED;


--
-- Name: matching_pair matching_pair_question_id_b626f4fa_fk_question_id; Type: FK CONSTRAINT; Schema: public; Owner: postgres
--

ALTER TABLE ONLY public.matching_pair
    ADD CONSTRAINT matching_pair_question_id_b626f4fa_fk_question_id FOREIGN KEY (question_id) REFERENCES public.question(id) DEFERRABLE INITIALLY DEFERRED;


--
-- Name: password_reset_code password_reset_code_user_id_ca6e1962_fk_user_id; Type: FK CONSTRAINT; Schema: public; Owner: postgres
--

ALTER TABLE ONLY public.password_reset_code
    ADD CONSTRAINT password_reset_code_user_id_ca6e1962_fk_user_id FOREIGN KEY (user_id) REFERENCES public."user"(id) DEFERRABLE INITIALLY DEFERRED;


--
-- Name: practical_assignment practical_assignment_lecture_id_b866701b_fk_lecture_id; Type: FK CONSTRAINT; Schema: public; Owner: postgres
--

ALTER TABLE ONLY public.practical_assignment
    ADD CONSTRAINT practical_assignment_lecture_id_b866701b_fk_lecture_id FOREIGN KEY (lecture_id) REFERENCES public.lecture(id) DEFERRABLE INITIALLY DEFERRED;


--
-- Name: question question_answer_type_id_9111b471_fk_answer_type_id; Type: FK CONSTRAINT; Schema: public; Owner: postgres
--

ALTER TABLE ONLY public.question
    ADD CONSTRAINT question_answer_type_id_9111b471_fk_answer_type_id FOREIGN KEY (answer_type_id) REFERENCES public.answer_type(id) DEFERRABLE INITIALLY DEFERRED;


--
-- Name: question question_test_id_6c277152_fk_test_id; Type: FK CONSTRAINT; Schema: public; Owner: postgres
--

ALTER TABLE ONLY public.question
    ADD CONSTRAINT question_test_id_6c277152_fk_test_id FOREIGN KEY (test_id) REFERENCES public.test(id) DEFERRABLE INITIALLY DEFERRED;


--
-- Name: review review_course_id_0a31fb86_fk_course_id; Type: FK CONSTRAINT; Schema: public; Owner: postgres
--

ALTER TABLE ONLY public.review
    ADD CONSTRAINT review_course_id_0a31fb86_fk_course_id FOREIGN KEY (course_id) REFERENCES public.course(id) DEFERRABLE INITIALLY DEFERRED;


--
-- Name: review review_user_id_1520d914_fk_user_id; Type: FK CONSTRAINT; Schema: public; Owner: postgres
--

ALTER TABLE ONLY public.review
    ADD CONSTRAINT review_user_id_1520d914_fk_user_id FOREIGN KEY (user_id) REFERENCES public."user"(id) DEFERRABLE INITIALLY DEFERRED;


--
-- Name: teacher_assignment_file teacher_assignment_f_practical_assignment_cb7772cf_fk_practical; Type: FK CONSTRAINT; Schema: public; Owner: postgres
--

ALTER TABLE ONLY public.teacher_assignment_file
    ADD CONSTRAINT teacher_assignment_f_practical_assignment_cb7772cf_fk_practical FOREIGN KEY (practical_assignment_id) REFERENCES public.practical_assignment(id) DEFERRABLE INITIALLY DEFERRED;


--
-- Name: teacher_assignment_file teacher_assignment_file_uploaded_by_id_2bf4186a_fk_user_id; Type: FK CONSTRAINT; Schema: public; Owner: postgres
--

ALTER TABLE ONLY public.teacher_assignment_file
    ADD CONSTRAINT teacher_assignment_file_uploaded_by_id_2bf4186a_fk_user_id FOREIGN KEY (uploaded_by_id) REFERENCES public."user"(id) DEFERRABLE INITIALLY DEFERRED;


--
-- Name: test test_lecture_id_31ebf79a_fk_lecture_id; Type: FK CONSTRAINT; Schema: public; Owner: postgres
--

ALTER TABLE ONLY public.test
    ADD CONSTRAINT test_lecture_id_31ebf79a_fk_lecture_id FOREIGN KEY (lecture_id) REFERENCES public.lecture(id) DEFERRABLE INITIALLY DEFERRED;


--
-- Name: test_result test_result_test_id_de0c0a88_fk_test_id; Type: FK CONSTRAINT; Schema: public; Owner: postgres
--

ALTER TABLE ONLY public.test_result
    ADD CONSTRAINT test_result_test_id_de0c0a88_fk_test_id FOREIGN KEY (test_id) REFERENCES public.test(id) DEFERRABLE INITIALLY DEFERRED;


--
-- Name: test_result test_result_user_id_42e76a6b_fk_user_id; Type: FK CONSTRAINT; Schema: public; Owner: postgres
--

ALTER TABLE ONLY public.test_result
    ADD CONSTRAINT test_result_user_id_42e76a6b_fk_user_id FOREIGN KEY (user_id) REFERENCES public."user"(id) DEFERRABLE INITIALLY DEFERRED;


--
-- Name: user_answer user_answer_question_id_62eab67d_fk_question_id; Type: FK CONSTRAINT; Schema: public; Owner: postgres
--

ALTER TABLE ONLY public.user_answer
    ADD CONSTRAINT user_answer_question_id_62eab67d_fk_question_id FOREIGN KEY (question_id) REFERENCES public.question(id) DEFERRABLE INITIALLY DEFERRED;


--
-- Name: user_answer user_answer_user_id_c5d32cc6_fk_user_id; Type: FK CONSTRAINT; Schema: public; Owner: postgres
--

ALTER TABLE ONLY public.user_answer
    ADD CONSTRAINT user_answer_user_id_c5d32cc6_fk_user_id FOREIGN KEY (user_id) REFERENCES public."user"(id) DEFERRABLE INITIALLY DEFERRED;


--
-- Name: user_course user_course_course_id_01715d98_fk_course_id; Type: FK CONSTRAINT; Schema: public; Owner: postgres
--

ALTER TABLE ONLY public.user_course
    ADD CONSTRAINT user_course_course_id_01715d98_fk_course_id FOREIGN KEY (course_id) REFERENCES public.course(id) DEFERRABLE INITIALLY DEFERRED;


--
-- Name: user_course user_course_user_id_496a571e_fk_user_id; Type: FK CONSTRAINT; Schema: public; Owner: postgres
--

ALTER TABLE ONLY public.user_course
    ADD CONSTRAINT user_course_user_id_496a571e_fk_user_id FOREIGN KEY (user_id) REFERENCES public."user"(id) DEFERRABLE INITIALLY DEFERRED;


--
-- Name: user_groups user_groups_group_id_b76f8aba_fk_auth_group_id; Type: FK CONSTRAINT; Schema: public; Owner: postgres
--

ALTER TABLE ONLY public.user_groups
    ADD CONSTRAINT user_groups_group_id_b76f8aba_fk_auth_group_id FOREIGN KEY (group_id) REFERENCES public.auth_group(id) DEFERRABLE INITIALLY DEFERRED;


--
-- Name: user_groups user_groups_user_id_abaea130_fk_user_id; Type: FK CONSTRAINT; Schema: public; Owner: postgres
--

ALTER TABLE ONLY public.user_groups
    ADD CONSTRAINT user_groups_user_id_abaea130_fk_user_id FOREIGN KEY (user_id) REFERENCES public."user"(id) DEFERRABLE INITIALLY DEFERRED;


--
-- Name: user_matching_answer user_matching_answer_matching_pair_id_c1596c76_fk_matching_; Type: FK CONSTRAINT; Schema: public; Owner: postgres
--

ALTER TABLE ONLY public.user_matching_answer
    ADD CONSTRAINT user_matching_answer_matching_pair_id_c1596c76_fk_matching_ FOREIGN KEY (matching_pair_id) REFERENCES public.matching_pair(id) DEFERRABLE INITIALLY DEFERRED;


--
-- Name: user_matching_answer user_matching_answer_user_answer_id_d6d41324_fk_user_answer_id; Type: FK CONSTRAINT; Schema: public; Owner: postgres
--

ALTER TABLE ONLY public.user_matching_answer
    ADD CONSTRAINT user_matching_answer_user_answer_id_d6d41324_fk_user_answer_id FOREIGN KEY (user_answer_id) REFERENCES public.user_answer(id) DEFERRABLE INITIALLY DEFERRED;


--
-- Name: user_practical_assignment user_practical_assig_practical_assignment_5ed6e43d_fk_practical; Type: FK CONSTRAINT; Schema: public; Owner: postgres
--

ALTER TABLE ONLY public.user_practical_assignment
    ADD CONSTRAINT user_practical_assig_practical_assignment_5ed6e43d_fk_practical FOREIGN KEY (practical_assignment_id) REFERENCES public.practical_assignment(id) DEFERRABLE INITIALLY DEFERRED;


--
-- Name: user_practical_assignment user_practical_assig_submission_status_id_db7a08be_fk_assignmen; Type: FK CONSTRAINT; Schema: public; Owner: postgres
--

ALTER TABLE ONLY public.user_practical_assignment
    ADD CONSTRAINT user_practical_assig_submission_status_id_db7a08be_fk_assignmen FOREIGN KEY (submission_status_id) REFERENCES public.assignment_status(id) DEFERRABLE INITIALLY DEFERRED;


--
-- Name: user_practical_assignment user_practical_assignment_user_id_ebf31370_fk_user_id; Type: FK CONSTRAINT; Schema: public; Owner: postgres
--

ALTER TABLE ONLY public.user_practical_assignment
    ADD CONSTRAINT user_practical_assignment_user_id_ebf31370_fk_user_id FOREIGN KEY (user_id) REFERENCES public."user"(id) DEFERRABLE INITIALLY DEFERRED;


--
-- Name: user user_role_id_c3a87a3d_fk_role_id; Type: FK CONSTRAINT; Schema: public; Owner: postgres
--

ALTER TABLE ONLY public."user"
    ADD CONSTRAINT user_role_id_c3a87a3d_fk_role_id FOREIGN KEY (role_id) REFERENCES public.role(id) DEFERRABLE INITIALLY DEFERRED;


--
-- Name: user_selected_choice user_selected_choice_choice_option_id_a2738e8a_fk_choice_op; Type: FK CONSTRAINT; Schema: public; Owner: postgres
--

ALTER TABLE ONLY public.user_selected_choice
    ADD CONSTRAINT user_selected_choice_choice_option_id_a2738e8a_fk_choice_op FOREIGN KEY (choice_option_id) REFERENCES public.choice_option(id) DEFERRABLE INITIALLY DEFERRED;


--
-- Name: user_selected_choice user_selected_choice_user_answer_id_1f8ac803_fk_user_answer_id; Type: FK CONSTRAINT; Schema: public; Owner: postgres
--

ALTER TABLE ONLY public.user_selected_choice
    ADD CONSTRAINT user_selected_choice_user_answer_id_1f8ac803_fk_user_answer_id FOREIGN KEY (user_answer_id) REFERENCES public.user_answer(id) DEFERRABLE INITIALLY DEFERRED;


--
-- Name: user_user_permissions user_user_permission_permission_id_9deb68a3_fk_auth_perm; Type: FK CONSTRAINT; Schema: public; Owner: postgres
--

ALTER TABLE ONLY public.user_user_permissions
    ADD CONSTRAINT user_user_permission_permission_id_9deb68a3_fk_auth_perm FOREIGN KEY (permission_id) REFERENCES public.auth_permission(id) DEFERRABLE INITIALLY DEFERRED;


--
-- Name: user_user_permissions user_user_permissions_user_id_ed4a47ea_fk_user_id; Type: FK CONSTRAINT; Schema: public; Owner: postgres
--

ALTER TABLE ONLY public.user_user_permissions
    ADD CONSTRAINT user_user_permissions_user_id_ed4a47ea_fk_user_id FOREIGN KEY (user_id) REFERENCES public."user"(id) DEFERRABLE INITIALLY DEFERRED;


--
-- PostgreSQL database dump complete
--

